event_date;close_price_usd
2017-10-18 00:00:00 UTC;0,0268299505
2017-10-19 00:00:00 UTC;0,0302996062
2017-10-20 00:00:00 UTC;0,0285879626
2017-10-21 00:00:00 UTC;0,0277960384
2017-10-22 00:00:00 UTC;0,0260451259
2017-10-23 00:00:00 UTC;0,0274174030
2017-10-24 00:00:00 UTC;0,0272693016
2017-10-25 00:00:00 UTC;0,0265914004
2017-10-26 00:00:00 UTC;0,0265096215
2017-10-27 00:00:00 UTC;0,0259764128
2017-10-28 00:00:00 UTC;0,0283520354
2017-10-29 00:00:00 UTC;0,0283854075
2017-10-30 00:00:00 UTC;0,0302510953
2017-10-31 00:00:00 UTC;0,0230960362
2017-11-01 00:00:00 UTC;0,0213205775
2017-11-02 00:00:00 UTC;0,0227894259
2017-11-03 00:00:00 UTC;0,0218020789
2017-11-04 00:00:00 UTC;0,0220263158
2017-11-05 00:00:00 UTC;0,0223035647
2017-11-06 00:00:00 UTC;0,0222885657
2017-11-07 00:00:00 UTC;0,0251463483
2017-11-08 00:00:00 UTC;0,0327694951
2017-11-09 00:00:00 UTC;0,0272930427
2017-11-10 00:00:00 UTC;0,0274985187
2017-11-11 00:00:00 UTC;0,0245216509
2017-11-12 00:00:00 UTC;0,0251142874
2017-11-13 00:00:00 UTC;0,0262283053
2017-11-14 00:00:00 UTC;0,0260145533
2017-11-15 00:00:00 UTC;0,0271062720
2017-11-16 00:00:00 UTC;0,0259167532
2017-11-17 00:00:00 UTC;0,0265277202
2017-11-18 00:00:00 UTC;0,0277212109
2017-11-19 00:00:00 UTC;0,0300027359
2017-11-20 00:00:00 UTC;0,0285982155
2017-11-21 00:00:00 UTC;0,0287315492
2017-11-22 00:00:00 UTC;0,0279406666
2017-11-23 00:00:00 UTC;0,0285119374
2017-11-24 00:00:00 UTC;0,0306147876
2017-11-25 00:00:00 UTC;0,0385478736
2017-11-26 00:00:00 UTC;0,0504690380
2017-11-27 00:00:00 UTC;0,1207256835
2017-11-28 00:00:00 UTC;0,0926358699
2017-11-29 00:00:00 UTC;0,1240647110
2017-11-30 00:00:00 UTC;0,1308491103
2017-12-01 00:00:00 UTC;0,1352900458
2017-12-02 00:00:00 UTC;0,1319285454
2017-12-03 00:00:00 UTC;0,1363182299
2017-12-04 00:00:00 UTC;0,1312660707
2017-12-05 00:00:00 UTC;0,1289980058
2017-12-06 00:00:00 UTC;0,1134997757
2017-12-07 00:00:00 UTC;0,1197711105
2017-12-08 00:00:00 UTC;0,1220696802
2017-12-09 00:00:00 UTC;0,1107531798
2017-12-10 00:00:00 UTC;0,1201683048
2017-12-11 00:00:00 UTC;0,1335739023
2017-12-12 00:00:00 UTC;0,1343765017
2017-12-13 00:00:00 UTC;0,2170113593
2017-12-14 00:00:00 UTC;0,2176344095
2017-12-15 00:00:00 UTC;0,4082044481
2017-12-16 00:00:00 UTC;0,4755894827
2017-12-17 00:00:00 UTC;0,5068948652
2017-12-18 00:00:00 UTC;0,5478312463
2017-12-19 00:00:00 UTC;0,4922967441
2017-12-20 00:00:00 UTC;0,4979340778
2017-12-21 00:00:00 UTC;0,4146171188
2017-12-22 00:00:00 UTC;0,4363737804
2017-12-23 00:00:00 UTC;0,4066431446
2017-12-24 00:00:00 UTC;0,4246643769
2017-12-25 00:00:00 UTC;0,4497568805
2017-12-26 00:00:00 UTC;0,4305596571
2017-12-27 00:00:00 UTC;0,4295054020
2017-12-28 00:00:00 UTC;0,5453090436
2017-12-29 00:00:00 UTC;0,6785792910
2017-12-30 00:00:00 UTC;0,7676346038
2017-12-31 00:00:00 UTC;0,7471404236
2018-01-01 00:00:00 UTC;0,8074302509
2018-01-02 00:00:00 UTC;1,0754011012
2018-01-03 00:00:00 UTC;1,1793470150
2018-01-04 00:00:00 UTC;1,0778211835
2018-01-05 00:00:00 UTC;1,0937801725
2018-01-06 00:00:00 UTC;1,0528536805
2018-01-07 00:00:00 UTC;0,9418999315
2018-01-08 00:00:00 UTC;0,8662015397
2018-01-09 00:00:00 UTC;0,8164417056
2018-01-10 00:00:00 UTC;0,7274617293
2018-01-11 00:00:00 UTC;0,9623286418
2018-01-12 00:00:00 UTC;0,9379071856
2018-01-13 00:00:00 UTC;0,8418895266
2018-01-14 00:00:00 UTC;0,8224040745
2018-01-15 00:00:00 UTC;0,6382177392
2018-01-16 00:00:00 UTC;0,6495671614
2018-01-17 00:00:00 UTC;0,6713561272
2018-01-18 00:00:00 UTC;0,6657514508
2018-01-19 00:00:00 UTC;0,7340009347
2018-01-20 00:00:00 UTC;0,6290330818
2018-01-21 00:00:00 UTC;0,5813511690
2018-01-22 00:00:00 UTC;0,5648508618
2018-01-23 00:00:00 UTC;0,6248776332
2018-01-24 00:00:00 UTC;0,6396383272
2018-01-25 00:00:00 UTC;0,6206010252
2018-01-26 00:00:00 UTC;0,6254637217
2018-01-27 00:00:00 UTC;0,6305763665
2018-01-28 00:00:00 UTC;0,5924707176
2018-01-29 00:00:00 UTC;0,5879492075
2018-01-30 00:00:00 UTC;0,5017165695
2018-01-31 00:00:00 UTC;0,5097459560
2018-02-01 00:00:00 UTC;0,3865274951
2018-02-02 00:00:00 UTC;0,3908061195
2018-02-03 00:00:00 UTC;0,4505553445
2018-02-04 00:00:00 UTC;0,3813606219
2018-02-05 00:00:00 UTC;0,3184447399
2018-02-06 00:00:00 UTC;0,3475705859
2018-02-07 00:00:00 UTC;0,3358621483
2018-02-08 00:00:00 UTC;0,3428824186
2018-02-09 00:00:00 UTC;0,3881784861
2018-02-10 00:00:00 UTC;0,3726785098
2018-02-11 00:00:00 UTC;0,3578544592
2018-02-12 00:00:00 UTC;0,3660671240
2018-02-13 00:00:00 UTC;0,3522635184
2018-02-14 00:00:00 UTC;0,3844627605
2018-02-15 00:00:00 UTC;0,3920909011
2018-02-16 00:00:00 UTC;0,3941070270
2018-02-17 00:00:00 UTC;0,4043359460
2018-02-18 00:00:00 UTC;0,3664382166
2018-02-19 00:00:00 UTC;0,3756632354
2018-02-20 00:00:00 UTC;0,3507353489
2018-02-21 00:00:00 UTC;0,3373298720
2018-02-22 00:00:00 UTC;0,3110289415
2018-02-23 00:00:00 UTC;0,3284882398
2018-02-24 00:00:00 UTC;0,3030229609
2018-02-25 00:00:00 UTC;0,3288682541
2018-02-26 00:00:00 UTC;0,3245343533
2018-02-27 00:00:00 UTC;0,3280530859
2018-02-28 00:00:00 UTC;0,3018433530
2018-03-01 00:00:00 UTC;0,2975697990
2018-03-02 00:00:00 UTC;0,2932037574
2018-03-03 00:00:00 UTC;0,2959134201
2018-03-04 00:00:00 UTC;0,2949477477
2018-03-05 00:00:00 UTC;0,2928957410
2018-03-06 00:00:00 UTC;0,2789908612
2018-03-07 00:00:00 UTC;0,2427457541
2018-03-08 00:00:00 UTC;0,2155448677
2018-03-09 00:00:00 UTC;0,2234229363
2018-03-10 00:00:00 UTC;0,2038164320
2018-03-11 00:00:00 UTC;0,2182023494
2018-03-12 00:00:00 UTC;0,2250123678
2018-03-13 00:00:00 UTC;0,2241150343
2018-03-14 00:00:00 UTC;0,2007678454
2018-03-15 00:00:00 UTC;0,1874365593
2018-03-16 00:00:00 UTC;0,1790026425
2018-03-17 00:00:00 UTC;0,1541260607
2018-03-18 00:00:00 UTC;0,1584811739
2018-03-19 00:00:00 UTC;0,1981719718
2018-03-20 00:00:00 UTC;0,2050155031
2018-03-21 00:00:00 UTC;0,2143157692
2018-03-22 00:00:00 UTC;0,2032556372
2018-03-23 00:00:00 UTC;0,1876046657
2018-03-24 00:00:00 UTC;0,1885562893
2018-03-25 00:00:00 UTC;0,1843114834
2018-03-26 00:00:00 UTC;0,1671326870
2018-03-27 00:00:00 UTC;0,1552543502
2018-03-28 00:00:00 UTC;0,1599261867
2018-03-29 00:00:00 UTC;0,1427402904
2018-03-30 00:00:00 UTC;0,1473554109
2018-03-31 00:00:00 UTC;0,1568047756
2018-04-01 00:00:00 UTC;0,1519086594
2018-04-02 00:00:00 UTC;0,1571400846
2018-04-03 00:00:00 UTC;0,1722385767
2018-04-04 00:00:00 UTC;0,1564881606
2018-04-05 00:00:00 UTC;0,1490363865
2018-04-06 00:00:00 UTC;0,1448951662
2018-04-07 00:00:00 UTC;0,1486040449
2018-04-08 00:00:00 UTC;0,1566746822
2018-04-09 00:00:00 UTC;0,1530095492
2018-04-10 00:00:00 UTC;0,1564943708
2018-04-11 00:00:00 UTC;0,1654396195
2018-04-12 00:00:00 UTC;0,2117368767
2018-04-13 00:00:00 UTC;0,1990240834
2018-04-14 00:00:00 UTC;0,1994904365
2018-04-15 00:00:00 UTC;0,2207718892
2018-04-16 00:00:00 UTC;0,2556752439
2018-04-17 00:00:00 UTC;0,2432386954
2018-04-18 00:00:00 UTC;0,2596165250
2018-04-19 00:00:00 UTC;0,2712559798
2018-04-20 00:00:00 UTC;0,3061720834
2018-04-21 00:00:00 UTC;0,2881349998
2018-04-22 00:00:00 UTC;0,2847060990
2018-04-23 00:00:00 UTC;0,2868710619
2018-04-24 00:00:00 UTC;0,3114908360
2018-04-25 00:00:00 UTC;0,2719942668
2018-04-26 00:00:00 UTC;0,2939630066
2018-04-27 00:00:00 UTC;0,2877023020
2018-04-28 00:00:00 UTC;0,3561479574
2018-04-29 00:00:00 UTC;0,3628546922
2018-04-30 00:00:00 UTC;0,3426895323
2018-05-01 00:00:00 UTC;0,3555868115
2018-05-02 00:00:00 UTC;0,3697999016
2018-05-03 00:00:00 UTC;0,3716022849
2018-05-04 00:00:00 UTC;0,3595956117
2018-05-05 00:00:00 UTC;0,3647520944
2018-05-06 00:00:00 UTC;0,3491619354
2018-05-07 00:00:00 UTC;0,3342777658
2018-05-08 00:00:00 UTC;0,3261104914
2018-05-09 00:00:00 UTC;0,3158586516
2018-05-10 00:00:00 UTC;0,2963845185
2018-05-11 00:00:00 UTC;0,2610374744
2018-05-12 00:00:00 UTC;0,2708306249
2018-05-13 00:00:00 UTC;0,2843473025
2018-05-14 00:00:00 UTC;0,2739241458
2018-05-15 00:00:00 UTC;0,2585003374
2018-05-16 00:00:00 UTC;0,2561538307
2018-05-17 00:00:00 UTC;0,2389939127
2018-05-18 00:00:00 UTC;0,2451142083
2018-05-19 00:00:00 UTC;0,2417349162
2018-05-20 00:00:00 UTC;0,2551902703
2018-05-21 00:00:00 UTC;0,2481823747
2018-05-22 00:00:00 UTC;0,2210889711
2018-05-23 00:00:00 UTC;0,2032873141
2018-05-24 00:00:00 UTC;0,2090279244
2018-05-25 00:00:00 UTC;0,2005295387
2018-05-26 00:00:00 UTC;0,1969138965
2018-05-27 00:00:00 UTC;0,1933974339
2018-05-28 00:00:00 UTC;0,1750654643
2018-05-29 00:00:00 UTC;0,2031854365
2018-05-30 00:00:00 UTC;0,2107576789
2018-05-31 00:00:00 UTC;0,2242695263
2018-06-01 00:00:00 UTC;0,2219725488
2018-06-02 00:00:00 UTC;0,2261981474
2018-06-03 00:00:00 UTC;0,2269245514
2018-06-04 00:00:00 UTC;0,2134507510
2018-06-05 00:00:00 UTC;0,2196238117
2018-06-06 00:00:00 UTC;0,2149891757
2018-06-07 00:00:00 UTC;0,2095674427
2018-06-08 00:00:00 UTC;0,2041922478
2018-06-09 00:00:00 UTC;0,1991769357
2018-06-10 00:00:00 UTC;0,1762202155
2018-06-11 00:00:00 UTC;0,1810766200
2018-06-12 00:00:00 UTC;0,1659544762
2018-06-13 00:00:00 UTC;0,1604922926
2018-06-14 00:00:00 UTC;0,1719793362
2018-06-15 00:00:00 UTC;0,1623496157
2018-06-16 00:00:00 UTC;0,1623877217
2018-06-17 00:00:00 UTC;0,1602539029
2018-06-18 00:00:00 UTC;0,1637004542
2018-06-19 00:00:00 UTC;0,1664604317
2018-06-20 00:00:00 UTC;0,1616280401
2018-06-21 00:00:00 UTC;0,1578754225
2018-06-22 00:00:00 UTC;0,1410637548
2018-06-23 00:00:00 UTC;0,1386785541
2018-06-24 00:00:00 UTC;0,1322168771
2018-06-25 00:00:00 UTC;0,1355493317
2018-06-26 00:00:00 UTC;0,1260608584
2018-06-27 00:00:00 UTC;0,1274658794
2018-06-28 00:00:00 UTC;0,1188515284
2018-06-29 00:00:00 UTC;0,1255131072
2018-06-30 00:00:00 UTC;0,1372925774
2018-07-01 00:00:00 UTC;0,1414144247
2018-07-02 00:00:00 UTC;0,1535389871
2018-07-03 00:00:00 UTC;0,1498951454
2018-07-04 00:00:00 UTC;0,1512356605
2018-07-05 00:00:00 UTC;0,1474713320
2018-07-06 00:00:00 UTC;0,1455902052
2018-07-07 00:00:00 UTC;0,1477036527
2018-07-08 00:00:00 UTC;0,1448650428
2018-07-09 00:00:00 UTC;0,1394695140
2018-07-10 00:00:00 UTC;0,1286736994
2018-07-11 00:00:00 UTC;0,1311140231
2018-07-12 00:00:00 UTC;0,1272804261
2018-07-13 00:00:00 UTC;0,1376022976
2018-07-14 00:00:00 UTC;0,1366536162
2018-07-15 00:00:00 UTC;0,1421416624
2018-07-16 00:00:00 UTC;0,1584636451
2018-07-17 00:00:00 UTC;0,1706422912
2018-07-18 00:00:00 UTC;0,1801357738
2018-07-19 00:00:00 UTC;0,1809201890
2018-07-20 00:00:00 UTC;0,1618191452
2018-07-21 00:00:00 UTC;0,1635240667
2018-07-22 00:00:00 UTC;0,1695316282
2018-07-23 00:00:00 UTC;0,1637883994
2018-07-24 00:00:00 UTC;0,1730741443
2018-07-25 00:00:00 UTC;0,1723603001
2018-07-26 00:00:00 UTC;0,1639343644
2018-07-27 00:00:00 UTC;0,1654180531
2018-07-28 00:00:00 UTC;0,1637458997
2018-07-29 00:00:00 UTC;0,1628016381
2018-07-30 00:00:00 UTC;0,1534984163
2018-07-31 00:00:00 UTC;0,1427419070
2018-08-01 00:00:00 UTC;0,1408676533
2018-08-02 00:00:00 UTC;0,1317439979
2018-08-03 00:00:00 UTC;0,1303044903
2018-08-04 00:00:00 UTC;0,1269655436
2018-08-05 00:00:00 UTC;0,1309774250
2018-08-06 00:00:00 UTC;0,1305304329
2018-08-07 00:00:00 UTC;0,1251330488
2018-08-08 00:00:00 UTC;0,1147726741
2018-08-09 00:00:00 UTC;0,1236529958
2018-08-10 00:00:00 UTC;0,1155122572
2018-08-11 00:00:00 UTC;0,1110923489
2018-08-12 00:00:00 UTC;0,1125073865
2018-08-13 00:00:00 UTC;0,0979488589
2018-08-14 00:00:00 UTC;0,0955189436
2018-08-15 00:00:00 UTC;0,0944388031
2018-08-16 00:00:00 UTC;0,0949087602
2018-08-17 00:00:00 UTC;0,1094253616
2018-08-18 00:00:00 UTC;0,0991600149
2018-08-19 00:00:00 UTC;0,1022670719
2018-08-20 00:00:00 UTC;0,0928752704
2018-08-21 00:00:00 UTC;0,0949396241
2018-08-22 00:00:00 UTC;0,0900168271
2018-08-23 00:00:00 UTC;0,0924711089
2018-08-24 00:00:00 UTC;0,0942300355
2018-08-25 00:00:00 UTC;0,0944283379
2018-08-26 00:00:00 UTC;0,0931538560
2018-08-27 00:00:00 UTC;0,1004999625
2018-08-28 00:00:00 UTC;0,1056342165
2018-08-29 00:00:00 UTC;0,1056284672
2018-08-30 00:00:00 UTC;0,1008810600
2018-08-31 00:00:00 UTC;0,1022482306
2018-09-01 00:00:00 UTC;0,1072086227
2018-09-02 00:00:00 UTC;0,1056834312
2018-09-03 00:00:00 UTC;0,1034821227
2018-09-04 00:00:00 UTC;0,1052769029
2018-09-05 00:00:00 UTC;0,0871235655
2018-09-06 00:00:00 UTC;0,0884180632
2018-09-07 00:00:00 UTC;0,0837020290
2018-09-08 00:00:00 UTC;0,0780370953
2018-09-09 00:00:00 UTC;0,0768909029
2018-09-10 00:00:00 UTC;0,0734584376
2018-09-11 00:00:00 UTC;0,0704811411
2018-09-12 00:00:00 UTC;0,0667316146
2018-09-13 00:00:00 UTC;0,0698432859
2018-09-14 00:00:00 UTC;0,0678424158
2018-09-15 00:00:00 UTC;0,0690253419
2018-09-16 00:00:00 UTC;0,0697175823
2018-09-17 00:00:00 UTC;0,0635816860
2018-09-18 00:00:00 UTC;0,0692661319
2018-09-19 00:00:00 UTC;0,0725586290
2018-09-20 00:00:00 UTC;0,0812295820
2018-09-21 00:00:00 UTC;0,0878343368
2018-09-22 00:00:00 UTC;0,0837270128
2018-09-23 00:00:00 UTC;0,0900716409
2018-09-24 00:00:00 UTC;0,0822716692
2018-09-25 00:00:00 UTC;0,0810445501
2018-09-26 00:00:00 UTC;0,0791013666
2018-09-27 00:00:00 UTC;0,0863947869
2018-09-28 00:00:00 UTC;0,0839182580
2018-09-29 00:00:00 UTC;0,0844791630
2018-09-30 00:00:00 UTC;0,0853287525
2018-10-01 00:00:00 UTC;0,0846249845
2018-10-02 00:00:00 UTC;0,0824345644
2018-10-03 00:00:00 UTC;0,0808646037
2018-10-04 00:00:00 UTC;0,0815590736
2018-10-05 00:00:00 UTC;0,0831663426
2018-10-06 00:00:00 UTC;0,0814802087
2018-10-07 00:00:00 UTC;0,0847271278
2018-10-08 00:00:00 UTC;0,0868896132
2018-10-09 00:00:00 UTC;0,0864310853
2018-10-10 00:00:00 UTC;0,0847487345
2018-10-11 00:00:00 UTC;0,0709346571
2018-10-12 00:00:00 UTC;0,0732186048
2018-10-13 00:00:00 UTC;0,0736979523
2018-10-14 00:00:00 UTC;0,0714689404
2018-10-15 00:00:00 UTC;0,0756133937
2018-10-16 00:00:00 UTC;0,0766199604
2018-10-17 00:00:00 UTC;0,0787782010
2018-10-18 00:00:00 UTC;0,0757201109
2018-10-19 00:00:00 UTC;0,0763086047
2018-10-20 00:00:00 UTC;0,0771772838
2018-10-21 00:00:00 UTC;0,0765435805
2018-10-22 00:00:00 UTC;0,0765895219
2018-10-23 00:00:00 UTC;0,0749938566
2018-10-24 00:00:00 UTC;0,0745930411
2018-10-25 00:00:00 UTC;0,0742364304
2018-10-26 00:00:00 UTC;0,0741450680
2018-10-27 00:00:00 UTC;0,0732299603
2018-10-28 00:00:00 UTC;0,0735495957
2018-10-29 00:00:00 UTC;0,0696786032
2018-10-30 00:00:00 UTC;0,0699683464
2018-10-31 00:00:00 UTC;0,0704983785
2018-11-01 00:00:00 UTC;0,0710801316
2018-11-02 00:00:00 UTC;0,0730874881
2018-11-03 00:00:00 UTC;0,0716949901
2018-11-04 00:00:00 UTC;0,0749256890
2018-11-05 00:00:00 UTC;0,0762966624
2018-11-06 00:00:00 UTC;0,0809405897
2018-11-07 00:00:00 UTC;0,0789417249
2018-11-08 00:00:00 UTC;0,0768346197
2018-11-09 00:00:00 UTC;0,0746065872
2018-11-10 00:00:00 UTC;0,0751982756
2018-11-11 00:00:00 UTC;0,0767912647
2018-11-12 00:00:00 UTC;0,0763809309
2018-11-13 00:00:00 UTC;0,0741775716
2018-11-14 00:00:00 UTC;0,0649954475
2018-11-15 00:00:00 UTC;0,0636681270
2018-11-16 00:00:00 UTC;0,0613687392
2018-11-17 00:00:00 UTC;0,0611033527
2018-11-18 00:00:00 UTC;0,0621695060
2018-11-19 00:00:00 UTC;0,0527018159
2018-11-20 00:00:00 UTC;0,0457692241
2018-11-21 00:00:00 UTC;0,0481939644
2018-11-22 00:00:00 UTC;0,0440658036
2018-11-23 00:00:00 UTC;0,0442455182
2018-11-24 00:00:00 UTC;0,0387077376
2018-11-25 00:00:00 UTC;0,0380205910
2018-11-26 00:00:00 UTC;0,0360387615
2018-11-27 00:00:00 UTC;0,0367235793
2018-11-28 00:00:00 UTC;0,0420626856
2018-11-29 00:00:00 UTC;0,0420110973
2018-11-30 00:00:00 UTC;0,0391697268
2018-12-01 00:00:00 UTC;0,0414186903
2018-12-02 00:00:00 UTC;0,0417081579
2018-12-03 00:00:00 UTC;0,0387146602
2018-12-04 00:00:00 UTC;0,0376357300
2018-12-05 00:00:00 UTC;0,0342597670
2018-12-06 00:00:00 UTC;0,0303420941
2018-12-07 00:00:00 UTC;0,0298466305
2018-12-08 00:00:00 UTC;0,0302567311
2018-12-09 00:00:00 UTC;0,0313013678
2018-12-10 00:00:00 UTC;0,0297739413
2018-12-11 00:00:00 UTC;0,0293182723
2018-12-12 00:00:00 UTC;0,0303146757
2018-12-13 00:00:00 UTC;0,0291062422
2018-12-14 00:00:00 UTC;0,0283125278
2018-12-15 00:00:00 UTC;0,0275964833
2018-12-16 00:00:00 UTC;0,0289341911
2018-12-17 00:00:00 UTC;0,0322617922
2018-12-18 00:00:00 UTC;0,0342617249
2018-12-19 00:00:00 UTC;0,0346008728
2018-12-20 00:00:00 UTC;0,0389193976
2018-12-21 00:00:00 UTC;0,0404302816
2018-12-22 00:00:00 UTC;0,0416387586
2018-12-23 00:00:00 UTC;0,0437865565
2018-12-24 00:00:00 UTC;0,0449055787
2018-12-25 00:00:00 UTC;0,0408300147
2018-12-26 00:00:00 UTC;0,0404303946
2018-12-27 00:00:00 UTC;0,0371954959
2018-12-28 00:00:00 UTC;0,0410550346
2018-12-29 00:00:00 UTC;0,0407173902
2018-12-30 00:00:00 UTC;0,0427745343
2018-12-31 00:00:00 UTC;0,0403667378
2019-01-01 00:00:00 UTC;0,0419657365
2019-01-02 00:00:00 UTC;0,0446501941
2019-01-03 00:00:00 UTC;0,0419634129
2019-01-04 00:00:00 UTC;0,0432231702
2019-01-05 00:00:00 UTC;0,0441300219
2019-01-06 00:00:00 UTC;0,0484299670
2019-01-07 00:00:00 UTC;0,0474792791
2019-01-08 00:00:00 UTC;0,0478577283
2019-01-09 00:00:00 UTC;0,0516773261
2019-01-10 00:00:00 UTC;0,0439328881
2019-01-11 00:00:00 UTC;0,0434540852
2019-01-12 00:00:00 UTC;0,0430583544
2019-01-13 00:00:00 UTC;0,0397225311
2019-01-14 00:00:00 UTC;0,0434166516
2019-01-15 00:00:00 UTC;0,0422087673
2019-01-16 00:00:00 UTC;0,0442119784
2019-01-17 00:00:00 UTC;0,0447632872
2019-01-18 00:00:00 UTC;0,0436971422
2019-01-19 00:00:00 UTC;0,0451013167
2019-01-20 00:00:00 UTC;0,0428869065
2019-01-21 00:00:00 UTC;0,0425364994
2019-01-22 00:00:00 UTC;0,0432606936
2019-01-23 00:00:00 UTC;0,0426088914
2019-01-24 00:00:00 UTC;0,0427950238
2019-01-25 00:00:00 UTC;0,0423759321
2019-01-26 00:00:00 UTC;0,0423989211
2019-01-27 00:00:00 UTC;0,0408835916
2019-01-28 00:00:00 UTC;0,0384013214
2019-01-29 00:00:00 UTC;0,0378857039
2019-01-30 00:00:00 UTC;0,0394676232
2019-01-31 00:00:00 UTC;0,0382609172
2019-02-01 00:00:00 UTC;0,0385438520
2019-02-02 00:00:00 UTC;0,0390039961
2019-02-03 00:00:00 UTC;0,0381112781
2019-02-04 00:00:00 UTC;0,0378901436
2019-02-05 00:00:00 UTC;0,0380202776
2019-02-06 00:00:00 UTC;0,0366740336
2019-02-07 00:00:00 UTC;0,0363813778
2019-02-08 00:00:00 UTC;0,0406568767
2019-02-09 00:00:00 UTC;0,0411725573
2019-02-10 00:00:00 UTC;0,0426637760
2019-02-11 00:00:00 UTC;0,0416354813
2019-02-12 00:00:00 UTC;0,0416970508
2019-02-13 00:00:00 UTC;0,0409900859
2019-02-14 00:00:00 UTC;0,0403601890
2019-02-15 00:00:00 UTC;0,0404744229
2019-02-16 00:00:00 UTC;0,0409700045
2019-02-17 00:00:00 UTC;0,0415225450
2019-02-18 00:00:00 UTC;0,0453573964
2019-02-19 00:00:00 UTC;0,0459099862
2019-02-20 00:00:00 UTC;0,0473406670
2019-02-21 00:00:00 UTC;0,0448536142
2019-02-22 00:00:00 UTC;0,0458445123
2019-02-23 00:00:00 UTC;0,0482614479
2019-02-24 00:00:00 UTC;0,0417073655
2019-02-25 00:00:00 UTC;0,0434652600
2019-02-26 00:00:00 UTC;0,0428854531
2019-02-27 00:00:00 UTC;0,0429852366
2019-02-28 00:00:00 UTC;0,0427877915
2019-03-01 00:00:00 UTC;0,0429668631
2019-03-02 00:00:00 UTC;0,0423263017
2019-03-03 00:00:00 UTC;0,0420388129
2019-03-04 00:00:00 UTC;0,0402215167
2019-03-05 00:00:00 UTC;0,0428520331
2019-03-06 00:00:00 UTC;0,0424706535
2019-03-07 00:00:00 UTC;0,0426462912
2019-03-08 00:00:00 UTC;0,0423501416
2019-03-09 00:00:00 UTC;0,0466259181
2019-03-10 00:00:00 UTC;0,0454055903
2019-03-11 00:00:00 UTC;0,0472829713
2019-03-12 00:00:00 UTC;0,0472000523
2019-03-13 00:00:00 UTC;0,0461761009
2019-03-14 00:00:00 UTC;0,0476861466
2019-03-15 00:00:00 UTC;0,0497824631
2019-03-16 00:00:00 UTC;0,0511300591
2019-03-17 00:00:00 UTC;0,0493463396
2019-03-18 00:00:00 UTC;0,0499871268
2019-03-19 00:00:00 UTC;0,0519489827
2019-03-20 00:00:00 UTC;0,0533069796
2019-03-21 00:00:00 UTC;0,0526048513
2019-03-22 00:00:00 UTC;0,0577295204
2019-03-23 00:00:00 UTC;0,0634414655
2019-03-24 00:00:00 UTC;0,0609676333
2019-03-25 00:00:00 UTC;0,0585474822
2019-03-26 00:00:00 UTC;0,0615216647
2019-03-27 00:00:00 UTC;0,0669366921
2019-03-28 00:00:00 UTC;0,0655909221
2019-03-29 00:00:00 UTC;0,0715482984
2019-03-30 00:00:00 UTC;0,0719798170
2019-03-31 00:00:00 UTC;0,0699423197
2019-04-01 00:00:00 UTC;0,0721292849
2019-04-02 00:00:00 UTC;0,0852749680
2019-04-03 00:00:00 UTC;0,0903566057
2019-04-04 00:00:00 UTC;0,0869319244
2019-04-05 00:00:00 UTC;0,0904489373
2019-04-06 00:00:00 UTC;0,0897970796
2019-04-07 00:00:00 UTC;0,0901046906
2019-04-08 00:00:00 UTC;0,0865218300
2019-04-09 00:00:00 UTC;0,0832969918
2019-04-10 00:00:00 UTC;0,0895773321
2019-04-11 00:00:00 UTC;0,0830989735
2019-04-12 00:00:00 UTC;0,0831213250
2019-04-13 00:00:00 UTC;0,0833127711
2019-04-14 00:00:00 UTC;0,0844841140
2019-04-15 00:00:00 UTC;0,0819575290
2019-04-16 00:00:00 UTC;0,0832303766
2019-04-17 00:00:00 UTC;0,0827103405
2019-04-18 00:00:00 UTC;0,0814800554
2019-04-19 00:00:00 UTC;0,0791961554
2019-04-20 00:00:00 UTC;0,0761793248
2019-04-21 00:00:00 UTC;0,0738777372
2019-04-22 00:00:00 UTC;0,0778785200
2019-04-23 00:00:00 UTC;0,0741361074
2019-04-24 00:00:00 UTC;0,0724510915
2019-04-25 00:00:00 UTC;0,0694407489
2019-04-26 00:00:00 UTC;0,0692700566
2019-04-27 00:00:00 UTC;0,0701542810
2019-04-28 00:00:00 UTC;0,0684397795
2019-04-29 00:00:00 UTC;0,0643940728
2019-04-30 00:00:00 UTC;0,0696789333
2019-05-01 00:00:00 UTC;0,0685783439
2019-05-02 00:00:00 UTC;0,0680490395
2019-05-03 00:00:00 UTC;0,0693552028
2019-05-04 00:00:00 UTC;0,0665100936
2019-05-05 00:00:00 UTC;0,0656710027
2019-05-06 00:00:00 UTC;0,0664905658
2019-05-07 00:00:00 UTC;0,0634919572
2019-05-08 00:00:00 UTC;0,0642941936
2019-05-09 00:00:00 UTC;0,0616198478
2019-05-10 00:00:00 UTC;0,0631959162
2019-05-11 00:00:00 UTC;0,0761392022
2019-05-12 00:00:00 UTC;0,0702927357
2019-05-13 00:00:00 UTC;0,0727869514
2019-05-14 00:00:00 UTC;0,0842679996
2019-05-15 00:00:00 UTC;0,0938363051
2019-05-16 00:00:00 UTC;0,0878941751
2019-05-17 00:00:00 UTC;0,0836546706
2019-05-18 00:00:00 UTC;0,0791738634
2019-05-19 00:00:00 UTC;0,0864608086
2019-05-20 00:00:00 UTC;0,0849407015
2019-05-21 00:00:00 UTC;0,0843497467
2019-05-22 00:00:00 UTC;0,0778357757
2019-05-23 00:00:00 UTC;0,0803388054
2019-05-24 00:00:00 UTC;0,0807050329
2019-05-25 00:00:00 UTC;0,0803085937
2019-05-26 00:00:00 UTC;0,0857555860
2019-05-27 00:00:00 UTC;0,0912565176
2019-05-28 00:00:00 UTC;0,0929546583
2019-05-29 00:00:00 UTC;0,0908735029
2019-05-30 00:00:00 UTC;0,0846423752
2019-05-31 00:00:00 UTC;0,0896883039
2019-06-01 00:00:00 UTC;0,0907539297
2019-06-02 00:00:00 UTC;0,0964321099
2019-06-03 00:00:00 UTC;0,0885514949
2019-06-04 00:00:00 UTC;0,0828729583
2019-06-05 00:00:00 UTC;0,0828412569
2019-06-06 00:00:00 UTC;0,0836552801
2019-06-07 00:00:00 UTC;0,0855834839
2019-06-08 00:00:00 UTC;0,0844074130
2019-06-09 00:00:00 UTC;0,0788307357
2019-06-10 00:00:00 UTC;0,0856827361
2019-06-11 00:00:00 UTC;0,0878881670
2019-06-12 00:00:00 UTC;0,0965992452
2019-06-13 00:00:00 UTC;0,0899191774
2019-06-14 00:00:00 UTC;0,0902327013
2019-06-15 00:00:00 UTC;0,0915141698
2019-06-16 00:00:00 UTC;0,0922650506
2019-06-17 00:00:00 UTC;0,0933381638
2019-06-18 00:00:00 UTC;0,0896366944
2019-06-19 00:00:00 UTC;0,0901203461
2019-06-20 00:00:00 UTC;0,0883736020
2019-06-21 00:00:00 UTC;0,0896538986
2019-06-22 00:00:00 UTC;0,0945656038
2019-06-23 00:00:00 UTC;0,0968817947
2019-06-24 00:00:00 UTC;0,0981829677
2019-06-25 00:00:00 UTC;0,0966022533
2019-06-26 00:00:00 UTC;0,0973340479
2019-06-27 00:00:00 UTC;0,0869853451
2019-06-28 00:00:00 UTC;0,0889508423
2019-06-29 00:00:00 UTC;0,0902238122
2019-06-30 00:00:00 UTC;0,0827142382
2019-07-01 00:00:00 UTC;0,0834988848
2019-07-02 00:00:00 UTC;0,0807682090
2019-07-03 00:00:00 UTC;0,0827985287
2019-07-04 00:00:00 UTC;0,0788917745
2019-07-05 00:00:00 UTC;0,0764027158
2019-07-06 00:00:00 UTC;0,0773358356
2019-07-07 00:00:00 UTC;0,0799304741
2019-07-08 00:00:00 UTC;0,0805788503
2019-07-09 00:00:00 UTC;0,0780334779
2019-07-10 00:00:00 UTC;0,0722060265
2019-07-11 00:00:00 UTC;0,0654078993
2019-07-12 00:00:00 UTC;0,0696446683
2019-07-13 00:00:00 UTC;0,0672633655
2019-07-14 00:00:00 UTC;0,0590583216
2019-07-15 00:00:00 UTC;0,0585800642
2019-07-16 00:00:00 UTC;0,0520330186
2019-07-17 00:00:00 UTC;0,0552220808
2019-07-18 00:00:00 UTC;0,0585655727
2019-07-19 00:00:00 UTC;0,0598256870
2019-07-20 00:00:00 UTC;0,0629621278
2019-07-21 00:00:00 UTC;0,0612282711
2019-07-22 00:00:00 UTC;0,0599211944
2019-07-23 00:00:00 UTC;0,0555530747
2019-07-24 00:00:00 UTC;0,0563185309
2019-07-25 00:00:00 UTC;0,0583471672
2019-07-26 00:00:00 UTC;0,0625071268
2019-07-27 00:00:00 UTC;0,0599000829
2019-07-28 00:00:00 UTC;0,0594092865
2019-07-29 00:00:00 UTC;0,0603626869
2019-07-30 00:00:00 UTC;0,0598686267
2019-07-31 00:00:00 UTC;0,0601049644
2019-08-01 00:00:00 UTC;0,0586874966
2019-08-02 00:00:00 UTC;0,0574208480
2019-08-03 00:00:00 UTC;0,0576132011
2019-08-04 00:00:00 UTC;0,0562413516
2019-08-05 00:00:00 UTC;0,0563110388
2019-08-06 00:00:00 UTC;0,0534616855
2019-08-07 00:00:00 UTC;0,0518442186
2019-08-08 00:00:00 UTC;0,0521257305
2019-08-09 00:00:00 UTC;0,0476702199
2019-08-10 00:00:00 UTC;0,0519600815
2019-08-11 00:00:00 UTC;0,0550361166
2019-08-12 00:00:00 UTC;0,0529423045
2019-08-13 00:00:00 UTC;0,0527207224
2019-08-14 00:00:00 UTC;0,0471778225
2019-08-15 00:00:00 UTC;0,0474337257
2019-08-16 00:00:00 UTC;0,0468150487
2019-08-17 00:00:00 UTC;0,0475318429
2019-08-18 00:00:00 UTC;0,0505956592
2019-08-19 00:00:00 UTC;0,0501274149
2019-08-20 00:00:00 UTC;0,0491213405
2019-08-21 00:00:00 UTC;0,0473194916
2019-08-22 00:00:00 UTC;0,0492256831
2019-08-23 00:00:00 UTC;0,0496898943
2019-08-24 00:00:00 UTC;0,0501058131
2019-08-25 00:00:00 UTC;0,0495612249
2019-08-26 00:00:00 UTC;0,0496097231
2019-08-27 00:00:00 UTC;0,0498943869
2019-08-28 00:00:00 UTC;0,0458700371
2019-08-29 00:00:00 UTC;0,0446668218
2019-08-30 00:00:00 UTC;0,0448014111
2019-08-31 00:00:00 UTC;0,0447940658
2019-09-01 00:00:00 UTC;0,0444601639
2019-09-02 00:00:00 UTC;0,0451834140
2019-09-03 00:00:00 UTC;0,0466170998
2019-09-04 00:00:00 UTC;0,0454303219
2019-09-05 00:00:00 UTC;0,0444374093
2019-09-06 00:00:00 UTC;0,0441985897
2019-09-07 00:00:00 UTC;0,0459330820
2019-09-08 00:00:00 UTC;0,0465213177
2019-09-09 00:00:00 UTC;0,0467426746
2019-09-10 00:00:00 UTC;0,0464696186
2019-09-11 00:00:00 UTC;0,0450998054
2019-09-12 00:00:00 UTC;0,0455265211
2019-09-13 00:00:00 UTC;0,0457933557
2019-09-14 00:00:00 UTC;0,0464518230
2019-09-15 00:00:00 UTC;0,0466932378
2019-09-16 00:00:00 UTC;0,0471276420
2019-09-17 00:00:00 UTC;0,0489308717
2019-09-18 00:00:00 UTC;0,0528119066
2019-09-19 00:00:00 UTC;0,0524851694
2019-09-20 00:00:00 UTC;0,0522257955
2019-09-21 00:00:00 UTC;0,0517833482
2019-09-22 00:00:00 UTC;0,0491754369
2019-09-23 00:00:00 UTC;0,0463600139
2019-09-24 00:00:00 UTC;0,0383560364
2019-09-25 00:00:00 UTC;0,0391385709
2019-09-26 00:00:00 UTC;0,0382247048
2019-09-27 00:00:00 UTC;0,0392028796
2019-09-28 00:00:00 UTC;0,0387764713
2019-09-29 00:00:00 UTC;0,0372180646
2019-09-30 00:00:00 UTC;0,0388441728
2019-10-01 00:00:00 UTC;0,0383841267
2019-10-02 00:00:00 UTC;0,0393780616
2019-10-03 00:00:00 UTC;0,0383005505
2019-10-04 00:00:00 UTC;0,0392957202
2019-10-05 00:00:00 UTC;0,0397442248
2019-10-06 00:00:00 UTC;0,0388382012
2019-10-07 00:00:00 UTC;0,0413932445
2019-10-08 00:00:00 UTC;0,0411939408
2019-10-09 00:00:00 UTC;0,0424970835
2019-10-10 00:00:00 UTC;0,0417468672
2019-10-11 00:00:00 UTC;0,0402219977
2019-10-12 00:00:00 UTC;0,0404079957
2019-10-13 00:00:00 UTC;0,0411698750
2019-10-14 00:00:00 UTC;0,0417658252
2019-10-15 00:00:00 UTC;0,0396180492
2019-10-16 00:00:00 UTC;0,0385101274
2019-10-17 00:00:00 UTC;0,0393523566
2019-10-18 00:00:00 UTC;0,0380580691
2019-10-19 00:00:00 UTC;0,0389884896
2019-10-20 00:00:00 UTC;0,0394663144
2019-10-21 00:00:00 UTC;0,0392045149
2019-10-22 00:00:00 UTC;0,0386090955
2019-10-23 00:00:00 UTC;0,0364569496
2019-10-24 00:00:00 UTC;0,0373308354
2019-10-25 00:00:00 UTC;0,0412896910
2019-10-26 00:00:00 UTC;0,0405862822
2019-10-27 00:00:00 UTC;0,0422065731
2019-10-28 00:00:00 UTC;0,0421742741
2019-10-29 00:00:00 UTC;0,0433204887
2019-10-30 00:00:00 UTC;0,0417734730
2019-10-31 00:00:00 UTC;0,0412427936
2019-11-01 00:00:00 UTC;0,0421768224
2019-11-02 00:00:00 UTC;0,0424663950
2019-11-03 00:00:00 UTC;0,0417811142
2019-11-04 00:00:00 UTC;0,0430275303
2019-11-05 00:00:00 UTC;0,0440666050
2019-11-06 00:00:00 UTC;0,0447005828
2019-11-07 00:00:00 UTC;0,0434476343
2019-11-08 00:00:00 UTC;0,0422161842
2019-11-09 00:00:00 UTC;0,0423632446
2019-11-10 00:00:00 UTC;0,0438735960
2019-11-11 00:00:00 UTC;0,0431176360
2019-11-12 00:00:00 UTC;0,0436453273
2019-11-13 00:00:00 UTC;0,0433688627
2019-11-14 00:00:00 UTC;0,0427646709
2019-11-15 00:00:00 UTC;0,0439608743
2019-11-16 00:00:00 UTC;0,0439192687
2019-11-17 00:00:00 UTC;0,0449615149
2019-11-18 00:00:00 UTC;0,0431249204
2019-11-19 00:00:00 UTC;0,0421624511
2019-11-20 00:00:00 UTC;0,0410003233
2019-11-21 00:00:00 UTC;0,0384845549
2019-11-22 00:00:00 UTC;0,0371458941
2019-11-23 00:00:00 UTC;0,0380392480
2019-11-24 00:00:00 UTC;0,0351024347
2019-11-25 00:00:00 UTC;0,0359385914
2019-11-26 00:00:00 UTC;0,0366459403
2019-11-27 00:00:00 UTC;0,0389668220
2019-11-28 00:00:00 UTC;0,0390822067
2019-11-29 00:00:00 UTC;0,0410927363
2019-11-30 00:00:00 UTC;0,0403533722
2019-12-01 00:00:00 UTC;0,0395347257
2019-12-02 00:00:00 UTC;0,0381778668
2019-12-03 00:00:00 UTC;0,0377282794
2019-12-04 00:00:00 UTC;0,0371082511
2019-12-05 00:00:00 UTC;0,0375750221
2019-12-06 00:00:00 UTC;0,0382113414
2019-12-07 00:00:00 UTC;0,0384698637
2019-12-08 00:00:00 UTC;0,0386751820
2019-12-09 00:00:00 UTC;0,0372661820
2019-12-10 00:00:00 UTC;0,0363323785
2019-12-11 00:00:00 UTC;0,0367888556
2019-12-12 00:00:00 UTC;0,0364939476
2019-12-13 00:00:00 UTC;0,0371318312
2019-12-14 00:00:00 UTC;0,0362926810
2019-12-15 00:00:00 UTC;0,0363730630
2019-12-16 00:00:00 UTC;0,0340305404
2019-12-17 00:00:00 UTC;0,0318488812
2019-12-18 00:00:00 UTC;0,0342638340
2019-12-19 00:00:00 UTC;0,0330858888
2019-12-20 00:00:00 UTC;0,0338434985
2019-12-21 00:00:00 UTC;0,0330750578
2019-12-22 00:00:00 UTC;0,0343322698
2019-12-23 00:00:00 UTC;0,0330607084
2019-12-24 00:00:00 UTC;0,0339016386
2019-12-25 00:00:00 UTC;0,0333630714
2019-12-26 00:00:00 UTC;0,0340435558
2019-12-27 00:00:00 UTC;0,0329953638
2019-12-28 00:00:00 UTC;0,0336310822
2019-12-29 00:00:00 UTC;0,0341245457
2019-12-30 00:00:00 UTC;0,0333973822
2019-12-31 00:00:00 UTC;0,0326683704
2020-01-01 00:00:00 UTC;0,0333324685
2020-01-02 00:00:00 UTC;0,0325958172
2020-01-03 00:00:00 UTC;0,0340214756
2020-01-04 00:00:00 UTC;0,0343344019
2020-01-05 00:00:00 UTC;0,0344612453
2020-01-06 00:00:00 UTC;0,0372072586
2020-01-07 00:00:00 UTC;0,0370319303
2020-01-08 00:00:00 UTC;0,0362348097
2020-01-09 00:00:00 UTC;0,0361033681
2020-01-10 00:00:00 UTC;0,0368002461
2020-01-11 00:00:00 UTC;0,0363292515
2020-01-12 00:00:00 UTC;0,0374780984
2020-01-13 00:00:00 UTC;0,0368812642
2020-01-14 00:00:00 UTC;0,0412703931
2020-01-15 00:00:00 UTC;0,0424249378
2020-01-16 00:00:00 UTC;0,0416200461
2020-01-17 00:00:00 UTC;0,0442884915
2020-01-18 00:00:00 UTC;0,0447698711
2020-01-19 00:00:00 UTC;0,0424970186
2020-01-20 00:00:00 UTC;0,0432002765
2020-01-21 00:00:00 UTC;0,0455660086
2020-01-22 00:00:00 UTC;0,0455136727
2020-01-23 00:00:00 UTC;0,0435716984
2020-01-24 00:00:00 UTC;0,0444303254
2020-01-25 00:00:00 UTC;0,0435256509
2020-01-26 00:00:00 UTC;0,0443790138
2020-01-27 00:00:00 UTC;0,0473584923
2020-01-28 00:00:00 UTC;0,0523331042
2020-01-29 00:00:00 UTC;0,0530299554
2020-01-30 00:00:00 UTC;0,0558440639
2020-01-31 00:00:00 UTC;0,0539331332
2020-02-01 00:00:00 UTC;0,0554599230
2020-02-02 00:00:00 UTC;0,0557404365
2020-02-03 00:00:00 UTC;0,0567363796
2020-02-04 00:00:00 UTC;0,0559235377
2020-02-05 00:00:00 UTC;0,0590477053
2020-02-06 00:00:00 UTC;0,0598148036
2020-02-07 00:00:00 UTC;0,0596908539
2020-02-08 00:00:00 UTC;0,0601347644
2020-02-09 00:00:00 UTC;0,0615767671
2020-02-10 00:00:00 UTC;0,0602280882
2020-02-11 00:00:00 UTC;0,0630419916
2020-02-12 00:00:00 UTC;0,0670491625
2020-02-13 00:00:00 UTC;0,0682526606
2020-02-14 00:00:00 UTC;0,0703795751
2020-02-15 00:00:00 UTC;0,0647980650
2020-02-16 00:00:00 UTC;0,0626402506
2020-02-17 00:00:00 UTC;0,0601862797
2020-02-18 00:00:00 UTC;0,0625234271
2020-02-19 00:00:00 UTC;0,0580830107
2020-02-20 00:00:00 UTC;0,0577462670
2020-02-21 00:00:00 UTC;0,0585979504
2020-02-22 00:00:00 UTC;0,0583820012
2020-02-23 00:00:00 UTC;0,0606916521
2020-02-24 00:00:00 UTC;0,0593365435
2020-02-25 00:00:00 UTC;0,0563939021
2020-02-26 00:00:00 UTC;0,0505825109
2020-02-27 00:00:00 UTC;0,0497440231
2020-02-28 00:00:00 UTC;0,0491022475
2020-02-29 00:00:00 UTC;0,0474210449
2020-03-01 00:00:00 UTC;0,0461894462
2020-03-02 00:00:00 UTC;0,0487899110
2020-03-03 00:00:00 UTC;0,0486525258
2020-03-04 00:00:00 UTC;0,0489357162
2020-03-05 00:00:00 UTC;0,0508823043
2020-03-06 00:00:00 UTC;0,0514998744
2020-03-07 00:00:00 UTC;0,0492316833
2020-03-08 00:00:00 UTC;0,0432930135
2020-03-09 00:00:00 UTC;0,0418031720
2020-03-10 00:00:00 UTC;0,0414553546
2020-03-11 00:00:00 UTC;0,0400825307
2020-03-12 00:00:00 UTC;0,0246089925
2020-03-13 00:00:00 UTC;0,0284170356
2020-03-14 00:00:00 UTC;0,0259813503
2020-03-15 00:00:00 UTC;0,0267213331
2020-03-16 00:00:00 UTC;0,0244197579
2020-03-17 00:00:00 UTC;0,0256438182
2020-03-18 00:00:00 UTC;0,0260065926
2020-03-19 00:00:00 UTC;0,0299976478
2020-03-20 00:00:00 UTC;0,0295918334
2020-03-21 00:00:00 UTC;0,0292332619
2020-03-22 00:00:00 UTC;0,0270609241
2020-03-23 00:00:00 UTC;0,0293370268
2020-03-24 00:00:00 UTC;0,0301818150
2020-03-25 00:00:00 UTC;0,0295552130
2020-03-26 00:00:00 UTC;0,0303429659
2020-03-27 00:00:00 UTC;0,0290642984
2020-03-28 00:00:00 UTC;0,0293032371
2020-03-29 00:00:00 UTC;0,0281754684
2020-03-30 00:00:00 UTC;0,0299444761
2020-03-31 00:00:00 UTC;0,0300948891
2020-04-01 00:00:00 UTC;0,0311008633
2020-04-02 00:00:00 UTC;0,0317324520
2020-04-03 00:00:00 UTC;0,0318820253
2020-04-04 00:00:00 UTC;0,0325549970
2020-04-05 00:00:00 UTC;0,0319773156
2020-04-06 00:00:00 UTC;0,0354145355
2020-04-07 00:00:00 UTC;0,0351811545
2020-04-08 00:00:00 UTC;0,0361672979
2020-04-09 00:00:00 UTC;0,0362510216
2020-04-10 00:00:00 UTC;0,0335861124
2020-04-11 00:00:00 UTC;0,0333633287
2020-04-12 00:00:00 UTC;0,0333551815
2020-04-13 00:00:00 UTC;0,0330921238
2020-04-14 00:00:00 UTC;0,0330395913
2020-04-15 00:00:00 UTC;0,0317325961
2020-04-16 00:00:00 UTC;0,0343841647
2020-04-17 00:00:00 UTC;0,0342672585
2020-04-18 00:00:00 UTC;0,0361850946
2020-04-19 00:00:00 UTC;0,0357234874
2020-04-20 00:00:00 UTC;0,0339538194
2020-04-21 00:00:00 UTC;0,0343334181
2020-04-22 00:00:00 UTC;0,0363028726
2020-04-23 00:00:00 UTC;0,0399119624
2020-04-24 00:00:00 UTC;0,0413746206
2020-04-25 00:00:00 UTC;0,0422283743
2020-04-26 00:00:00 UTC;0,0454784369
2020-04-27 00:00:00 UTC;0,0461616534
2020-04-28 00:00:00 UTC;0,0466921888
2020-04-29 00:00:00 UTC;0,0515241261
2020-04-30 00:00:00 UTC;0,0481533524
2020-05-01 00:00:00 UTC;0,0500168438
2020-05-02 00:00:00 UTC;0,0510404491
2020-05-03 00:00:00 UTC;0,0496295354
2020-05-04 00:00:00 UTC;0,0494618719
2020-05-05 00:00:00 UTC;0,0494424874
2020-05-06 00:00:00 UTC;0,0494390664
2020-05-07 00:00:00 UTC;0,0515999380
2020-05-08 00:00:00 UTC;0,0512364187
2020-05-09 00:00:00 UTC;0,0510969479
2020-05-10 00:00:00 UTC;0,0476323241
2020-05-11 00:00:00 UTC;0,0476292615
2020-05-12 00:00:00 UTC;0,0499085898
2020-05-13 00:00:00 UTC;0,0519073386
2020-05-14 00:00:00 UTC;0,0521614791
2020-05-15 00:00:00 UTC;0,0497198779
2020-05-16 00:00:00 UTC;0,0506759818
2020-05-17 00:00:00 UTC;0,0518740333
2020-05-18 00:00:00 UTC;0,0533395717
2020-05-19 00:00:00 UTC;0,0559529733
2020-05-20 00:00:00 UTC;0,0562964116
2020-05-21 00:00:00 UTC;0,0526933215
2020-05-22 00:00:00 UTC;0,0548996079
2020-05-23 00:00:00 UTC;0,0550289778
2020-05-24 00:00:00 UTC;0,0516581343
2020-05-25 00:00:00 UTC;0,0534591224
2020-05-26 00:00:00 UTC;0,0534785509
2020-05-27 00:00:00 UTC;0,0551318980
2020-05-28 00:00:00 UTC;0,0634658102
2020-05-29 00:00:00 UTC;0,0644614588
2020-05-30 00:00:00 UTC;0,0752882033
2020-05-31 00:00:00 UTC;0,0743688849
2020-06-01 00:00:00 UTC;0,0807648189
2020-06-02 00:00:00 UTC;0,0784596419
2020-06-03 00:00:00 UTC;0,0846175783
2020-06-04 00:00:00 UTC;0,0887251763
2020-06-05 00:00:00 UTC;0,0852189802
2020-06-06 00:00:00 UTC;0,0861763538
2020-06-07 00:00:00 UTC;0,0865402787
2020-06-08 00:00:00 UTC;0,0864005550
2020-06-09 00:00:00 UTC;0,0831312876
2020-06-10 00:00:00 UTC;0,0835538276
2020-06-11 00:00:00 UTC;0,0754751027
2020-06-12 00:00:00 UTC;0,0794297162
2020-06-13 00:00:00 UTC;0,0790044568
2020-06-14 00:00:00 UTC;0,0763300991
2020-06-15 00:00:00 UTC;0,0782800972
2020-06-16 00:00:00 UTC;0,0789580218
2020-06-17 00:00:00 UTC;0,0832574644
2020-06-18 00:00:00 UTC;0,0819554312
2020-06-19 00:00:00 UTC;0,0799785449
2020-06-20 00:00:00 UTC;0,0794188056
2020-06-21 00:00:00 UTC;0,0783951506
2020-06-22 00:00:00 UTC;0,0838859672
2020-06-23 00:00:00 UTC;0,0827967116
2020-06-24 00:00:00 UTC;0,0824629770
2020-06-25 00:00:00 UTC;0,0816277709
2020-06-26 00:00:00 UTC;0,0806097950
2020-06-27 00:00:00 UTC;0,0774226534
2020-06-28 00:00:00 UTC;0,0803716442
2020-06-29 00:00:00 UTC;0,0838163296
2020-06-30 00:00:00 UTC;0,0827780022
2020-07-01 00:00:00 UTC;0,0963178336
2020-07-02 00:00:00 UTC;0,0930131289
2020-07-03 00:00:00 UTC;0,0963107872
2020-07-04 00:00:00 UTC;0,0999664877
2020-07-05 00:00:00 UTC;0,0982000358
2020-07-06 00:00:00 UTC;0,1052809706
2020-07-07 00:00:00 UTC;0,1175777188
2020-07-08 00:00:00 UTC;0,1299288047
2020-07-09 00:00:00 UTC;0,1237752292
2020-07-10 00:00:00 UTC;0,1183372390
2020-07-11 00:00:00 UTC;0,1252084982
2020-07-12 00:00:00 UTC;0,1270191912
2020-07-13 00:00:00 UTC;0,1242137008
2020-07-14 00:00:00 UTC;0,1320281864
2020-07-15 00:00:00 UTC;0,1304139017
2020-07-16 00:00:00 UTC;0,1259111510
2020-07-17 00:00:00 UTC;0,1223611363
2020-07-18 00:00:00 UTC;0,1225378915
2020-07-19 00:00:00 UTC;0,1238340500
2020-07-20 00:00:00 UTC;0,1176173724
2020-07-21 00:00:00 UTC;0,1229793829
2020-07-22 00:00:00 UTC;0,1239175437
2020-07-23 00:00:00 UTC;0,1240339375
2020-07-24 00:00:00 UTC;0,1220515375
2020-07-25 00:00:00 UTC;0,1431096961
2020-07-26 00:00:00 UTC;0,1484550374
2020-07-27 00:00:00 UTC;0,1381371810
2020-07-28 00:00:00 UTC;0,1485802967
2020-07-29 00:00:00 UTC;0,1396469287
2020-07-30 00:00:00 UTC;0,1407210247
2020-07-31 00:00:00 UTC;0,1390734402
2020-08-01 00:00:00 UTC;0,1445416820
2020-08-02 00:00:00 UTC;0,1330078109
2020-08-03 00:00:00 UTC;0,1372306611
2020-08-04 00:00:00 UTC;0,1431073604
2020-08-05 00:00:00 UTC;0,1426056213
2020-08-06 00:00:00 UTC;0,1441552217
2020-08-07 00:00:00 UTC;0,1389680374
2020-08-08 00:00:00 UTC;0,1463797492
2020-08-09 00:00:00 UTC;0,1451317792
2020-08-10 00:00:00 UTC;0,1438176804
2020-08-11 00:00:00 UTC;0,1371064100
2020-08-12 00:00:00 UTC;0,1364850463
2020-08-13 00:00:00 UTC;0,1393443014
2020-08-14 00:00:00 UTC;0,1382594871
2020-08-15 00:00:00 UTC;0,1381377442
2020-08-16 00:00:00 UTC;0,1387840932
2020-08-17 00:00:00 UTC;0,1404778744
2020-08-18 00:00:00 UTC;0,1371135774
2020-08-19 00:00:00 UTC;0,1298772419
2020-08-20 00:00:00 UTC;0,1341712379
2020-08-21 00:00:00 UTC;0,1227832361
2020-08-22 00:00:00 UTC;0,1252509130
2020-08-23 00:00:00 UTC;0,1214056703
2020-08-24 00:00:00 UTC;0,1236505356
2020-08-25 00:00:00 UTC;0,1124878502
2020-08-26 00:00:00 UTC;0,1143938671
2020-08-27 00:00:00 UTC;0,1068829089
2020-08-28 00:00:00 UTC;0,1093402627
2020-08-29 00:00:00 UTC;0,1164314236
2020-08-30 00:00:00 UTC;0,1174076908
2020-08-31 00:00:00 UTC;0,1226082431
2020-09-01 00:00:00 UTC;0,1240383187
2020-09-02 00:00:00 UTC;0,1152104641
2020-09-03 00:00:00 UTC;0,0951461150
2020-09-04 00:00:00 UTC;0,1029832626
2020-09-05 00:00:00 UTC;0,0900618222
2020-09-06 00:00:00 UTC;0,0929523012
2020-09-07 00:00:00 UTC;0,0936672715
2020-09-08 00:00:00 UTC;0,0909953048
2020-09-09 00:00:00 UTC;0,0933131608
2020-09-10 00:00:00 UTC;0,0971016552
2020-09-11 00:00:00 UTC;0,0969975781
2020-09-12 00:00:00 UTC;0,0975852771
2020-09-13 00:00:00 UTC;0,0950820055
2020-09-14 00:00:00 UTC;0,0966622419
2020-09-15 00:00:00 UTC;0,0932748872
2020-09-16 00:00:00 UTC;0,0912018570
2020-09-17 00:00:00 UTC;0,0940624746
2020-09-18 00:00:00 UTC;0,0906663395
2020-09-19 00:00:00 UTC;0,0912470887
2020-09-20 00:00:00 UTC;0,0892546772
2020-09-21 00:00:00 UTC;0,0801846147
2020-09-22 00:00:00 UTC;0,0814477635
2020-09-23 00:00:00 UTC;0,0763665449
2020-09-24 00:00:00 UTC;0,0825984711
2020-09-25 00:00:00 UTC;0,0970618661
2020-09-26 00:00:00 UTC;0,0955775719
2020-09-27 00:00:00 UTC;0,1018801250
2020-09-28 00:00:00 UTC;0,1005714540
2020-09-29 00:00:00 UTC;0,1012996115
2020-09-30 00:00:00 UTC;0,1011484160
2020-10-01 00:00:00 UTC;0,0978208797
2020-10-02 00:00:00 UTC;0,0928121956
2020-10-03 00:00:00 UTC;0,0932295839
2020-10-04 00:00:00 UTC;0,0971732382
2020-10-05 00:00:00 UTC;0,0975117264
2020-10-06 00:00:00 UTC;0,0927845916
2020-10-07 00:00:00 UTC;0,0938356466
2020-10-08 00:00:00 UTC;0,0963995955
2020-10-09 00:00:00 UTC;0,1016180880
2020-10-10 00:00:00 UTC;0,1049283913
2020-10-11 00:00:00 UTC;0,1063895056
2020-10-12 00:00:00 UTC;0,1096700909
2020-10-13 00:00:00 UTC;0,1089982399
2020-10-14 00:00:00 UTC;0,1074347535
2020-10-15 00:00:00 UTC;0,1065169491
2020-10-16 00:00:00 UTC;0,1040325453
2020-10-17 00:00:00 UTC;0,1060069709
2020-10-18 00:00:00 UTC;0,1075205562
2020-10-19 00:00:00 UTC;0,1088391030
2020-10-20 00:00:00 UTC;0,1022980227
2020-10-21 00:00:00 UTC;0,1058029312
2020-10-22 00:00:00 UTC;0,1105594244
2020-10-23 00:00:00 UTC;0,1079635630
2020-10-24 00:00:00 UTC;0,1079544113
2020-10-25 00:00:00 UTC;0,1063503973
2020-10-26 00:00:00 UTC;0,1032295345
2020-10-27 00:00:00 UTC;0,1024130852
2020-10-28 00:00:00 UTC;0,0987464461
2020-10-29 00:00:00 UTC;0,0953200565
2020-10-30 00:00:00 UTC;0,0931362283
2020-10-31 00:00:00 UTC;0,0926567994
2020-11-01 00:00:00 UTC;0,0978708327
2020-11-02 00:00:00 UTC;0,0922343003
2020-11-03 00:00:00 UTC;0,0936241414
2020-11-04 00:00:00 UTC;0,0953093485
2020-11-05 00:00:00 UTC;0,0976241421
2020-11-06 00:00:00 UTC;0,1090170912
2020-11-07 00:00:00 UTC;0,1012380131
2020-11-08 00:00:00 UTC;0,1064479672
2020-11-09 00:00:00 UTC;0,1054165554
2020-11-10 00:00:00 UTC;0,1058484558
2020-11-11 00:00:00 UTC;0,1060654999
2020-11-12 00:00:00 UTC;0,1044103279
2020-11-13 00:00:00 UTC;0,1062806757
2020-11-14 00:00:00 UTC;0,1041917771
2020-11-15 00:00:00 UTC;0,1006669082
2020-11-16 00:00:00 UTC;0,1037343802
2020-11-17 00:00:00 UTC;0,1094065743
2020-11-18 00:00:00 UTC;0,1067250392
2020-11-19 00:00:00 UTC;0,1058017659
2020-11-20 00:00:00 UTC;0,1179021627
2020-11-21 00:00:00 UTC;0,1330957182
2020-11-22 00:00:00 UTC;0,1465816916
2020-11-23 00:00:00 UTC;0,1535773217
2020-11-24 00:00:00 UTC;0,1670962667
2020-11-25 00:00:00 UTC;0,1552129658
2020-11-26 00:00:00 UTC;0,1380970302
2020-11-27 00:00:00 UTC;0,1410131928
2020-11-28 00:00:00 UTC;0,1648566046
2020-11-29 00:00:00 UTC;0,1665293998
2020-11-30 00:00:00 UTC;0,1710151773
2020-12-01 00:00:00 UTC;0,1561029583
2020-12-02 00:00:00 UTC;0,1590648355
2020-12-03 00:00:00 UTC;0,1638684474
2020-12-04 00:00:00 UTC;0,1484982651
2020-12-05 00:00:00 UTC;0,1596303255
2020-12-06 00:00:00 UTC;0,1590415105
2020-12-07 00:00:00 UTC;0,1541410754
2020-12-08 00:00:00 UTC;0,1413261446
2020-12-09 00:00:00 UTC;0,1482172390
2020-12-10 00:00:00 UTC;0,1423682355
2020-12-11 00:00:00 UTC;0,1394571448
2020-12-12 00:00:00 UTC;0,1444465252
2020-12-13 00:00:00 UTC;0,1538419864
2020-12-14 00:00:00 UTC;0,1583963667
2020-12-15 00:00:00 UTC;0,1540882300
2020-12-16 00:00:00 UTC;0,1678217755
2020-12-17 00:00:00 UTC;0,1633219091
2020-12-18 00:00:00 UTC;0,1649723532
2020-12-19 00:00:00 UTC;0,1646918709
2020-12-20 00:00:00 UTC;0,1619596843
2020-12-21 00:00:00 UTC;0,1530753546
2020-12-22 00:00:00 UTC;0,1572272052
2020-12-23 00:00:00 UTC;0,1379395176
2020-12-24 00:00:00 UTC;0,1530723482
2020-12-25 00:00:00 UTC;0,1574242591
2020-12-26 00:00:00 UTC;0,1583669296
2020-12-27 00:00:00 UTC;0,1550524945
2020-12-28 00:00:00 UTC;0,1772002914
2020-12-29 00:00:00 UTC;0,1932738519
2020-12-30 00:00:00 UTC;0,1846965720
2020-12-31 00:00:00 UTC;0,1820035367
2021-01-01 00:00:00 UTC;0,1757590997
2021-01-02 00:00:00 UTC;0,1781574400
2021-01-03 00:00:00 UTC;0,2062914522
2021-01-04 00:00:00 UTC;0,2210370292
2021-01-05 00:00:00 UTC;0,2592472689
2021-01-06 00:00:00 UTC;0,3336486864
2021-01-07 00:00:00 UTC;0,3016557257
2021-01-08 00:00:00 UTC;0,3067567419
2021-01-09 00:00:00 UTC;0,3341361364
2021-01-10 00:00:00 UTC;0,3048980868
2021-01-11 00:00:00 UTC;0,2769404621
2021-01-12 00:00:00 UTC;0,2883628395
2021-01-13 00:00:00 UTC;0,3122441441
2021-01-14 00:00:00 UTC;0,3109534748
2021-01-15 00:00:00 UTC;0,3031934019
2021-01-16 00:00:00 UTC;0,3487132502
2021-01-17 00:00:00 UTC;0,3825585721
2021-01-18 00:00:00 UTC;0,3702796231
2021-01-19 00:00:00 UTC;0,3679457195
2021-01-20 00:00:00 UTC;0,3756035832
2021-01-21 00:00:00 UTC;0,3088448269
2021-01-22 00:00:00 UTC;0,3507233556
2021-01-23 00:00:00 UTC;0,3468208336
2021-01-24 00:00:00 UTC;0,3518446075
2021-01-25 00:00:00 UTC;0,3433817040
2021-01-26 00:00:00 UTC;0,3436646484
2021-01-27 00:00:00 UTC;0,3123845233
2021-01-28 00:00:00 UTC;0,3455779379
2021-01-29 00:00:00 UTC;0,3479063322
2021-01-30 00:00:00 UTC;0,3596358242
2021-01-31 00:00:00 UTC;0,3442750375
2021-02-01 00:00:00 UTC;0,4058156485
2021-02-02 00:00:00 UTC;0,4265040898
2021-02-03 00:00:00 UTC;0,4424764960
2021-02-04 00:00:00 UTC;0,4421251493
2021-02-05 00:00:00 UTC;0,5395821034
2021-02-06 00:00:00 UTC;0,6280864544
2021-02-07 00:00:00 UTC;0,6595995893
2021-02-08 00:00:00 UTC;0,6861969161
2021-02-09 00:00:00 UTC;0,7054306336
2021-02-10 00:00:00 UTC;0,9284421833
2021-02-11 00:00:00 UTC;0,9287270053
2021-02-12 00:00:00 UTC;0,9242860246
2021-02-13 00:00:00 UTC;0,9074714645
2021-02-14 00:00:00 UTC;0,8446531935
2021-02-15 00:00:00 UTC;0,8602619066
2021-02-16 00:00:00 UTC;0,8714981742
2021-02-17 00:00:00 UTC;0,8903672949
2021-02-18 00:00:00 UTC;0,9139472242
2021-02-19 00:00:00 UTC;0,9365051955
2021-02-20 00:00:00 UTC;1,1277005219
2021-02-21 00:00:00 UTC;1,1009943893
2021-02-22 00:00:00 UTC;1,1012225805
2021-02-23 00:00:00 UTC;0,9662442809
2021-02-24 00:00:00 UTC;1,0551065631
2021-02-25 00:00:00 UTC;1,0754270466
2021-02-26 00:00:00 UTC;1,2453325521
2021-02-27 00:00:00 UTC;1,3193167463
2021-02-28 00:00:00 UTC;1,3056114173
2021-03-01 00:00:00 UTC;1,2985575901
2021-03-02 00:00:00 UTC;1,2281883517
2021-03-03 00:00:00 UTC;1,2158835550
2021-03-04 00:00:00 UTC;1,1167702069
2021-03-05 00:00:00 UTC;1,1683777397
2021-03-06 00:00:00 UTC;1,1333466168
2021-03-07 00:00:00 UTC;1,1356990080
2021-03-08 00:00:00 UTC;1,1229556336
2021-03-09 00:00:00 UTC;1,1977655432
2021-03-10 00:00:00 UTC;1,1298846996
2021-03-11 00:00:00 UTC;1,1262640148
2021-03-12 00:00:00 UTC;1,0330694317
2021-03-13 00:00:00 UTC;1,1019956228
2021-03-14 00:00:00 UTC;1,0611463848
2021-03-15 00:00:00 UTC;1,0286802324
2021-03-16 00:00:00 UTC;1,2625922258
2021-03-17 00:00:00 UTC;1,3852395325
2021-03-18 00:00:00 UTC;1,2297628838
2021-03-19 00:00:00 UTC;1,2995155752
2021-03-20 00:00:00 UTC;1,2021888836
2021-03-21 00:00:00 UTC;1,1848389423
2021-03-22 00:00:00 UTC;1,1024022020
2021-03-23 00:00:00 UTC;1,1240397791
2021-03-24 00:00:00 UTC;1,0614525090
2021-03-25 00:00:00 UTC;1,0974505409
2021-03-26 00:00:00 UTC;1,2168459709
2021-03-27 00:00:00 UTC;1,1774738836
2021-03-28 00:00:00 UTC;1,1905454359
2021-03-29 00:00:00 UTC;1,2004945429
2021-03-30 00:00:00 UTC;1,2123298572
2021-03-31 00:00:00 UTC;1,1931211752
2021-04-01 00:00:00 UTC;1,1811994831
2021-04-02 00:00:00 UTC;1,1912067006
2021-04-03 00:00:00 UTC;1,1625539282
2021-04-04 00:00:00 UTC;1,1842608499
2021-04-05 00:00:00 UTC;1,2170288636
2021-04-06 00:00:00 UTC;1,2548202383
2021-04-07 00:00:00 UTC;1,1734180338
2021-04-08 00:00:00 UTC;1,2214429007
2021-04-09 00:00:00 UTC;1,2038266164
2021-04-10 00:00:00 UTC;1,2175571269
2021-04-11 00:00:00 UTC;1,2674008689
2021-04-12 00:00:00 UTC;1,3191078505
2021-04-13 00:00:00 UTC;1,4204063008
2021-04-14 00:00:00 UTC;1,4589810743
2021-04-15 00:00:00 UTC;1,4790429063
2021-04-16 00:00:00 UTC;1,4124520688
2021-04-17 00:00:00 UTC;1,3728965547
2021-04-18 00:00:00 UTC;1,2753559085
2021-04-19 00:00:00 UTC;1,1890545569
2021-04-20 00:00:00 UTC;1,2686234211
2021-04-21 00:00:00 UTC;1,2050905981
2021-04-22 00:00:00 UTC;1,1481979255
2021-04-23 00:00:00 UTC;1,1579225081
2021-04-24 00:00:00 UTC;1,1062697994
2021-04-25 00:00:00 UTC;1,0880319577
2021-04-26 00:00:00 UTC;1,2350393027
2021-04-27 00:00:00 UTC;1,3056410518
2021-04-28 00:00:00 UTC;1,3360610022
2021-04-29 00:00:00 UTC;1,3118218688
2021-04-30 00:00:00 UTC;1,3519662370
2021-05-01 00:00:00 UTC;1,3537493018
2021-05-02 00:00:00 UTC;1,3277539271
2021-05-03 00:00:00 UTC;1,3592518561
2021-05-04 00:00:00 UTC;1,2646678275
2021-05-05 00:00:00 UTC;1,4807794190
2021-05-06 00:00:00 UTC;1,6521911827
2021-05-07 00:00:00 UTC;1,6514466224
2021-05-08 00:00:00 UTC;1,6171780922
2021-05-09 00:00:00 UTC;1,7732365955
2021-05-10 00:00:00 UTC;1,6499613694
2021-05-11 00:00:00 UTC;1,7621418486
2021-05-12 00:00:00 UTC;1,5528585753
2021-05-13 00:00:00 UTC;1,9428225846
2021-05-14 00:00:00 UTC;2,0093068186
2021-05-15 00:00:00 UTC;2,1675474313
2021-05-16 00:00:00 UTC;2,2885363361
2021-05-17 00:00:00 UTC;2,0301315772
2021-05-18 00:00:00 UTC;2,0178570867
2021-05-19 00:00:00 UTC;1,4947833009
2021-05-20 00:00:00 UTC;1,8054991100
2021-05-21 00:00:00 UTC;1,5552382963
2021-05-22 00:00:00 UTC;1,4564369059
2021-05-23 00:00:00 UTC;1,3332423924
2021-05-24 00:00:00 UTC;1,5493541979
2021-05-25 00:00:00 UTC;1,5484642414
2021-05-26 00:00:00 UTC;1,7818095691
2021-05-27 00:00:00 UTC;1,6473713066
2021-05-28 00:00:00 UTC;1,5210874071
2021-05-29 00:00:00 UTC;1,4111698967
2021-05-30 00:00:00 UTC;1,5728938301
2021-05-31 00:00:00 UTC;1,7417490150
2021-06-01 00:00:00 UTC;1,7405700596
2021-06-02 00:00:00 UTC;1,7561161450
2021-06-03 00:00:00 UTC;1,8496638851
2021-06-04 00:00:00 UTC;1,7038314448
2021-06-05 00:00:00 UTC;1,6610625823
2021-06-06 00:00:00 UTC;1,6804653476
2021-06-07 00:00:00 UTC;1,5617878547
2021-06-08 00:00:00 UTC;1,5866513191
2021-06-09 00:00:00 UTC;1,6232057969
2021-06-10 00:00:00 UTC;1,5305875236
2021-06-11 00:00:00 UTC;1,4349330932
2021-06-12 00:00:00 UTC;1,4816869901
2021-06-13 00:00:00 UTC;1,5676933308
2021-06-14 00:00:00 UTC;1,5753927599
2021-06-15 00:00:00 UTC;1,5655200906
2021-06-16 00:00:00 UTC;1,4804172032
2021-06-17 00:00:00 UTC;1,4875067783
2021-06-18 00:00:00 UTC;1,4107392793
2021-06-19 00:00:00 UTC;1,3935000470
2021-06-20 00:00:00 UTC;1,4290740277
2021-06-21 00:00:00 UTC;1,1742363357
2021-06-22 00:00:00 UTC;1,1523157307
2021-06-23 00:00:00 UTC;1,2526198003
2021-06-24 00:00:00 UTC;1,3572885499
2021-06-25 00:00:00 UTC;1,2749707698
2021-06-26 00:00:00 UTC;1,2549561894
2021-06-27 00:00:00 UTC;1,3445257217
2021-06-28 00:00:00 UTC;1,3322341832
2021-06-29 00:00:00 UTC;1,3668998720
2021-06-30 00:00:00 UTC;1,3821060181
2021-07-01 00:00:00 UTC;1,3345198772
2021-07-02 00:00:00 UTC;1,3972466673
2021-07-03 00:00:00 UTC;1,4096071923
2021-07-04 00:00:00 UTC;1,4542220430
2021-07-05 00:00:00 UTC;1,4135067840
2021-07-06 00:00:00 UTC;1,4148204927
2021-07-07 00:00:00 UTC;1,4034804889
2021-07-08 00:00:00 UTC;1,3269510035
2021-07-09 00:00:00 UTC;1,3530638057
2021-07-10 00:00:00 UTC;1,3395233589
2021-07-11 00:00:00 UTC;1,3488997784
2021-07-12 00:00:00 UTC;1,3187998601
2021-07-13 00:00:00 UTC;1,2660569857
2021-07-14 00:00:00 UTC;1,2655083286
2021-07-15 00:00:00 UTC;1,2280641099
2021-07-16 00:00:00 UTC;1,1715513765
2021-07-17 00:00:00 UTC;1,1755188664
2021-07-18 00:00:00 UTC;1,1908933443
2021-07-19 00:00:00 UTC;1,1245649884
2021-07-20 00:00:00 UTC;1,0574521186
2021-07-21 00:00:00 UTC;1,1753049577
2021-07-22 00:00:00 UTC;1,1877036020
2021-07-23 00:00:00 UTC;1,2048863286
2021-07-24 00:00:00 UTC;1,2342413762
2021-07-25 00:00:00 UTC;1,2357040011
2021-07-26 00:00:00 UTC;1,2534971396
2021-07-27 00:00:00 UTC;1,2770385513
2021-07-28 00:00:00 UTC;1,2851470761
2021-07-29 00:00:00 UTC;1,2842469471
2021-07-30 00:00:00 UTC;1,3070184396
2021-07-31 00:00:00 UTC;1,3202960251
2021-08-01 00:00:00 UTC;1,3157334397
2021-08-02 00:00:00 UTC;1,3083964759
2021-08-03 00:00:00 UTC;1,3649785564
2021-08-04 00:00:00 UTC;1,3777904520
2021-08-05 00:00:00 UTC;1,3856310483
2021-08-06 00:00:00 UTC;1,4034040066
2021-08-07 00:00:00 UTC;1,4785511767
2021-08-08 00:00:00 UTC;1,4269492945
2021-08-09 00:00:00 UTC;1,4769586768
2021-08-10 00:00:00 UTC;1,6763109422
2021-08-11 00:00:00 UTC;1,7980762098
2021-08-12 00:00:00 UTC;1,8203350151
2021-08-13 00:00:00 UTC;2,1274065136
2021-08-14 00:00:00 UTC;2,1956982308
2021-08-15 00:00:00 UTC;2,1707964710
2021-08-16 00:00:00 UTC;2,0784577901
2021-08-17 00:00:00 UTC;1,9304435358
2021-08-18 00:00:00 UTC;2,1231230774
2021-08-19 00:00:00 UTC;2,2957693715
2021-08-20 00:00:00 UTC;2,4559059808
2021-08-21 00:00:00 UTC;2,4372683413
2021-08-22 00:00:00 UTC;2,6897049332
2021-08-23 00:00:00 UTC;2,9125512832
2021-08-24 00:00:00 UTC;2,7373084383
2021-08-25 00:00:00 UTC;2,7410421195
2021-08-26 00:00:00 UTC;2,5575758508
2021-08-27 00:00:00 UTC;2,9345555252
2021-08-28 00:00:00 UTC;2,8513286649
2021-08-29 00:00:00 UTC;2,8519361168
2021-08-30 00:00:00 UTC;2,7349583041
2021-08-31 00:00:00 UTC;2,7834802564
2021-09-01 00:00:00 UTC;2,8715496290
2021-09-02 00:00:00 UTC;2,9652164967
2021-09-03 00:00:00 UTC;2,9631590841
2021-09-04 00:00:00 UTC;2,8377438420
2021-09-05 00:00:00 UTC;2,9108233821
2021-09-06 00:00:00 UTC;2,8406819875
2021-09-07 00:00:00 UTC;2,5162581794
2021-09-08 00:00:00 UTC;2,4773117588
2021-09-09 00:00:00 UTC;2,5244384393
2021-09-10 00:00:00 UTC;2,3880526860
2021-09-11 00:00:00 UTC;2,6282832268
2021-09-12 00:00:00 UTC;2,5936768619
2021-09-13 00:00:00 UTC;2,4069277610
2021-09-14 00:00:00 UTC;2,4004779485
2021-09-15 00:00:00 UTC;2,5030345377
2021-09-16 00:00:00 UTC;2,4240921469
2021-09-17 00:00:00 UTC;2,3563732952
2021-09-18 00:00:00 UTC;2,3757944423
2021-09-19 00:00:00 UTC;2,2897892467
2021-09-20 00:00:00 UTC;2,0786646134
2021-09-21 00:00:00 UTC;1,9832290094
2021-09-22 00:00:00 UTC;2,2463729804
2021-09-23 00:00:00 UTC;2,3276983373
2021-09-24 00:00:00 UTC;2,2767397312
2021-09-25 00:00:00 UTC;2,3092673492
2021-09-26 00:00:00 UTC;2,2121562783
2021-09-27 00:00:00 UTC;2,1274539870
2021-09-28 00:00:00 UTC;2,0377345194
2021-09-29 00:00:00 UTC;2,0634571020
2021-09-30 00:00:00 UTC;2,1153984814
2021-10-01 00:00:00 UTC;2,2503822874
2021-10-02 00:00:00 UTC;2,2573566921
2021-10-03 00:00:00 UTC;2,2571441662
2021-10-04 00:00:00 UTC;2,1945954989
2021-10-05 00:00:00 UTC;2,2364442940
2021-10-06 00:00:00 UTC;2,2122068105
2021-10-07 00:00:00 UTC;2,2754489379
2021-10-08 00:00:00 UTC;2,2383983266
2021-10-09 00:00:00 UTC;2,2655137010
2021-10-10 00:00:00 UTC;2,1914751340
2021-10-11 00:00:00 UTC;2,1749606038
2021-10-12 00:00:00 UTC;2,1186287158
2021-10-13 00:00:00 UTC;2,1947186701
2021-10-14 00:00:00 UTC;2,1744585948
2021-10-15 00:00:00 UTC;2,2216278186
2021-10-16 00:00:00 UTC;2,1867503298
2021-10-17 00:00:00 UTC;2,1577473458
2021-10-18 00:00:00 UTC;2,1290491776
2021-10-19 00:00:00 UTC;2,1151128244
2021-10-20 00:00:00 UTC;2,1930533893
2021-10-21 00:00:00 UTC;2,1395558721
2021-10-22 00:00:00 UTC;2,1649331816
2021-10-23 00:00:00 UTC;2,1757134052
2021-10-24 00:00:00 UTC;2,1287746726
2021-10-25 00:00:00 UTC;2,1441250367
2021-10-26 00:00:00 UTC;2,1472897027
2021-10-27 00:00:00 UTC;1,9187597684
2021-10-28 00:00:00 UTC;1,9948795959
2021-10-29 00:00:00 UTC;2,0182408620
2021-10-30 00:00:00 UTC;1,9548083596
2021-10-31 00:00:00 UTC;1,9665581954
2021-11-01 00:00:00 UTC;1,9524011094
2021-11-02 00:00:00 UTC;1,9717570965
2021-11-03 00:00:00 UTC;2,0656685145
2021-11-04 00:00:00 UTC;1,9904636779
2021-11-05 00:00:00 UTC;1,9861832930
2021-11-06 00:00:00 UTC;2,0099467513
2021-11-07 00:00:00 UTC;2,0330139777
2021-11-08 00:00:00 UTC;2,1269663174
2021-11-09 00:00:00 UTC;2,2784333308
2021-11-10 00:00:00 UTC;2,0989740868
2021-11-11 00:00:00 UTC;2,0849152337
2021-11-12 00:00:00 UTC;2,0550916390
2021-11-13 00:00:00 UTC;2,0580460517
2021-11-14 00:00:00 UTC;2,0539739718
2021-11-15 00:00:00 UTC;2,0230058432
2021-11-16 00:00:00 UTC;1,8794146672
2021-11-17 00:00:00 UTC;1,8808667274
2021-11-18 00:00:00 UTC;1,7987143176
2021-11-19 00:00:00 UTC;1,8743216540
2021-11-20 00:00:00 UTC;1,9278435949
2021-11-21 00:00:00 UTC;1,8515550814
2021-11-22 00:00:00 UTC;1,7781066054
2021-11-23 00:00:00 UTC;1,7496995842
2021-11-24 00:00:00 UTC;1,6687115752
2021-11-25 00:00:00 UTC;1,6757155255
2021-11-26 00:00:00 UTC;1,5342817687
2021-11-27 00:00:00 UTC;1,5421457313
2021-11-28 00:00:00 UTC;1,5941574340
2021-11-29 00:00:00 UTC;1,6030858721
2021-11-30 00:00:00 UTC;1,5504411125
2021-12-01 00:00:00 UTC;1,5465525409
2021-12-02 00:00:00 UTC;1,7186982007
2021-12-03 00:00:00 UTC;1,5598772752
2021-12-04 00:00:00 UTC;1,4223351457
2021-12-05 00:00:00 UTC;1,3768063979
2021-12-06 00:00:00 UTC;1,4195141199
2021-12-07 00:00:00 UTC;1,3799610475
2021-12-08 00:00:00 UTC;1,3942822027
2021-12-09 00:00:00 UTC;1,2926531951
2021-12-10 00:00:00 UTC;1,2138088984
2021-12-11 00:00:00 UTC;1,3480009876
2021-12-12 00:00:00 UTC;1,3501058306
2021-12-13 00:00:00 UTC;1,2218554611
2021-12-14 00:00:00 UTC;1,2643242703
2021-12-15 00:00:00 UTC;1,3124437295
2021-12-16 00:00:00 UTC;1,2438947342
2021-12-17 00:00:00 UTC;1,2214936845
2021-12-18 00:00:00 UTC;1,2435588920
2021-12-19 00:00:00 UTC;1,2429986748
2021-12-20 00:00:00 UTC;1,2441701469
2021-12-21 00:00:00 UTC;1,2818714476
2021-12-22 00:00:00 UTC;1,3331269568
2021-12-23 00:00:00 UTC;1,4781837726
2021-12-24 00:00:00 UTC;1,3966326754
2021-12-25 00:00:00 UTC;1,4512336367
2021-12-26 00:00:00 UTC;1,4581099886
2021-12-27 00:00:00 UTC;1,5192244795
2021-12-28 00:00:00 UTC;1,4095386790
2021-12-29 00:00:00 UTC;1,3381618733
2021-12-30 00:00:00 UTC;1,3591544872
2021-12-31 00:00:00 UTC;1,3139268600
2022-01-01 00:00:00 UTC;1,3797215770
2022-01-02 00:00:00 UTC;1,3791668076
2022-01-03 00:00:00 UTC;1,3246475035
2022-01-04 00:00:00 UTC;1,3114574698
2022-01-05 00:00:00 UTC;1,2378308269
2022-01-06 00:00:00 UTC;1,2823863367
2022-01-07 00:00:00 UTC;1,2167925405
2022-01-08 00:00:00 UTC;1,1851170451
2022-01-09 00:00:00 UTC;1,1736469698
2022-01-10 00:00:00 UTC;1,1269725704
2022-01-11 00:00:00 UTC;1,1938324522
2022-01-12 00:00:00 UTC;1,3084586457
2022-01-13 00:00:00 UTC;1,2359636008
2022-01-14 00:00:00 UTC;1,2939085184
2022-01-15 00:00:00 UTC;1,2955445830
2022-01-16 00:00:00 UTC;1,4146217002
2022-01-17 00:00:00 UTC;1,6074092632
2022-01-18 00:00:00 UTC;1,4681569082
2022-01-19 00:00:00 UTC;1,3339090589
2022-01-20 00:00:00 UTC;1,2578968724
2022-01-21 00:00:00 UTC;1,1197814499
2022-01-22 00:00:00 UTC;1,0746641120
2022-01-23 00:00:00 UTC;1,1230496118
2022-01-24 00:00:00 UTC;1,0678529534
2022-01-25 00:00:00 UTC;1,0436313896
2022-01-26 00:00:00 UTC;1,0770310110
2022-01-27 00:00:00 UTC;1,0506149600
2022-01-28 00:00:00 UTC;1,0509811087
2022-01-29 00:00:00 UTC;1,0635842445
2022-01-30 00:00:00 UTC;1,0391888429
2022-01-31 00:00:00 UTC;1,0507974228
2022-02-01 00:00:00 UTC;1,0986550976
2022-02-02 00:00:00 UTC;1,0325500299
2022-02-03 00:00:00 UTC;1,0614663251
2022-02-04 00:00:00 UTC;1,1386177296
2022-02-05 00:00:00 UTC;1,1304011114
2022-02-06 00:00:00 UTC;1,1439967525
2022-02-07 00:00:00 UTC;1,2053307138
2022-02-08 00:00:00 UTC;1,1801361962
2022-02-09 00:00:00 UTC;1,1964426843
2022-02-10 00:00:00 UTC;1,1516945686
2022-02-11 00:00:00 UTC;1,0801875612
2022-02-12 00:00:00 UTC;1,0592678387
2022-02-13 00:00:00 UTC;1,0456935070
2022-02-14 00:00:00 UTC;1,0515610365
2022-02-15 00:00:00 UTC;1,1065637814
2022-02-16 00:00:00 UTC;1,0848258833
2022-02-17 00:00:00 UTC;1,0202462722
2022-02-18 00:00:00 UTC;0,9978123321
2022-02-19 00:00:00 UTC;0,9995362388
2022-02-20 00:00:00 UTC;0,9324367186
2022-02-21 00:00:00 UTC;0,8617748676
2022-02-22 00:00:00 UTC;0,8910106956
2022-02-23 00:00:00 UTC;0,8666828152
2022-02-24 00:00:00 UTC;0,8529371473
2022-02-25 00:00:00 UTC;0,9004701586
2022-02-26 00:00:00 UTC;0,8888987985
2022-02-27 00:00:00 UTC;0,8579978236
2022-02-28 00:00:00 UTC;0,9689957959
2022-03-01 00:00:00 UTC;0,9637883749
2022-03-02 00:00:00 UTC;0,9399824578
2022-03-03 00:00:00 UTC;0,9037727740
2022-03-04 00:00:00 UTC;0,8429618755
2022-03-05 00:00:00 UTC;0,8669688878
2022-03-06 00:00:00 UTC;0,8248025403
2022-03-07 00:00:00 UTC;0,7978635626
2022-03-08 00:00:00 UTC;0,8026696499
2022-03-09 00:00:00 UTC;0,8498015617
2022-03-10 00:00:00 UTC;0,8076916622
2022-03-11 00:00:00 UTC;0,7902479613
2022-03-12 00:00:00 UTC;0,7908702572
2022-03-13 00:00:00 UTC;0,7898907300
2022-03-14 00:00:00 UTC;0,8043259572
2022-03-15 00:00:00 UTC;0,8001275733
2022-03-16 00:00:00 UTC;0,8394399774
2022-03-17 00:00:00 UTC;0,8365976564
2022-03-18 00:00:00 UTC;0,8532985757
2022-03-19 00:00:00 UTC;0,9035994241
2022-03-20 00:00:00 UTC;0,8775117630
2022-03-21 00:00:00 UTC;0,9162051725
2022-03-22 00:00:00 UTC;0,9762976044
2022-03-23 00:00:00 UTC;1,1102778000
2022-03-24 00:00:00 UTC;1,1293131965
2022-03-25 00:00:00 UTC;1,0948720407
2022-03-26 00:00:00 UTC;1,1505008633
2022-03-27 00:00:00 UTC;1,1802147593
2022-03-28 00:00:00 UTC;1,1677666030
2022-03-29 00:00:00 UTC;1,1885515243
2022-03-30 00:00:00 UTC;1,1876017005
2022-03-31 00:00:00 UTC;1,1425553125
2022-04-01 00:00:00 UTC;1,1634761524
2022-04-02 00:00:00 UTC;1,1567383335
2022-04-03 00:00:00 UTC;1,1856925447
2022-04-04 00:00:00 UTC;1,2149904522
2022-04-05 00:00:00 UTC;1,1726584925
2022-04-06 00:00:00 UTC;1,0564793730
2022-04-07 00:00:00 UTC;1,0909954578
2022-04-08 00:00:00 UTC;1,0270185509
2022-04-09 00:00:00 UTC;1,0465521160
2022-04-10 00:00:00 UTC;1,0302185439
2022-04-11 00:00:00 UTC;0,9213829201
2022-04-12 00:00:00 UTC;0,9557882038
2022-04-13 00:00:00 UTC;0,9763516771
2022-04-14 00:00:00 UTC;0,9350918875
2022-04-15 00:00:00 UTC;0,9565458771
2022-04-16 00:00:00 UTC;0,9538466625
2022-04-17 00:00:00 UTC;0,9174765988
2022-04-18 00:00:00 UTC;0,9376453481
2022-04-19 00:00:00 UTC;0,9511346769
2022-04-20 00:00:00 UTC;0,9371479224
2022-04-21 00:00:00 UTC;0,9106370435
2022-04-22 00:00:00 UTC;0,9074908365
2022-04-23 00:00:00 UTC;0,8895187951
2022-04-24 00:00:00 UTC;0,8862498911
2022-04-25 00:00:00 UTC;0,8984692713
2022-04-26 00:00:00 UTC;0,8276609584
2022-04-27 00:00:00 UTC;0,8408591359
2022-04-28 00:00:00 UTC;0,8429366022
2022-04-29 00:00:00 UTC;0,8062217617
2022-04-30 00:00:00 UTC;0,7577235174
2022-05-01 00:00:00 UTC;0,7902530174
2022-05-02 00:00:00 UTC;0,7830507600
2022-05-03 00:00:00 UTC;0,7728025659
2022-05-04 00:00:00 UTC;0,8959280427
2022-05-05 00:00:00 UTC;0,7929694157
2022-05-06 00:00:00 UTC;0,7841817344
2022-05-07 00:00:00 UTC;0,7627237512
2022-05-08 00:00:00 UTC;0,7426702288
2022-05-09 00:00:00 UTC;0,6328645849
2022-05-10 00:00:00 UTC;0,6294082868
2022-05-11 00:00:00 UTC;0,5161148204
2022-05-12 00:00:00 UTC;0,4614400535
2022-05-13 00:00:00 UTC;0,5347569557
2022-05-14 00:00:00 UTC;0,5411354846
2022-05-15 00:00:00 UTC;0,5980862576
2022-05-16 00:00:00 UTC;0,5572923491
2022-05-17 00:00:00 UTC;0,5793672476
2022-05-18 00:00:00 UTC;0,5143746763
2022-05-19 00:00:00 UTC;0,5315538089
2022-05-20 00:00:00 UTC;0,5183694488
2022-05-21 00:00:00 UTC;0,5294920193
2022-05-22 00:00:00 UTC;0,5221018784
2022-05-24 00:00:00 UTC;0,5213476699
2022-05-25 00:00:00 UTC;0,5155350292
2022-05-26 00:00:00 UTC;0,4823214010
2022-05-27 00:00:00 UTC;0,4564604038
2022-05-28 00:00:00 UTC;0,4665064538
2022-05-29 00:00:00 UTC;0,4830781771
2022-05-30 00:00:00 UTC;0,5704180541
2022-05-31 00:00:00 UTC;0,6280471156
2022-06-01 00:00:00 UTC;0,5523800989
2022-06-02 00:00:00 UTC;0,5881469352
2022-06-03 00:00:00 UTC;0,5606042590
2022-06-04 00:00:00 UTC;0,5665900037
2022-06-05 00:00:00 UTC;0,5678649610
2022-06-06 00:00:00 UTC;0,6093947904
2022-06-07 00:00:00 UTC;0,6165739672
2022-06-08 00:00:00 UTC;0,6412051219
2022-06-09 00:00:00 UTC;0,6317845626
2022-06-10 00:00:00 UTC;0,5748518194
2022-06-11 00:00:00 UTC;0,5552406565
2022-06-12 00:00:00 UTC;0,4953149662
2022-06-13 00:00:00 UTC;0,4630068066
2022-06-14 00:00:00 UTC;0,4812660555
2022-06-15 00:00:00 UTC;0,5331620904
2022-06-16 00:00:00 UTC;0,4770470029
2022-06-17 00:00:00 UTC;0,4886752501
2022-06-18 00:00:00 UTC;0,4564629629
2022-06-19 00:00:00 UTC;0,4840999146
2022-06-20 00:00:00 UTC;0,4923388783
2022-06-21 00:00:00 UTC;0,4799911212
2022-06-22 00:00:00 UTC;0,4595596243
2022-06-23 00:00:00 UTC;0,4803348070
2022-06-24 00:00:00 UTC;0,4996045123
2022-06-25 00:00:00 UTC;0,4989603551
2022-06-26 00:00:00 UTC;0,4916657769
2022-06-27 00:00:00 UTC;0,4864751735
2022-06-28 00:00:00 UTC;0,4697821897
2022-06-29 00:00:00 UTC;0,4662331720
2022-06-30 00:00:00 UTC;0,4540051865
2022-07-01 00:00:00 UTC;0,4508605290
2022-07-02 00:00:00 UTC;0,4566638393
2022-07-03 00:00:00 UTC;0,4569126016
2022-07-04 00:00:00 UTC;0,4696973224
2022-07-05 00:00:00 UTC;0,4574919895
2022-07-06 00:00:00 UTC;0,4627136753
2022-07-07 00:00:00 UTC;0,4778460267
2022-07-08 00:00:00 UTC;0,4688628962
2022-07-09 00:00:00 UTC;0,4791646104
2022-07-10 00:00:00 UTC;0,4630218830
2022-07-11 00:00:00 UTC;0,4348217472
2022-07-12 00:00:00 UTC;0,4197679939
2022-07-13 00:00:00 UTC;0,4381982838
2022-07-14 00:00:00 UTC;0,4422514871
2022-07-15 00:00:00 UTC;0,4422885515
2022-07-16 00:00:00 UTC;0,4568503701
2022-07-17 00:00:00 UTC;0,4480728524
2022-07-18 00:00:00 UTC;0,4908430946
2022-07-19 00:00:00 UTC;0,5150267434
2022-07-20 00:00:00 UTC;0,4906513457
2022-07-21 00:00:00 UTC;0,4984497322
2022-07-22 00:00:00 UTC;0,4840866428
2022-07-23 00:00:00 UTC;0,5184554049
2022-07-24 00:00:00 UTC;0,5142083460
2022-07-25 00:00:00 UTC;0,4762526450
2022-07-26 00:00:00 UTC;0,4688197210
2022-07-27 00:00:00 UTC;0,5109494299
2022-07-28 00:00:00 UTC;0,5141179609
2022-07-29 00:00:00 UTC;0,5254286971
2022-07-30 00:00:00 UTC;0,5263554312
2022-07-31 00:00:00 UTC;0,5180908267
2022-08-01 00:00:00 UTC;0,5138479477
2022-08-02 00:00:00 UTC;0,4994549222
2022-08-03 00:00:00 UTC;0,5028940697
2022-08-04 00:00:00 UTC;0,5023743548
2022-08-05 00:00:00 UTC;0,5175849805
2022-08-06 00:00:00 UTC;0,5125621294
2022-08-07 00:00:00 UTC;0,5283935064
2022-08-08 00:00:00 UTC;0,5383796107
2022-08-09 00:00:00 UTC;0,5145244443
2022-08-10 00:00:00 UTC;0,5377501298
2022-08-11 00:00:00 UTC;0,5316682258
2022-08-12 00:00:00 UTC;0,5412135441
2022-08-13 00:00:00 UTC;0,5612163914
2022-08-14 00:00:00 UTC;0,5718987112
2022-08-15 00:00:00 UTC;0,5516871805
2022-08-16 00:00:00 UTC;0,5594667224
2022-08-17 00:00:00 UTC;0,5403681146
2022-08-18 00:00:00 UTC;0,5141596342
2022-08-19 00:00:00 UTC;0,4511016412
2022-08-20 00:00:00 UTC;0,4520893929
2022-08-21 00:00:00 UTC;0,4639103858
2022-08-22 00:00:00 UTC;0,4619340454
2022-08-23 00:00:00 UTC;0,4662595145
2022-08-24 00:00:00 UTC;0,4586986754
2022-08-25 00:00:00 UTC;0,4657090500
2022-08-26 00:00:00 UTC;0,4326676658
2022-08-27 00:00:00 UTC;0,4513225934
2022-08-28 00:00:00 UTC;0,4313569521
2022-08-29 00:00:00 UTC;0,4519475863
2022-08-30 00:00:00 UTC;0,4535700336
2022-08-31 00:00:00 UTC;0,4464725054
2022-09-01 00:00:00 UTC;0,4582071198
2022-09-02 00:00:00 UTC;0,4551526508
2022-09-03 00:00:00 UTC;0,4804951371
2022-09-04 00:00:00 UTC;0,5040028025
2022-09-05 00:00:00 UTC;0,4986266901
2022-09-06 00:00:00 UTC;0,4643553862
2022-09-07 00:00:00 UTC;0,4802078277
2022-09-08 00:00:00 UTC;0,4794621314
2022-09-09 00:00:00 UTC;0,5030343424
2022-09-10 00:00:00 UTC;0,5129097856
2022-09-11 00:00:00 UTC;0,5109545498
2022-09-12 00:00:00 UTC;0,5007697017
2022-09-13 00:00:00 UTC;0,4645040273
2022-09-14 00:00:00 UTC;0,4816326144
2022-09-15 00:00:00 UTC;0,4670110473
2022-09-16 00:00:00 UTC;0,4746499280
2022-09-17 00:00:00 UTC;0,4869374544
2022-09-18 00:00:00 UTC;0,4481377123
2022-09-19 00:00:00 UTC;0,4539302907
2022-09-20 00:00:00 UTC;0,4424791562
2022-09-21 00:00:00 UTC;0,4408667774
2022-09-22 00:00:00 UTC;0,4596794051
2022-09-23 00:00:00 UTC;0,4636417351
2022-09-24 00:00:00 UTC;0,4526552409
2022-09-25 00:00:00 UTC;0,4469135244
2022-09-26 00:00:00 UTC;0,4471787869
2022-09-27 00:00:00 UTC;0,4424639805
2022-09-28 00:00:00 UTC;0,4382517909
2022-09-29 00:00:00 UTC;0,4378369088
2022-09-30 00:00:00 UTC;0,4354153039
2022-10-01 00:00:00 UTC;0,4307934435
2022-10-02 00:00:00 UTC;0,4205266758
2022-10-03 00:00:00 UTC;0,4278529327
2022-10-04 00:00:00 UTC;0,4360328063
2022-10-05 00:00:00 UTC;0,4313230120
2022-10-06 00:00:00 UTC;0,4292699422
2022-10-07 00:00:00 UTC;0,4251243355
2022-10-08 00:00:00 UTC;0,4223206093
2022-10-09 00:00:00 UTC;0,4235530562
2022-10-10 00:00:00 UTC;0,4002542106
2022-10-11 00:00:00 UTC;0,3909840454
2022-10-12 00:00:00 UTC;0,3815361777
2022-10-13 00:00:00 UTC;0,3777984993
2022-10-14 00:00:00 UTC;0,3669728818
2022-10-15 00:00:00 UTC;0,3646323383
2022-10-16 00:00:00 UTC;0,3705216606
2022-10-17 00:00:00 UTC;0,3730517235
2022-10-18 00:00:00 UTC;0,3623767812
2022-10-19 00:00:00 UTC;0,3501247054
2022-10-20 00:00:00 UTC;0,3408450378
2022-10-21 00:00:00 UTC;0,3494018584
2022-10-22 00:00:00 UTC;0,3526288191
2022-10-23 00:00:00 UTC;0,3621000076
2022-10-24 00:00:00 UTC;0,3573309666
2022-10-25 00:00:00 UTC;0,4016503722
2022-10-26 00:00:00 UTC;0,4031759479
2022-10-27 00:00:00 UTC;0,3882219546
2022-10-28 00:00:00 UTC;0,4040795219
2022-10-29 00:00:00 UTC;0,4193086086
2022-10-30 00:00:00 UTC;0,4054773515
2022-10-31 00:00:00 UTC;0,4057104372
2022-11-01 00:00:00 UTC;0,4009398359
2022-11-02 00:00:00 UTC;0,3859985020
2022-11-03 00:00:00 UTC;0,3895113450
2022-11-04 00:00:00 UTC;0,4218218452
2022-11-05 00:00:00 UTC;0,4267291593
2022-11-06 00:00:00 UTC;0,4034156305
2022-11-07 00:00:00 UTC;0,4043760940
2022-11-08 00:00:00 UTC;0,3729131528
2022-11-09 00:00:00 UTC;0,3182619771
2022-11-10 00:00:00 UTC;0,3695042748
2022-11-11 00:00:00 UTC;0,3566798234
2022-11-12 00:00:00 UTC;0,3403991470
2022-11-13 00:00:00 UTC;0,3302996204
2022-11-14 00:00:00 UTC;0,3326155919
2022-11-15 00:00:00 UTC;0,3380262317
2022-11-16 00:00:00 UTC;0,3332250760
2022-11-17 00:00:00 UTC;0,3256445403
2022-11-18 00:00:00 UTC;0,3270189547
2022-11-19 00:00:00 UTC;0,3290028642
2022-11-20 00:00:00 UTC;0,3131309873
2022-11-21 00:00:00 UTC;0,3052097863
2022-11-22 00:00:00 UTC;0,3130194092
2022-11-23 00:00:00 UTC;0,3197684012
2022-11-24 00:00:00 UTC;0,3172906716
2022-11-25 00:00:00 UTC;0,3156610000
2022-11-26 00:00:00 UTC;0,3145104864
2022-11-27 00:00:00 UTC;0,3139076935
2022-11-28 00:00:00 UTC;0,3072015380
2022-11-29 00:00:00 UTC;0,3101656442
2022-11-30 00:00:00 UTC;0,3200851312
2022-12-01 00:00:00 UTC;0,3154319164
2022-12-02 00:00:00 UTC;0,3210177070
2022-12-03 00:00:00 UTC;0,3208158452
2022-12-04 00:00:00 UTC;0,3233266564
2022-12-05 00:00:00 UTC;0,3202323361
2022-12-06 00:00:00 UTC;0,3186818118
2022-12-07 00:00:00 UTC;0,3107526677
2022-12-08 00:00:00 UTC;0,3151664254
2022-12-09 00:00:00 UTC;0,3123555022
2022-12-10 00:00:00 UTC;0,3131195271
2022-12-11 00:00:00 UTC;0,3082784703
2022-12-12 00:00:00 UTC;0,3068464971
2022-12-13 00:00:00 UTC;0,3133675601
2022-12-14 00:00:00 UTC;0,3084184473
2022-12-15 00:00:00 UTC;0,2999029468
2022-12-16 00:00:00 UTC;0,2640536576
2022-12-17 00:00:00 UTC;0,2673968498
2022-12-18 00:00:00 UTC;0,2666872149
2022-12-19 00:00:00 UTC;0,2532723288
2022-12-20 00:00:00 UTC;0,2594247633
2022-12-21 00:00:00 UTC;0,2536009074
2022-12-22 00:00:00 UTC;0,2568961446
2022-12-23 00:00:00 UTC;0,2598973884
2022-12-24 00:00:00 UTC;0,2596550784
2022-12-25 00:00:00 UTC;0,2596287628
2022-12-26 00:00:00 UTC;0,2651896304
2022-12-27 00:00:00 UTC;0,2604352944
2022-12-28 00:00:00 UTC;0,2483426170
2022-12-29 00:00:00 UTC;0,2443629909
2022-12-30 00:00:00 UTC;0,2458677227
2022-12-31 00:00:00 UTC;0,2461843573
2023-01-01 00:00:00 UTC;0,2502077247
2023-01-02 00:00:00 UTC;0,2539848352
2023-01-03 00:00:00 UTC;0,2531195106
2023-01-04 00:00:00 UTC;0,2681597308
2023-01-05 00:00:00 UTC;0,2694392331
2023-01-06 00:00:00 UTC;0,2786573273
2023-01-07 00:00:00 UTC;0,2775530936
2023-01-08 00:00:00 UTC;0,2958020176
2023-01-09 00:00:00 UTC;0,3176711967
2023-01-10 00:00:00 UTC;0,3222598480
2023-01-11 00:00:00 UTC;0,3234701649
2023-01-12 00:00:00 UTC;0,3298143459
2023-01-13 00:00:00 UTC;0,3461419743
2023-01-14 00:00:00 UTC;0,3530659432
2023-01-15 00:00:00 UTC;0,3510665757
2023-01-16 00:00:00 UTC;0,3496696680
2023-01-17 00:00:00 UTC;0,3459434116
2023-01-18 00:00:00 UTC;0,3275517428
2023-01-19 00:00:00 UTC;0,3386704821
2023-01-20 00:00:00 UTC;0,3647650471
2023-01-21 00:00:00 UTC;0,3691519371
2023-01-22 00:00:00 UTC;0,3771812950
2023-01-23 00:00:00 UTC;0,3754062238
2023-01-24 00:00:00 UTC;0,3594941952
2023-01-25 00:00:00 UTC;0,3734600067
2023-01-26 00:00:00 UTC;0,3806215798
2023-01-27 00:00:00 UTC;0,3901373589
2023-01-28 00:00:00 UTC;0,3824862364
2023-01-29 00:00:00 UTC;0,3965144954
2023-01-30 00:00:00 UTC;0,3733442729
2023-01-31 00:00:00 UTC;0,3914123962
2023-02-01 00:00:00 UTC;0,3990322863
2023-02-02 00:00:00 UTC;0,3987831493
2023-02-03 00:00:00 UTC;0,4042741479
2023-02-04 00:00:00 UTC;0,3999251941
2023-02-05 00:00:00 UTC;0,3928917232
2023-02-06 00:00:00 UTC;0,3829436701
2023-02-07 00:00:00 UTC;0,3993798645
2023-02-08 00:00:00 UTC;0,3946881645
2023-02-09 00:00:00 UTC;0,3630574148
2023-02-10 00:00:00 UTC;0,3589702769
2023-02-11 00:00:00 UTC;0,3698597455
2023-02-12 00:00:00 UTC;0,3649082218
2023-02-13 00:00:00 UTC;0,3596538700
2023-02-14 00:00:00 UTC;0,3870882540
2023-02-15 00:00:00 UTC;0,4172085345
2023-02-16 00:00:00 UTC;0,3861522364
2023-02-17 00:00:00 UTC;0,4050287760
2023-02-18 00:00:00 UTC;0,4062952867
2023-02-19 00:00:00 UTC;0,3995021968
2023-02-20 00:00:00 UTC;0,4035291225
2023-02-21 00:00:00 UTC;0,3925454458
2023-02-22 00:00:00 UTC;0,3887914477
2023-02-23 00:00:00 UTC;0,3836668962
2023-02-24 00:00:00 UTC;0,3661833106
2023-02-25 00:00:00 UTC;0,3625814221
2023-02-26 00:00:00 UTC;0,3692164387
2023-02-27 00:00:00 UTC;0,3652827557
2023-02-28 00:00:00 UTC;0,3526506606
2023-03-01 00:00:00 UTC;0,3608969184
2023-03-02 00:00:00 UTC;0,3507674916
2023-03-03 00:00:00 UTC;0,3438560146
2023-03-04 00:00:00 UTC;0,3378599124
2023-03-05 00:00:00 UTC;0,3379713895
2023-03-06 00:00:00 UTC;0,3315236544
2023-03-07 00:00:00 UTC;0,3313044869
2023-03-08 00:00:00 UTC;0,3181735780
2023-03-09 00:00:00 UTC;0,3105158617
2023-03-10 00:00:00 UTC;0,3161392407
2023-03-11 00:00:00 UTC;0,3052007107
2023-03-12 00:00:00 UTC;0,3323997863
2023-03-13 00:00:00 UTC;0,3449643698
2023-03-14 00:00:00 UTC;0,3446645317
2023-03-15 00:00:00 UTC;0,3259863476
2023-03-16 00:00:00 UTC;0,3270092482
2023-03-17 00:00:00 UTC;0,3509362475
2023-03-18 00:00:00 UTC;0,3398067006
2023-03-19 00:00:00 UTC;0,3470816875
2023-03-20 00:00:00 UTC;0,3353901133
2023-03-21 00:00:00 UTC;0,3733002355
2023-03-22 00:00:00 UTC;0,3627362977
2023-03-23 00:00:00 UTC;0,3740660711
2023-03-24 00:00:00 UTC;0,3629399721
2023-03-25 00:00:00 UTC;0,3547136374
2023-03-26 00:00:00 UTC;0,3568091283
2023-03-27 00:00:00 UTC;0,3465728535
2023-03-28 00:00:00 UTC;0,3693260971
2023-03-29 00:00:00 UTC;0,3820032673
2023-03-30 00:00:00 UTC;0,3769615793
2023-03-31 00:00:00 UTC;0,3993430132
2023-04-01 00:00:00 UTC;0,3932900131
2023-04-02 00:00:00 UTC;0,3824639361
2023-04-03 00:00:00 UTC;0,3877524385
2023-04-04 00:00:00 UTC;0,3902391170
2023-04-05 00:00:00 UTC;0,3926193413
2023-04-06 00:00:00 UTC;0,3835961012
2023-04-07 00:00:00 UTC;0,3841118071
2023-04-08 00:00:00 UTC;0,3865897796
2023-04-09 00:00:00 UTC;0,3898396077
2023-04-10 00:00:00 UTC;0,3975102343
2023-04-11 00:00:00 UTC;0,4020599496
2023-04-12 00:00:00 UTC;0,4051942678
2023-04-13 00:00:00 UTC;0,4261199155
2023-04-14 00:00:00 UTC;0,4385887839
2023-04-15 00:00:00 UTC;0,4538693456
2023-04-16 00:00:00 UTC;0,4520937564
2023-04-17 00:00:00 UTC;0,4342444331
2023-04-18 00:00:00 UTC;0,4440376838
2023-04-19 00:00:00 UTC;0,4164434762
2023-04-20 00:00:00 UTC;0,4006395014
2023-04-21 00:00:00 UTC;0,3832158617
2023-04-22 00:00:00 UTC;0,3964731889
2023-04-23 00:00:00 UTC;0,3891558627
2023-04-24 00:00:00 UTC;0,3838537391
2023-04-25 00:00:00 UTC;0,3947632117
2023-04-26 00:00:00 UTC;0,4020179461
2023-04-27 00:00:00 UTC;0,4102465567
2023-04-28 00:00:00 UTC;0,4050622492
2023-04-29 00:00:00 UTC;0,4028898829
2023-04-30 00:00:00 UTC;0,3966910321
2023-05-01 00:00:00 UTC;0,3871580587
2023-05-02 00:00:00 UTC;0,3921727451
2023-05-03 00:00:00 UTC;0,3940856254
2023-05-04 00:00:00 UTC;0,3877684606
2023-05-05 00:00:00 UTC;0,3947605665
2023-05-06 00:00:00 UTC;0,3799578891
2023-05-07 00:00:00 UTC;0,3782001704
2023-05-08 00:00:00 UTC;0,3660651739
2023-05-09 00:00:00 UTC;0,3639083908
2023-05-10 00:00:00 UTC;0,3700420562
2023-05-11 00:00:00 UTC;0,3604120502
2023-05-12 00:00:00 UTC;0,3709720844
2023-05-13 00:00:00 UTC;0,3650921754
2023-05-14 00:00:00 UTC;0,3715650083
2023-05-15 00:00:00 UTC;0,3673026945
2023-05-16 00:00:00 UTC;0,3683253495
2023-05-17 00:00:00 UTC;0,3756444975
2023-05-18 00:00:00 UTC;0,3724214751
2023-05-19 00:00:00 UTC;0,3684143777
2023-05-20 00:00:00 UTC;0,3668391909
2023-05-21 00:00:00 UTC;0,3609056388
2023-05-22 00:00:00 UTC;0,3683938972
2023-05-23 00:00:00 UTC;0,3706635215
2023-05-24 00:00:00 UTC;0,3643299439
2023-05-25 00:00:00 UTC;0,3585798622
2023-05-26 00:00:00 UTC;0,3631606118
2023-05-27 00:00:00 UTC;0,3674167784
2023-05-28 00:00:00 UTC;0,3833094799
2023-05-29 00:00:00 UTC;0,3791132002
2023-05-30 00:00:00 UTC;0,3780867825
2023-05-31 00:00:00 UTC;0,3746843009
2023-06-01 00:00:00 UTC;0,3649228218
2023-06-02 00:00:00 UTC;0,3786736046
2023-06-03 00:00:00 UTC;0,3764675138
2023-06-04 00:00:00 UTC;0,3783729801
2023-06-05 00:00:00 UTC;0,3517281053
2023-06-06 00:00:00 UTC;0,3531926881
2023-06-07 00:00:00 UTC;0,3224786849
2023-06-08 00:00:00 UTC;0,3231328028
2023-06-09 00:00:00 UTC;0,2952040634
2023-06-10 00:00:00 UTC;0,2759646143
2023-06-11 00:00:00 UTC;0,2722608853
2023-06-12 00:00:00 UTC;0,2753750958
2023-06-13 00:00:00 UTC;0,2754238592
2023-06-14 00:00:00 UTC;0,2634722162
2023-06-15 00:00:00 UTC;0,2620271100
2023-06-16 00:00:00 UTC;0,2633133417
2023-06-17 00:00:00 UTC;0,2670697726
2023-06-18 00:00:00 UTC;0,2611177652
2023-06-19 00:00:00 UTC;0,2633306594
2023-06-20 00:00:00 UTC;0,2701855352
2023-06-21 00:00:00 UTC;0,2869850419
2023-06-22 00:00:00 UTC;0,2904228635
2023-06-23 00:00:00 UTC;0,2963988192
2023-06-24 00:00:00 UTC;0,2896304005
2023-06-25 00:00:00 UTC;0,2921447778
2023-06-26 00:00:00 UTC;0,2805154940
2023-06-27 00:00:00 UTC;0,2863490390
2023-06-28 00:00:00 UTC;0,2668818241
2023-06-29 00:00:00 UTC;0,2753943158
2023-06-30 00:00:00 UTC;0,2867888061
2023-07-01 00:00:00 UTC;0,2921524378
2023-07-02 00:00:00 UTC;0,2918442081
2023-07-03 00:00:00 UTC;0,2962940288
2023-07-04 00:00:00 UTC;0,2922154683
2023-07-05 00:00:00 UTC;0,2840772815
2023-07-06 00:00:00 UTC;0,2790956851
2023-07-07 00:00:00 UTC;0,2845582463
2023-07-08 00:00:00 UTC;0,2907159669
2023-07-09 00:00:00 UTC;0,2843384281
2023-07-10 00:00:00 UTC;0,2876429755
2023-07-11 00:00:00 UTC;0,2926492632
2023-07-12 00:00:00 UTC;0,2889483794
2023-07-13 00:00:00 UTC;0,3565769765
2023-07-14 00:00:00 UTC;0,3290604142
2023-07-15 00:00:00 UTC;0,3261510872
2023-07-16 00:00:00 UTC;0,3146759472
2023-07-17 00:00:00 UTC;0,3122842595
2023-07-18 00:00:00 UTC;0,3081057910
2023-07-19 00:00:00 UTC;0,3240000516
2023-07-20 00:00:00 UTC;0,3158520355
2023-07-21 00:00:00 UTC;0,3128705577
2023-07-22 00:00:00 UTC;0,3100939009
2023-07-23 00:00:00 UTC;0,3171241552
2023-07-24 00:00:00 UTC;0,3050946485
2023-07-25 00:00:00 UTC;0,3037320183
2023-07-26 00:00:00 UTC;0,3065693521
2023-07-27 00:00:00 UTC;0,3075696790
2023-07-28 00:00:00 UTC;0,3097990237
2023-07-29 00:00:00 UTC;0,3127901706
2023-07-30 00:00:00 UTC;0,3156650531
2023-07-31 00:00:00 UTC;0,3069201227
2023-08-01 00:00:00 UTC;0,3109429321
2023-08-02 00:00:00 UTC;0,2991839975
2023-08-03 00:00:00 UTC;0,2921507652
2023-08-04 00:00:00 UTC;0,2931945392
2023-08-05 00:00:00 UTC;0,2936016803
2023-08-06 00:00:00 UTC;0,2918595319
2023-08-07 00:00:00 UTC;0,2903143784
2023-08-08 00:00:00 UTC;0,2978362628
2023-08-09 00:00:00 UTC;0,3011637406
2023-08-10 00:00:00 UTC;0,2960888247
2023-08-11 00:00:00 UTC;0,2931264602
2023-08-12 00:00:00 UTC;0,2918230798
2023-08-13 00:00:00 UTC;0,2893771873
2023-08-14 00:00:00 UTC;0,2904633849
2023-08-15 00:00:00 UTC;0,2816525020
2023-08-16 00:00:00 UTC;0,2743617455
2023-08-17 00:00:00 UTC;0,2558346052
2023-08-18 00:00:00 UTC;0,2637416466
2023-08-19 00:00:00 UTC;0,2684348481
2023-08-20 00:00:00 UTC;0,2705408921
2023-08-21 00:00:00 UTC;0,2629110880
2023-08-22 00:00:00 UTC;0,2582401786
2023-08-23 00:00:00 UTC;0,2680326839
2023-08-24 00:00:00 UTC;0,2655751728
2023-08-25 00:00:00 UTC;0,2610414529
2023-08-26 00:00:00 UTC;0,2607315111
2023-08-27 00:00:00 UTC;0,2631885351
2023-08-28 00:00:00 UTC;0,2674348194
2023-08-29 00:00:00 UTC;0,2725749351
2023-08-30 00:00:00 UTC;0,2655281354
2023-08-31 00:00:00 UTC;0,2553605302
2023-09-01 00:00:00 UTC;0,2548633460
2023-09-02 00:00:00 UTC;0,2561705714
2023-09-03 00:00:00 UTC;0,2558144821
2023-09-04 00:00:00 UTC;0,2560167501
2023-09-05 00:00:00 UTC;0,2575182811
2023-09-06 00:00:00 UTC;0,2575874373
2023-09-07 00:00:00 UTC;0,2576916489
2023-09-08 00:00:00 UTC;0,2543389081
2023-09-09 00:00:00 UTC;0,2532303145
2023-09-10 00:00:00 UTC;0,2489740147
2023-09-11 00:00:00 UTC;0,2419747405
2023-09-12 00:00:00 UTC;0,2452896970
2023-09-13 00:00:00 UTC;0,2487068005
2023-09-14 00:00:00 UTC;0,2512782453
2023-09-15 00:00:00 UTC;0,2504315372
2023-09-16 00:00:00 UTC;0,2502699742
2023-09-17 00:00:00 UTC;0,2472323293
2023-09-18 00:00:00 UTC;0,2515305815
2023-09-19 00:00:00 UTC;0,2548755751
2023-09-20 00:00:00 UTC;0,2516107034
2023-09-21 00:00:00 UTC;0,2450997978
2023-09-22 00:00:00 UTC;0,2447992126
2023-09-23 00:00:00 UTC;0,2460706824
2023-09-24 00:00:00 UTC;0,2428190325
2023-09-25 00:00:00 UTC;0,2458966419
2023-09-26 00:00:00 UTC;0,2453172622
2023-09-27 00:00:00 UTC;0,2445749570
2023-09-28 00:00:00 UTC;0,2488754465
2023-09-29 00:00:00 UTC;0,2494333719
2023-09-30 00:00:00 UTC;0,2539923581
2023-10-01 00:00:00 UTC;0,2659716023
2023-10-02 00:00:00 UTC;0,2590240398
2023-10-03 00:00:00 UTC;0,2610185030
2023-10-04 00:00:00 UTC;0,2590436294
2023-10-05 00:00:00 UTC;0,2600823269
2023-10-06 00:00:00 UTC;0,2648386206
2023-10-07 00:00:00 UTC;0,2585553649
2023-10-08 00:00:00 UTC;0,2564706641
2023-10-09 00:00:00 UTC;0,2514169861
2023-10-10 00:00:00 UTC;0,2489945113
2023-10-11 00:00:00 UTC;0,2480255803
2023-10-12 00:00:00 UTC;0,2459148176
2023-10-13 00:00:00 UTC;0,2459258691
2023-10-14 00:00:00 UTC;0,2469354227
2023-10-15 00:00:00 UTC;0,2472956036
2023-10-16 00:00:00 UTC;0,2512917801
2023-10-17 00:00:00 UTC;0,2464712118
2023-10-18 00:00:00 UTC;0,2430025999
2023-10-19 00:00:00 UTC;0,2469774076
2023-10-20 00:00:00 UTC;0,2512379221
2023-10-21 00:00:00 UTC;0,2586281629
2023-10-22 00:00:00 UTC;0,2639785290
2023-10-23 00:00:00 UTC;0,2808132147
2023-10-24 00:00:00 UTC;0,2792054445
2023-10-25 00:00:00 UTC;0,2805898188
2023-10-26 00:00:00 UTC;0,2871169773
2023-10-27 00:00:00 UTC;0,2894737758
2023-10-28 00:00:00 UTC;0,2911219163
2023-10-29 00:00:00 UTC;0,2951783811
2023-10-30 00:00:00 UTC;0,3027831953
2023-10-31 00:00:00 UTC;0,2932325312
2023-11-01 00:00:00 UTC;0,3073289024
2023-11-02 00:00:00 UTC;0,3233058502
2023-11-03 00:00:00 UTC;0,3288933581
2023-11-04 00:00:00 UTC;0,3282285377
2023-11-05 00:00:00 UTC;0,3420785553
2023-11-06 00:00:00 UTC;0,3628811911
2023-11-07 00:00:00 UTC;0,3514665475
2023-11-08 00:00:00 UTC;0,3573226636
2023-11-09 00:00:00 UTC;0,3680424979
2023-11-10 00:00:00 UTC;0,3862327202
2023-11-11 00:00:00 UTC;0,3845865476
2023-11-12 00:00:00 UTC;0,3835116541
2023-11-13 00:00:00 UTC;0,3577591618
2023-11-14 00:00:00 UTC;0,3576875635
2023-11-15 00:00:00 UTC;0,3788969429
2023-11-16 00:00:00 UTC;0,3704420751
2023-11-17 00:00:00 UTC;0,3670535670
2023-11-18 00:00:00 UTC;0,3776574230
2023-11-19 00:00:00 UTC;0,3842430047
2023-11-20 00:00:00 UTC;0,3802715887
2023-11-21 00:00:00 UTC;0,3574694886
2023-11-22 00:00:00 UTC;0,3802388711
2023-11-23 00:00:00 UTC;0,3873260375
2023-11-24 00:00:00 UTC;0,3860712464
2023-11-25 00:00:00 UTC;0,3945274936
2023-11-26 00:00:00 UTC;0,3879189734
2023-11-27 00:00:00 UTC;0,3780105886
2023-11-28 00:00:00 UTC;0,3853096405
2023-11-29 00:00:00 UTC;0,3817877780
2023-11-30 00:00:00 UTC;0,3757960082
2023-12-01 00:00:00 UTC;0,3841950121
2023-12-02 00:00:00 UTC;0,3980240313
2023-12-03 00:00:00 UTC;0,3951747583
2023-12-04 00:00:00 UTC;0,4069138802
2023-12-05 00:00:00 UTC;0,4250952050
2023-12-06 00:00:00 UTC;0,4421574577
2023-12-07 00:00:00 UTC;0,4564795094
2023-12-08 00:00:00 UTC;0,5460685849
2023-12-09 00:00:00 UTC;0,5785259197
2023-12-10 00:00:00 UTC;0,5940732688
2023-12-11 00:00:00 UTC;0,5506350568
2023-12-12 00:00:00 UTC;0,5757637585
2023-12-13 00:00:00 UTC;0,6629492360
2023-12-14 00:00:00 UTC;0,6436284300
2023-12-15 00:00:00 UTC;0,6008552872
2023-12-16 00:00:00 UTC;0,6071669380
2023-12-17 00:00:00 UTC;0,5801591674
2023-12-18 00:00:00 UTC;0,6009743607
2023-12-19 00:00:00 UTC;0,5763133676
2023-12-20 00:00:00 UTC;0,5896082856
2023-12-21 00:00:00 UTC;0,6364917791
2023-12-22 00:00:00 UTC;0,6233472217
2023-12-23 00:00:00 UTC;0,6137854647
2023-12-24 00:00:00 UTC;0,5925222845
2023-12-25 00:00:00 UTC;0,6246928895
2023-12-26 00:00:00 UTC;0,6082015826
2023-12-27 00:00:00 UTC;0,6335853101
2023-12-28 00:00:00 UTC;0,6162209542
2023-12-29 00:00:00 UTC;0,6085953958
2023-12-30 00:00:00 UTC;0,6015893420
2023-12-31 00:00:00 UTC;0,5942824651
2024-01-01 00:00:00 UTC;0,6229063637
2024-01-02 00:00:00 UTC;0,6050140912
2024-01-03 00:00:00 UTC;0,5574510335
2024-01-04 00:00:00 UTC;0,5699552222
2024-01-05 00:00:00 UTC;0,5408823766
2024-01-06 00:00:00 UTC;0,5229918969
2024-01-07 00:00:00 UTC;0,4941448442
2024-01-08 00:00:00 UTC;0,5411648180
2024-01-09 00:00:00 UTC;0,5119792684
2024-01-10 00:00:00 UTC;0,5657789750
2024-01-11 00:00:00 UTC;0,5820822629
2024-01-12 00:00:00 UTC;0,5476816435
2024-01-13 00:00:00 UTC;0,5492704525
2024-01-14 00:00:00 UTC;0,5256190975
2024-01-15 00:00:00 UTC;0,5275257310
2024-01-16 00:00:00 UTC;0,5358415217
2024-01-17 00:00:00 UTC;0,5272202175
2024-01-18 00:00:00 UTC;0,5015734070
2024-01-19 00:00:00 UTC;0,5027577669
2024-01-20 00:00:00 UTC;0,5153325005
2024-01-21 00:00:00 UTC;0,5026531059
2024-01-22 00:00:00 UTC;0,4779603886
2024-01-23 00:00:00 UTC;0,4770473575
2024-01-24 00:00:00 UTC;0,4760258070
2024-01-25 00:00:00 UTC;0,4664143330
2024-01-26 00:00:00 UTC;0,4851948633
2024-01-27 00:00:00 UTC;0,4860884415
2024-01-28 00:00:00 UTC;0,4898757469
2024-01-29 00:00:00 UTC;0,5245514388
2024-01-30 00:00:00 UTC;0,5146747897
2024-01-31 00:00:00 UTC;0,4976717970
2024-02-01 00:00:00 UTC;0,5071816560
2024-02-02 00:00:00 UTC;0,5141287563
2024-02-03 00:00:00 UTC;0,5124601605
2024-02-04 00:00:00 UTC;0,4936010001
2024-02-05 00:00:00 UTC;0,4934627673
2024-02-06 00:00:00 UTC;0,4989744703
2024-02-07 00:00:00 UTC;0,5020792097
2024-02-08 00:00:00 UTC;0,5291228792
2024-02-09 00:00:00 UTC;0,5408886630
2024-02-10 00:00:00 UTC;0,5511677259
2024-02-11 00:00:00 UTC;0,5418240075
2024-02-12 00:00:00 UTC;0,5593680032
2024-02-13 00:00:00 UTC;0,5453319958
2024-02-14 00:00:00 UTC;0,5772055700
2024-02-15 00:00:00 UTC;0,6085397125
2024-02-16 00:00:00 UTC;0,5985656871
2024-02-17 00:00:00 UTC;0,6089804570
2024-02-18 00:00:00 UTC;0,6190262276
2024-02-19 00:00:00 UTC;0,6310973885
2024-02-20 00:00:00 UTC;0,6218388404
2024-02-21 00:00:00 UTC;0,5987524079
2024-02-22 00:00:00 UTC;0,5863864081
2024-02-23 00:00:00 UTC;0,5823405221
2024-02-24 00:00:00 UTC;0,5967604901
2024-02-25 00:00:00 UTC;0,5914172303
2024-02-26 00:00:00 UTC;0,6197028185
2024-02-27 00:00:00 UTC;0,6242575245
2024-02-28 00:00:00 UTC;0,6307547369
2024-02-29 00:00:00 UTC;0,6544259999
2024-03-01 00:00:00 UTC;0,7176580203
2024-03-02 00:00:00 UTC;0,7413125446
2024-03-03 00:00:00 UTC;0,7288394422
2024-03-04 00:00:00 UTC;0,7712119221
2024-03-05 00:00:00 UTC;0,6918014843
2024-03-06 00:00:00 UTC;0,7343267018
2024-03-07 00:00:00 UTC;0,7441266291
2024-03-08 00:00:00 UTC;0,7237473275
2024-03-09 00:00:00 UTC;0,7444296111
2024-03-10 00:00:00 UTC;0,7170351937
2024-03-11 00:00:00 UTC;0,7738559147
2024-03-12 00:00:00 UTC;0,7480963634
2024-03-13 00:00:00 UTC;0,7642175693
2024-03-14 00:00:00 UTC;0,7506710667
2024-03-15 00:00:00 UTC;0,7267856398
2024-03-16 00:00:00 UTC;0,6605308668
2024-03-17 00:00:00 UTC;0,6803747743
2024-03-18 00:00:00 UTC;0,6597436739
2024-03-19 00:00:00 UTC;0,5859378096
2024-03-20 00:00:00 UTC;0,6395933143
2024-03-21 00:00:00 UTC;0,6316885431
2024-03-22 00:00:00 UTC;0,6139919756
2024-03-23 00:00:00 UTC;0,6232730338
2024-03-24 00:00:00 UTC;0,6458577405
2024-03-25 00:00:00 UTC;0,6565442906
2024-03-26 00:00:00 UTC;0,6648893723
2024-03-27 00:00:00 UTC;0,6482379077
2024-03-28 00:00:00 UTC;0,6505984361
2024-03-29 00:00:00 UTC;0,6644891698
2024-03-30 00:00:00 UTC;0,6439632940
2024-03-31 00:00:00 UTC;0,6510043339
2024-04-01 00:00:00 UTC;0,6213083959
2024-04-02 00:00:00 UTC;0,5805012427
2024-04-03 00:00:00 UTC;0,5700193972
2024-04-04 00:00:00 UTC;0,5830034102
2024-04-05 00:00:00 UTC;0,5745558475
2024-04-06 00:00:00 UTC;0,5841127602
2024-04-07 00:00:00 UTC;0,5891434676
2024-04-08 00:00:00 UTC;0,6140474529
2024-04-09 00:00:00 UTC;0,5913311919
2024-04-10 00:00:00 UTC;0,5861167634
2024-04-11 00:00:00 UTC;0,5858637939
2024-04-12 00:00:00 UTC;0,5037866826
2024-04-13 00:00:00 UTC;0,4461110373
2024-04-14 00:00:00 UTC;0,4672893152
2024-04-15 00:00:00 UTC;0,4604333440
2024-04-16 00:00:00 UTC;0,4587527345
2024-04-17 00:00:00 UTC;0,4439871467
2024-04-18 00:00:00 UTC;0,4582502705
2024-04-19 00:00:00 UTC;0,4678310121
2024-04-20 00:00:00 UTC;0,5068214171
2024-04-21 00:00:00 UTC;0,4995396422
2024-04-22 00:00:00 UTC;0,5168147663
2024-04-23 00:00:00 UTC;0,5002078796
2024-04-24 00:00:00 UTC;0,4746717648
2024-04-25 00:00:00 UTC;0,4705199655
2024-04-26 00:00:00 UTC;0,4628012455
2024-04-27 00:00:00 UTC;0,4665700690
2024-04-28 00:00:00 UTC;0,4602443338
2024-04-29 00:00:00 UTC;0,4571728684
2024-04-30 00:00:00 UTC;0,4401433074
2024-05-01 00:00:00 UTC;0,4497089919
2024-05-02 00:00:00 UTC;0,4578417434
2024-05-03 00:00:00 UTC;0,4675487064
2024-05-04 00:00:00 UTC;0,4633126447
2024-05-05 00:00:00 UTC;0,4580291555
2024-05-06 00:00:00 UTC;0,4540918020
2024-05-07 00:00:00 UTC;0,4417696633
2024-05-08 00:00:00 UTC;0,4518493464
2024-05-09 00:00:00 UTC;0,4635469550
2024-05-10 00:00:00 UTC;0,4476401743
2024-05-11 00:00:00 UTC;0,4386054829
2024-05-12 00:00:00 UTC;0,4376069078
2024-05-13 00:00:00 UTC;0,4363107653
2024-05-14 00:00:00 UTC;0,4279973149
2024-05-15 00:00:00 UTC;0,4528779032
2024-05-16 00:00:00 UTC;0,4593721950
2024-05-17 00:00:00 UTC;0,4822671562
2024-05-18 00:00:00 UTC;0,4823827951
2024-05-19 00:00:00 UTC;0,4671886526
2024-05-20 00:00:00 UTC;0,5020465200
2024-05-21 00:00:00 UTC;0,4944289226
2024-05-22 00:00:00 UTC;0,4832628118
2024-05-23 00:00:00 UTC;0,4654569841
2024-05-24 00:00:00 UTC;0,4596487342
2024-05-25 00:00:00 UTC;0,4621238954
2024-05-26 00:00:00 UTC;0,4579950704
2024-05-27 00:00:00 UTC;0,4678566667
2024-05-28 00:00:00 UTC;0,4569568536
2024-05-29 00:00:00 UTC;0,4506772174
2024-05-30 00:00:00 UTC;0,4464494820
2024-05-31 00:00:00 UTC;0,4471168113
2024-06-01 00:00:00 UTC;0,4498328876
2024-06-02 00:00:00 UTC;0,4463256993
2024-06-03 00:00:00 UTC;0,4570189347
2024-06-04 00:00:00 UTC;0,4612730036
2024-06-05 00:00:00 UTC;0,4609692598
2024-06-06 00:00:00 UTC;0,4579952103
2024-06-07 00:00:00 UTC;0,4489563359
2024-06-08 00:00:00 UTC;0,4364602119
2024-06-09 00:00:00 UTC;0,4441639480
2024-06-10 00:00:00 UTC;0,4407245188
2024-06-11 00:00:00 UTC;0,4219149236
2024-06-12 00:00:00 UTC;0,4376996008
2024-06-13 00:00:00 UTC;0,4209572761
2024-06-14 00:00:00 UTC;0,4116492340
2024-06-15 00:00:00 UTC;0,4137235160
2024-06-16 00:00:00 UTC;0,4164811867
2024-06-17 00:00:00 UTC;0,4011191460
2024-06-18 00:00:00 UTC;0,3836773935
2024-06-19 00:00:00 UTC;0,3841408994
2024-06-20 00:00:00 UTC;0,3839551051
2024-06-21 00:00:00 UTC;0,3758599124
2024-06-22 00:00:00 UTC;0,3845657003
2024-06-23 00:00:00 UTC;0,3795075458
2024-06-24 00:00:00 UTC;0,3772239399
2024-06-25 00:00:00 UTC;0,3919788881
2024-06-26 00:00:00 UTC;0,3848545280
2024-06-27 00:00:00 UTC;0,3905896091
2024-06-28 00:00:00 UTC;0,3850964131
2024-06-29 00:00:00 UTC;0,3835261652
2024-06-30 00:00:00 UTC;0,3916219617
2024-07-01 00:00:00 UTC;0,4030776111
2024-07-02 00:00:00 UTC;0,4176352263
2024-07-03 00:00:00 UTC;0,4061809552
2024-07-04 00:00:00 UTC;0,3615882001
2024-07-05 00:00:00 UTC;0,3494337391
2024-07-06 00:00:00 UTC;0,3715655592
2024-07-07 00:00:00 UTC;0,3461617448
2024-07-08 00:00:00 UTC;0,3686391017
2024-07-09 00:00:00 UTC;0,3753850581
2024-07-10 00:00:00 UTC;0,3882296328
2024-07-11 00:00:00 UTC;0,3957004076
2024-07-12 00:00:00 UTC;0,4165108442
2024-07-13 00:00:00 UTC;0,4418413967
2024-07-14 00:00:00 UTC;0,4311134372
2024-07-15 00:00:00 UTC;0,4457176975
2024-07-16 00:00:00 UTC;0,4381369770
2024-07-17 00:00:00 UTC;0,4362866675
2024-07-18 00:00:00 UTC;0,4239042739
2024-07-19 00:00:00 UTC;0,4394908259
2024-07-20 00:00:00 UTC;0,4374355870
2024-07-21 00:00:00 UTC;0,4467302895
2024-07-22 00:00:00 UTC;0,4260447629
2024-07-23 00:00:00 UTC;0,4098871565
2024-07-24 00:00:00 UTC;0,4062370292
2024-07-25 00:00:00 UTC;0,3948025127
2024-07-26 00:00:00 UTC;0,4174238448
2024-07-27 00:00:00 UTC;0,4166362579
2024-07-28 00:00:00 UTC;0,4073032639
2024-07-29 00:00:00 UTC;0,4039109587
2024-07-30 00:00:00 UTC;0,4014444502
2024-07-31 00:00:00 UTC;0,3880183686
2024-08-01 00:00:00 UTC;0,3925874595
2024-08-02 00:00:00 UTC;0,3635195654
2024-08-03 00:00:00 UTC;0,3640299776
2024-08-04 00:00:00 UTC;0,3445594720
2024-08-05 00:00:00 UTC;0,3121025218
2024-08-06 00:00:00 UTC;0,3308145252
2024-08-07 00:00:00 UTC;0,3235423097
2024-08-08 00:00:00 UTC;0,3514967933
2024-08-09 00:00:00 UTC;0,3484308139
2024-08-10 00:00:00 UTC;0,3460448347
2024-08-11 00:00:00 UTC;0,3275835675
2024-08-12 00:00:00 UTC;0,3387346232
2024-08-13 00:00:00 UTC;0,3400817676
2024-08-14 00:00:00 UTC;0,3352218081
2024-08-15 00:00:00 UTC;0,3248724432
2024-08-16 00:00:00 UTC;0,3301260945
2024-08-17 00:00:00 UTC;0,3374447222
2024-08-18 00:00:00 UTC;0,3342107878
2024-08-19 00:00:00 UTC;0,3365267959
2024-08-20 00:00:00 UTC;0,3433249239
2024-08-21 00:00:00 UTC;0,3690150747
2024-08-22 00:00:00 UTC;0,3764122655
2024-08-23 00:00:00 UTC;0,3916261748
2024-08-24 00:00:00 UTC;0,3940122329
2024-08-25 00:00:00 UTC;0,3847503508
2024-08-26 00:00:00 UTC;0,3666506725
2024-08-27 00:00:00 UTC;0,3500298484
2024-08-28 00:00:00 UTC;0,3502202848
2024-08-29 00:00:00 UTC;0,3570144963
2024-08-30 00:00:00 UTC;0,3468775496
2024-08-31 00:00:00 UTC;0,3449517299
2024-09-01 00:00:00 UTC;0,3313940757
2024-09-02 00:00:00 UTC;0,3360776424
2024-09-03 00:00:00 UTC;0,3185517189
2024-09-04 00:00:00 UTC;0,3231559195
2024-09-05 00:00:00 UTC;0,3249874082
2024-09-06 00:00:00 UTC;0,3147776713
2024-09-07 00:00:00 UTC;0,3251888293
2024-09-08 00:00:00 UTC;0,3391083373
2024-09-09 00:00:00 UTC;0,3433443596
2024-09-10 00:00:00 UTC;0,3435718712
2024-09-11 00:00:00 UTC;0,3533152130
2024-09-12 00:00:00 UTC;0,3564422627
2024-09-13 00:00:00 UTC;0,3606589041
2024-09-14 00:00:00 UTC;0,3541465608
2024-09-15 00:00:00 UTC;0,3385757433
2024-09-16 00:00:00 UTC;0,3301066375
2024-09-17 00:00:00 UTC;0,3339252528
2024-09-18 00:00:00 UTC;0,3447432313
2024-09-19 00:00:00 UTC;0,3508955804
2024-09-20 00:00:00 UTC;0,3523344117
2024-09-21 00:00:00 UTC;0,3586562528
2024-09-22 00:00:00 UTC;0,3516548171
2024-09-23 00:00:00 UTC;0,3638264823
2024-09-24 00:00:00 UTC;0,3873633944
2024-09-25 00:00:00 UTC;0,3811682915
2024-09-26 00:00:00 UTC;0,4018202372
2024-09-27 00:00:00 UTC;0,4022221600
2024-09-28 00:00:00 UTC;0,4006332627
2024-09-29 00:00:00 UTC;0,3974137307
2024-09-30 00:00:00 UTC;0,3735096200
2024-10-01 00:00:00 UTC;0,3518354401
2024-10-02 00:00:00 UTC;0,3435061032
2024-10-03 00:00:00 UTC;0,3452259728
2024-10-04 00:00:00 UTC;0,3516821432
2024-10-05 00:00:00 UTC;0,3507593282
2024-10-06 00:00:00 UTC;0,3573322476
2024-10-07 00:00:00 UTC;0,3507703079
2024-10-08 00:00:00 UTC;0,3445163166
2024-10-09 00:00:00 UTC;0,3393803475
2024-10-10 00:00:00 UTC;0,3392234157
2024-10-11 00:00:00 UTC;0,3513869237
2024-10-12 00:00:00 UTC;0,3532202141
2024-10-13 00:00:00 UTC;0,3481980059
2024-10-14 00:00:00 UTC;0,3637827282
2024-10-15 00:00:00 UTC;0,3591567203
2024-10-16 00:00:00 UTC;0,3522134816
2024-10-17 00:00:00 UTC;0,3428636098
2024-10-18 00:00:00 UTC;0,3505403008
2024-10-19 00:00:00 UTC;0,3514955981
2024-10-20 00:00:00 UTC;0,3652136756
2024-10-21 00:00:00 UTC;0,3605502617
2024-10-22 00:00:00 UTC;0,3642433663
2024-10-23 00:00:00 UTC;0,3495123233
2024-10-24 00:00:00 UTC;0,3462866095
2024-10-25 00:00:00 UTC;0,3252585831
2024-10-26 00:00:00 UTC;0,3332155501
2024-10-27 00:00:00 UTC;0,3396461906
2024-10-28 00:00:00 UTC;0,3439275962
2024-10-29 00:00:00 UTC;0,3557163521
2024-10-30 00:00:00 UTC;0,3549229500
2024-10-31 00:00:00 UTC;0,3412830678
2024-11-01 00:00:00 UTC;0,3570591474
2024-11-02 00:00:00 UTC;0,3477443203
2024-11-03 00:00:00 UTC;0,3339232132
2024-11-04 00:00:00 UTC;0,3259069126
2024-11-05 00:00:00 UTC;0,3336665655
2024-11-06 00:00:00 UTC;0,3631509157
2024-11-07 00:00:00 UTC;0,4052642239
2024-11-08 00:00:00 UTC;0,4442464813
2024-11-09 00:00:00 UTC;0,4921679574
2024-11-10 00:00:00 UTC;0,5892194644
2024-11-11 00:00:00 UTC;0,6142662383
2024-11-12 00:00:00 UTC;0,5728831935
2024-11-13 00:00:00 UTC;0,5796568836
2024-11-14 00:00:00 UTC;0,5788606151
2024-11-15 00:00:00 UTC;0,7039146693
2024-11-16 00:00:00 UTC;0,7398535433
2024-11-17 00:00:00 UTC;0,7030705701
2024-11-18 00:00:00 UTC;0,7345931719
2024-11-19 00:00:00 UTC;0,7410373131
2024-11-20 00:00:00 UTC;0,8021204004
2024-11-21 00:00:00 UTC;0,8196444737
2024-11-22 00:00:00 UTC;1,0109827871
2024-11-23 00:00:00 UTC;1,0665996919
2024-11-24 00:00:00 UTC;1,0235099955
2024-11-25 00:00:00 UTC;0,9445545485
2024-11-26 00:00:00 UTC;0,9613113810
2024-11-27 00:00:00 UTC;1,0086068229
2024-11-28 00:00:00 UTC;1,0317238253
2024-11-29 00:00:00 UTC;1,0761432371
2024-11-30 00:00:00 UTC;1,0781242915
2024-12-01 00:00:00 UTC;1,1503278252
2024-12-02 00:00:00 UTC;1,2006410110
2024-12-03 00:00:00 UTC;1,1960495103
2024-12-04 00:00:00 UTC;1,1843817410
2024-12-05 00:00:00 UTC;1,1631341565
2024-12-06 00:00:00 UTC;1,2315470920
2024-12-07 00:00:00 UTC;1,2148046284
2024-12-08 00:00:00 UTC;1,1955313512
2024-12-09 00:00:00 UTC;1,0066107852
2024-12-10 00:00:00 UTC;1,0205453610
2024-12-11 00:00:00 UTC;1,0884304715
2024-12-12 00:00:00 UTC;1,1241798531
2024-12-13 00:00:00 UTC;1,1189318664
2024-12-14 00:00:00 UTC;1,0597185780
2024-12-15 00:00:00 UTC;1,0978007056
2024-12-16 00:00:00 UTC;1,0795638142
2024-12-17 00:00:00 UTC;1,0518348994
2024-12-18 00:00:00 UTC;0,9666632832
2024-12-19 00:00:00 UTC;0,8800700717
2024-12-20 00:00:00 UTC;0,9509997353
2024-12-21 00:00:00 UTC;0,9047886175
2024-12-22 00:00:00 UTC;0,8828461609
2024-12-23 00:00:00 UTC;0,9248272325
2024-12-24 00:00:00 UTC;0,9352642793
2024-12-25 00:00:00 UTC;0,9171240319
2024-12-26 00:00:00 UTC;0,8600013058
2024-12-27 00:00:00 UTC;0,8749885194
2024-12-28 00:00:00 UTC;0,8873274278
2024-12-29 00:00:00 UTC;0,8566157773
2024-12-30 00:00:00 UTC;0,8598567750
2024-12-31 00:00:00 UTC;0,8436674396
2025-01-01 00:00:00 UTC;0,9191740312
2025-01-02 00:00:00 UTC;0,9613466088
2025-01-03 00:00:00 UTC;1,0895278579
2025-01-04 00:00:00 UTC;1,0705703466
2025-01-05 00:00:00 UTC;1,0925736213
2025-01-06 00:00:00 UTC;1,0945727072
2025-01-07 00:00:00 UTC;0,9897191853
2025-01-08 00:00:00 UTC;0,9472801036
2025-01-09 00:00:00 UTC;0,9091284829
2025-01-10 00:00:00 UTC;0,9310285664
2025-01-11 00:00:00 UTC;0,9961611646
2025-01-12 00:00:00 UTC;0,9686133207
2025-01-13 00:00:00 UTC;0,9444454772
2025-01-14 00:00:00 UTC;0,9957785446
2025-01-15 00:00:00 UTC;1,0820553770
2025-01-16 00:00:00 UTC;1,0893018958
2025-01-17 00:00:00 UTC;1,1346909712
2025-01-18 00:00:00 UTC;1,1018669418
2025-01-19 00:00:00 UTC;0,9909947860
2025-01-20 00:00:00 UTC;1,0092230946
2025-01-21 00:00:00 UTC;1,0055709397
2025-01-22 00:00:00 UTC;0,9812436008
2025-01-23 00:00:00 UTC;0,9889442645
2025-01-24 00:00:00 UTC;0,9713960764
2025-01-25 00:00:00 UTC;0,9765461436
2025-01-26 00:00:00 UTC;0,9531719929
2025-01-27 00:00:00 UTC;0,9343807649
2025-01-28 00:00:00 UTC;0,9164094209
2025-01-29 00:00:00 UTC;0,9404802082
2025-01-30 00:00:00 UTC;0,9602743055
2025-01-31 00:00:00 UTC;0,9423735036
2025-02-01 00:00:00 UTC;0,8968167841
2025-02-02 00:00:00 UTC;0,7996784765
2025-02-03 00:00:00 UTC;0,8106787837
2025-02-04 00:00:00 UTC;0,7451312213
2025-02-05 00:00:00 UTC;0,7329454563
2025-02-06 00:00:00 UTC;0,7046593633
2025-02-07 00:00:00 UTC;0,7064343962
2025-02-08 00:00:00 UTC;0,7012322410
2025-02-09 00:00:00 UTC;0,6824249044
2025-02-10 00:00:00 UTC;0,7110006003
2025-02-11 00:00:00 UTC;0,7791118652
2025-02-12 00:00:00 UTC;0,7998005590
2025-02-13 00:00:00 UTC;0,8108814679
2025-02-14 00:00:00 UTC;0,8004904397
2025-02-15 00:00:00 UTC;0,7813086633
2025-02-16 00:00:00 UTC;0,7716384581
2025-02-17 00:00:00 UTC;0,8080441726
2025-02-18 00:00:00 UTC;0,7531840438
2025-02-19 00:00:00 UTC;0,7732242215
2025-02-20 00:00:00 UTC;0,8041611791
2025-02-21 00:00:00 UTC;0,7579919416
2025-02-22 00:00:00 UTC;0,7738119073
2025-02-23 00:00:00 UTC;0,7703227222
2025-02-24 00:00:00 UTC;0,6810660279
2025-02-25 00:00:00 UTC;0,6815463898
2025-02-26 00:00:00 UTC;0,6464159418
2025-02-27 00:00:00 UTC;0,6453921338
2025-02-28 00:00:00 UTC;0,6332504761
2025-03-01 00:00:00 UTC;0,6583551975
2025-03-02 00:00:00 UTC;1,1333243738
2025-03-03 00:00:00 UTC;0,8573028350
2025-03-04 00:00:00 UTC;0,9407220656
2025-03-05 00:00:00 UTC;0,9746939483
2025-03-06 00:00:00 UTC;0,9059837368
2025-03-07 00:00:00 UTC;0,8158445819
2025-03-08 00:00:00 UTC;0,8045383825
2025-03-09 00:00:00 UTC;0,7207453081
2025-03-10 00:00:00 UTC;0,6724023015
2025-03-11 00:00:00 UTC;0,7249452502
2025-03-12 00:00:00 UTC;0,7348598407
2025-03-13 00:00:00 UTC;0,7014628014
2025-03-14 00:00:00 UTC;0,7377754843
2025-03-15 00:00:00 UTC;0,7471511056
2025-03-16 00:00:00 UTC;0,7052761950
2025-03-17 00:00:00 UTC;0,7174135841
2025-03-18 00:00:00 UTC;0,7010217413
2025-03-19 00:00:00 UTC;0,7462010170
2025-03-20 00:00:00 UTC;0,7170199305
2025-03-21 00:00:00 UTC;0,7048941900
2025-03-22 00:00:00 UTC;0,7013587296
2025-03-23 00:00:00 UTC;0,7109563206
2025-03-24 00:00:00 UTC;0,7314660841
2025-03-25 00:00:00 UTC;0,7449515741
2025-03-26 00:00:00 UTC;0,7279952242
2025-03-27 00:00:00 UTC;0,7379032902
2025-03-28 00:00:00 UTC;0,7054886408
2025-03-29 00:00:00 UTC;0,6731994078
2025-03-30 00:00:00 UTC;0,6608690768
2025-03-31 00:00:00 UTC;0,6615319684
2025-04-01 00:00:00 UTC;0,6773348108
2025-04-02 00:00:00 UTC;0,6405394483
2025-04-03 00:00:00 UTC;0,6510142383
2025-04-04 00:00:00 UTC;0,6603323632
2025-04-05 00:00:00 UTC;0,6550580081
2025-04-06 00:00:00 UTC;0,5733991106
2025-04-07 00:00:00 UTC;0,5855338357
2025-04-08 00:00:00 UTC;0,5579771112
2025-04-09 00:00:00 UTC;0,6313697226
2025-04-10 00:00:00 UTC;0,6086347852
2025-04-11 00:00:00 UTC;0,6238172493
2025-04-12 00:00:00 UTC;0,6588701693
2025-04-13 00:00:00 UTC;0,6372741554
2025-04-14 00:00:00 UTC;0,6349752565
2025-04-15 00:00:00 UTC;0,6086336107
2025-04-16 00:00:00 UTC;0,6106640890
2025-04-17 00:00:00 UTC;0,6165791646
2025-04-18 00:00:00 UTC;0,6274743913
2025-04-19 00:00:00 UTC;0,6279811631
2025-04-20 00:00:00 UTC;0,6202463189
2025-04-21 00:00:00 UTC;0,6240957343
2025-04-22 00:00:00 UTC;0,6805062442
2025-04-23 00:00:00 UTC;0,6977785277
2025-04-24 00:00:00 UTC;0,7222800268
2025-04-25 00:00:00 UTC;0,7140454775
2025-04-26 00:00:00 UTC;0,7074499879
2025-04-27 00:00:00 UTC;0,7039098413
2025-04-28 00:00:00 UTC;0,7054142271
2025-04-29 00:00:00 UTC;0,6961186866
2025-04-30 00:00:00 UTC;0,6818650494
2025-05-01 00:00:00 UTC;0,7051099043
2025-05-02 00:00:00 UTC;0,6982238418
2025-05-03 00:00:00 UTC;0,7005815137
2025-05-04 00:00:00 UTC;0,6766383568
2025-05-05 00:00:00 UTC;0,6631886642
2025-05-06 00:00:00 UTC;0,6785370740
2025-05-07 00:00:00 UTC;0,6712887615
2025-05-08 00:00:00 UTC;0,7671378527
2025-05-09 00:00:00 UTC;0,7776211639
2025-05-10 00:00:00 UTC;0,8401167427
2025-05-11 00:00:00 UTC;0,8051490949
2025-05-12 00:00:00 UTC;0,8181661219
2025-05-13 00:00:00 UTC;0,8307612107
2025-05-14 00:00:00 UTC;0,7987510410
2025-05-15 00:00:00 UTC;0,7611434106
2025-05-16 00:00:00 UTC;0,7604756992
2025-05-17 00:00:00 UTC;0,7427358962
2025-05-18 00:00:00 UTC;0,7532175089
2025-05-19 00:00:00 UTC;0,7428975183
2025-05-20 00:00:00 UTC;0,7456567563
2025-05-21 00:00:00 UTC;0,7713018200
2025-05-22 00:00:00 UTC;0,8079376688
2025-05-23 00:00:00 UTC;0,7463649439
2025-05-24 00:00:00 UTC;0,7461553576
2025-05-25 00:00:00 UTC;0,7594797648
2025-05-26 00:00:00 UTC;0,7586182443
2025-05-27 00:00:00 UTC;0,7580439630
2025-05-28 00:00:00 UTC;0,7467964334
2025-05-29 00:00:00 UTC;0,7236059616
2025-05-30 00:00:00 UTC;0,6895655379
2025-05-31 00:00:00 UTC;0,6861803905
2025-06-01 00:00:00 UTC;0,6853310680
2025-06-02 00:00:00 UTC;0,6901202464
2025-06-03 00:00:00 UTC;0,6845210758
2025-06-04 00:00:00 UTC;0,6661128198
2025-06-05 00:00:00 UTC;0,6275960505
2025-06-06 00:00:00 UTC;0,6561957725
2025-06-07 00:00:00 UTC;0,6650382638
2025-06-08 00:00:00 UTC;0,6697261020
2025-06-09 00:00:00 UTC;0,7053122818
2025-06-10 00:00:00 UTC;0,7166692773
2025-06-11 00:00:00 UTC;0,6979528327
2025-06-12 00:00:00 UTC;0,6630568345
2025-06-13 00:00:00 UTC;0,6418952459
2025-06-14 00:00:00 UTC;0,6247769321
2025-06-15 00:00:00 UTC;0,6336284212
2025-06-16 00:00:00 UTC;0,6320524222
2025-06-17 00:00:00 UTC;0,6100878657
2025-06-18 00:00:00 UTC;0,6032906241
2025-06-19 00:00:00 UTC;0,6021900284
2025-06-20 00:00:00 UTC;0,5771546902
2025-06-21 00:00:00 UTC;0,5541271221
2025-06-22 00:00:00 UTC;0,5413613583
2025-06-23 00:00:00 UTC;0,5830568430
2025-06-24 00:00:00 UTC;0,5874184410
2025-06-25 00:00:00 UTC;0,5673591907
2025-06-26 00:00:00 UTC;0,5542419723
2025-06-27 00:00:00 UTC;0,5587479060
2025-06-28 00:00:00 UTC;0,5656721032
2025-06-29 00:00:00 UTC;0,5777613953
2025-06-30 00:00:00 UTC;0,5720995563
2025-07-01 00:00:00 UTC;0,5420566725
2025-07-02 00:00:00 UTC;0,5846607147
2025-07-03 00:00:00 UTC;0,5999208569
2025-07-04 00:00:00 UTC;0,5725911676
2025-07-05 00:00:00 UTC;0,5757757279
2025-07-06 00:00:00 UTC;0,5859093400
2025-07-07 00:00:00 UTC;0,5801793773
2025-07-08 00:00:00 UTC;0,5883686105
2025-07-09 00:00:00 UTC;0,6234174400
2025-07-10 00:00:00 UTC;0,6774917757
2025-07-11 00:00:00 UTC;0,7119842176
2025-07-12 00:00:00 UTC;0,7086298588
2025-07-13 00:00:00 UTC;0,7372023826
2025-07-14 00:00:00 UTC;0,7347000367
2025-07-15 00:00:00 UTC;0,7469320331
2025-07-16 00:00:00 UTC;0,7644487667
2025-07-17 00:00:00 UTC;0,8248141049
2025-07-18 00:00:00 UTC;0,8161699140
2025-07-19 00:00:00 UTC;0,8303750569
2025-07-20 00:00:00 UTC;0,8586265813
2025-07-21 00:00:00 UTC;0,8899692189
2025-07-22 00:00:00 UTC;0,9018572009
2025-07-23 00:00:00 UTC;0,8138348475
2025-07-24 00:00:00 UTC;0,8041090380
2025-07-25 00:00:00 UTC;0,8152337317
2025-07-26 00:00:00 UTC;0,8200926498
2025-07-27 00:00:00 UTC;0,8310520921
2025-07-28 00:00:00 UTC;0,7925054949
2025-07-29 00:00:00 UTC;0,7819185117
2025-07-30 00:00:00 UTC;0,7629664582
2025-07-31 00:00:00 UTC;0,7399166003
2025-08-01 00:00:00 UTC;0,7151858405
2025-08-02 00:00:00 UTC;0,6978389121
2025-08-03 00:00:00 UTC;0,7271171558
2025-08-04 00:00:00 UTC;0,7545674777
2025-08-05 00:00:00 UTC;0,7249721983
2025-08-06 00:00:00 UTC;0,7408454331
2025-08-07 00:00:00 UTC;0,7873215350
2025-08-08 00:00:00 UTC;0,7920024337
2025-08-09 00:00:00 UTC;0,8044001645
2025-08-10 00:00:00 UTC;0,8013834200
2025-08-11 00:00:00 UTC;0,7731447196
2025-08-12 00:00:00 UTC;0,8417143508
2025-08-13 00:00:00 UTC;0,9051688787
2025-08-14 00:00:00 UTC;0,9245064812
2025-08-15 00:00:00 UTC;0,9446883183
2025-08-16 00:00:00 UTC;0,9207728828
2025-08-17 00:00:00 UTC;0,9630994080
2025-08-18 00:00:00 UTC;0,9226504922
2025-08-19 00:00:00 UTC;0,8457686563
2025-08-20 00:00:00 UTC;0,8807552930
2025-08-21 00:00:00 UTC;0,8526234977
2025-08-22 00:00:00 UTC;0,9285879385
2025-08-23 00:00:00 UTC;0,9140849532
2025-08-24 00:00:00 UTC;0,9090773255
2025-08-25 00:00:00 UTC;0,8372820712
2025-08-26 00:00:00 UTC;0,8668010419
2025-08-27 00:00:00 UTC;0,8500156431
2025-08-28 00:00:00 UTC;0,8571339943
2025-08-29 00:00:00 UTC;0,8264927244
2025-08-30 00:00:00 UTC;0,8223489038
2025-08-31 00:00:00 UTC;0,8105864181
2025-09-01 00:00:00 UTC;0,8008436213
2025-09-02 00:00:00 UTC;0,8353364675
2025-09-03 00:00:00 UTC;0,8367687307
2025-09-04 00:00:00 UTC;0,8094023921
2025-09-05 00:00:00 UTC;0,8302260747
2025-09-06 00:00:00 UTC;0,8184865938
2025-09-07 00:00:00 UTC;0,8345512862
2025-09-08 00:00:00 UTC;0,8686331746
2025-09-09 00:00:00 UTC;0,8645511677
2025-09-10 00:00:00 UTC;0,8852455780
2025-09-11 00:00:00 UTC;0,8939482607
2025-09-12 00:00:00 UTC;0,9175782253
2025-09-13 00:00:00 UTC;0,9303542532
2025-09-14 00:00:00 UTC;0,8882332067
2025-09-15 00:00:00 UTC;0,8630557059
2025-09-16 00:00:00 UTC;0,8805327575
2025-09-17 00:00:00 UTC;0,9142239656
2025-09-18 00:00:00 UTC;0,9257028324
2025-09-19 00:00:00 UTC;0,8906863808
2025-09-20 00:00:00 UTC;0,8939141827
2025-09-21 00:00:00 UTC;0,8845483066
2025-09-22 00:00:00 UTC;0,8258787291
2025-09-23 00:00:00 UTC;0,8064193484
2025-09-24 00:00:00 UTC;0,8126150440
2025-09-25 00:00:00 UTC;0,7699324662
2025-09-26 00:00:00 UTC;0,7912377478
2025-09-27 00:00:00 UTC;0,7813914527
2025-09-28 00:00:00 UTC;0,8081860523
2025-09-29 00:00:00 UTC;0,8054803733
2025-09-30 00:00:00 UTC;0,8074303885
2025-10-01 00:00:00 UTC;0,8506205845
2025-10-02 00:00:00 UTC;0,8706696157
2025-10-03 00:00:00 UTC;0,8667430348
2025-10-04 00:00:00 UTC;0,8401157009
2025-10-05 00:00:00 UTC;0,8370741437
2025-10-06 00:00:00 UTC;0,8744061309
2025-10-07 00:00:00 UTC;0,8202865149
2025-10-08 00:00:00 UTC;0,8389731896
2025-10-09 00:00:00 UTC;0,8154911640
2025-10-10 00:00:00 UTC;0,6359247658
2025-10-11 00:00:00 UTC;0,6320900334
2025-10-12 00:00:00 UTC;0,7002247092
2025-10-13 00:00:00 UTC;0,7298742293
2025-10-14 00:00:00 UTC;0,6994050006
2025-10-15 00:00:00 UTC;0,6689040458
2025-10-16 00:00:00 UTC;0,6449963492
2025-10-17 00:00:00 UTC;0,6247363021
2025-10-18 00:00:00 UTC;0,6343380572
2025-10-19 00:00:00 UTC;0,6526910963
2025-10-20 00:00:00 UTC;0,6632890705
2025-10-21 00:00:00 UTC;0,6426021306
2025-10-22 00:00:00 UTC;0,6232140457
2025-10-23 00:00:00 UTC;0,6430635725
2025-10-24 00:00:00 UTC;0,6563199842
2025-10-25 00:00:00 UTC;0,6541985131
2025-10-26 00:00:00 UTC;0,6812334623
2025-10-27 00:00:00 UTC;0,6669830926
2025-10-28 00:00:00 UTC;0,6459726681
2025-10-29 00:00:00 UTC;0,6398677020
2025-10-30 00:00:00 UTC;0,6009284916
2025-10-31 00:00:00 UTC;0,6089843943
2025-11-01 00:00:00 UTC;0,6131038871
2025-11-02 00:00:00 UTC;0,6106007622
2025-11-03 00:00:00 UTC;0,5515401898
2025-11-04 00:00:00 UTC;0,5213933909
2025-11-05 00:00:00 UTC;0,5454565575
2025-11-06 00:00:00 UTC;0,5315463315
2025-11-07 00:00:00 UTC;0,5781305225
2025-11-08 00:00:00 UTC;0,5681445442
2025-11-09 00:00:00 UTC;0,5783201872
2025-11-10 00:00:00 UTC;0,5923240886
2025-11-11 00:00:00 UTC;0,5556263681
2025-11-12 00:00:00 UTC;0,5446843544
2025-11-13 00:00:00 UTC;0,5297438564
2025-11-14 00:00:00 UTC;0,4981168065
2025-11-15 00:00:00 UTC;0,5034262896
2025-11-16 00:00:00 UTC;0,4843085546
2025-11-17 00:00:00 UTC;0,4655690732
2025-11-18 00:00:00 UTC;0,4748821821
2025-11-19 00:00:00 UTC;0,4626306469
2025-11-20 00:00:00 UTC;0,4324864841
2025-11-21 00:00:00 UTC;0,4089531288
2025-11-22 00:00:00 UTC;0,4041569367
2025-11-23 00:00:00 UTC;0,4086002122
2025-11-24 00:00:00 UTC;0,4276623524
2025-11-25 00:00:00 UTC;0,4215703758
2025-11-26 00:00:00 UTC;0,4357235961
2025-11-27 00:00:00 UTC;0,4337588007
2025-11-28 00:00:00 UTC;0,4205380412
2025-11-29 00:00:00 UTC;0,4152656375
2025-11-30 00:00:00 UTC;0,4148469633
2025-12-01 00:00:00 UTC;0,3857091045
2025-12-02 00:00:00 UTC;0,4335751543
2025-12-03 00:00:00 UTC;0,4503610007
2025-12-04 00:00:00 UTC;0,4394539460
2025-12-05 00:00:00 UTC;0,4158092284
2025-12-06 00:00:00 UTC;0,4138114836
2025-12-07 00:00:00 UTC;0,4171100443
2025-12-08 00:00:00 UTC;0,4321607099
2025-12-09 00:00:00 UTC;0,4702482593
2025-12-10 00:00:00 UTC;0,4535632780
2025-12-11 00:00:00 UTC;0,4252860225
2025-12-12 00:00:00 UTC;0,4091276671
2025-12-13 00:00:00 UTC;0,4108014315
2025-12-14 00:00:00 UTC;0,3965444093
2025-12-15 00:00:00 UTC;0,3880208333
2025-12-16 00:00:00 UTC;0,3855317186
2025-12-17 00:00:00 UTC;0,3666695339
2025-12-18 00:00:00 UTC;0,3514271260
2025-12-19 00:00:00 UTC;0,3763639262
2025-12-20 00:00:00 UTC;0,3730340024
2025-12-21 00:00:00 UTC;0,3662671255
2025-12-22 00:00:00 UTC;0,3704875895
2025-12-23 00:00:00 UTC;0,3629605885
2025-12-24 00:00:00 UTC;0,3563913638
2025-12-25 00:00:00 UTC;0,3431839314
2025-12-26 00:00:00 UTC;0,3494563295
2025-12-27 00:00:00 UTC;0,3697231085
2025-12-28 00:00:00 UTC;0,3682699898
2025-12-29 00:00:00 UTC;0,3528371286
2025-12-30 00:00:00 UTC;0,3509845310
2025-12-31 00:00:00 UTC;0,3332898338
2026-01-01 00:00:00 UTC;0,3568273276
2026-01-02 00:00:00 UTC;0,3959838230
2026-01-03 00:00:00 UTC;0,3888828901
2026-01-04 00:00:00 UTC;0,4019346727
2026-01-05 00:00:00 UTC;0,4219017746
2026-01-06 00:00:00 UTC;0,4187394055
2026-01-07 00:00:00 UTC;0,4020882128
2026-01-08 00:00:00 UTC;0,3959714102
2026-01-09 00:00:00 UTC;0,4040520432
2026-01-10 00:00:00 UTC;0,4049871552
2026-01-11 00:00:00 UTC;0,4094978748
2026-01-12 00:00:00 UTC;0,3990404033
2026-01-13 00:00:00 UTC;0,4305410283
2026-01-14 00:00:00 UTC;0,4210132178
2026-01-15 00:00:00 UTC;0,4038088054
2026-01-16 00:00:00 UTC;0,4097288050
2026-01-17 00:00:00 UTC;0,3967712286
2026-01-18 00:00:00 UTC;0,3854473476
2026-01-19 00:00:00 UTC;0,3777446301
2026-01-20 00:00:00 UTC;0,3646943625
2026-01-21 00:00:00 UTC;0,3784074060
2026-01-22 00:00:00 UTC;0,3750306406
2026-01-23 00:00:00 UTC;0,3756471514
2026-01-24 00:00:00 UTC;0,3921076343
2026-01-25 00:00:00 UTC;0,3562312763
2026-01-26 00:00:00 UTC;0,3645240023
2026-01-27 00:00:00 UTC;0,3769849592
2026-01-28 00:00:00 UTC;0,3711045724
2026-01-29 00:00:00 UTC;0,3459311039
2026-01-30 00:00:00 UTC;0,3296018782
2026-01-31 00:00:00 UTC;0,3022063314
2026-02-01 00:00:00 UTC;0,2962459113
2026-02-02 00:00:00 UTC;0,3108442637
2026-02-03 00:00:00 UTC;0,3055042682
2026-02-04 00:00:00 UTC;0,2997980076
2026-02-05 00:00:00 UTC;0,2540631950
2026-02-06 00:00:00 UTC;0,2832361039
2026-02-07 00:00:00 UTC;0,2796773924
2026-02-08 00:00:00 UTC;0,2968685757
2026-02-09 00:00:00 UTC;0,2702959892
2026-02-10 00:00:00 UTC;0,2623519618
2026-02-11 00:00:00 UTC;0,2726468815
2026-02-12 00:00:00 UTC;0,2831869568
2026-02-13 00:00:00 UTC;0,2913469827
2026-02-14 00:00:00 UTC;0,3157844851
2026-02-15 00:00:00 UTC;0,2922124367
2026-02-16 00:00:00 UTC;0,3078550964
2026-02-17 00:00:00 UTC;0,2968725962
2026-02-18 00:00:00 UTC;0,2885123934
2026-02-19 00:00:00 UTC;0,2907308039
2026-02-20 00:00:00 UTC;0,3021155931
2026-02-21 00:00:00 UTC;0,3014729556
2026-02-22 00:00:00 UTC;0,2830533573
2026-02-23 00:00:00 UTC;0,2792522527
2026-02-24 00:00:00 UTC;0,2764957722
2026-02-25 00:00:00 UTC;0,3093723663
2026-02-26 00:00:00 UTC;0,2990249217
2026-02-27 00:00:00 UTC;0,2934731790
2026-02-28 00:00:00 UTC;0,2940903777
2026-03-01 00:00:00 UTC;0,2884625336
2026-03-02 00:00:00 UTC;0,2870032720
2026-03-03 00:00:00 UTC;0,2822003822
2026-03-04 00:00:00 UTC;0,2903832771
2026-03-05 00:00:00 UTC;0,2869407013
2026-03-06 00:00:00 UTC;0,2765531951
2026-03-07 00:00:00 UTC;0,2763116153
2026-03-08 00:00:00 UTC;0,2680483883
2026-03-09 00:00:00 UTC;0,2679563522
2026-03-10 00:00:00 UTC;0,2762687136
2026-03-11 00:00:00 UTC;0,2628472287
2026-03-12 00:00:00 UTC;0,2848025340
2026-03-13 00:00:00 UTC;0,2788046496
2026-03-14 00:00:00 UTC;0,2892965398
2026-03-15 00:00:00 UTC;0,2906051425
2026-03-16 00:00:00 UTC;0,3004637152
2026-03-17 00:00:00 UTC;0,3052233512
2026-03-18 00:00:00 UTC;0,2871293744
2026-03-19 00:00:00 UTC;0,2834532647
2026-03-20 00:00:00 UTC;0,2662162735
2026-03-21 00:00:00 UTC;0,2882105419
2026-03-22 00:00:00 UTC;0,2693984930
2026-03-23 00:00:00 UTC;0,2767125283
2026-03-24 00:00:00 UTC;0,2848530158
2026-03-25 00:00:00 UTC;0,2840827782
2026-03-26 00:00:00 UTC;0,2694953840
2026-03-27 00:00:00 UTC;0,2464393752
2026-03-28 00:00:00 UTC;0,2459051505
2026-03-29 00:00:00 UTC;0,2399675336
2026-03-30 00:00:00 UTC;0,2434652224
2026-03-31 00:00:00 UTC;0,2422722972
2026-04-01 00:00:00 UTC;0,2488470115
2026-04-02 00:00:00 UTC;0,2399967998
2026-04-03 00:00:00 UTC;0,2465692941
2026-04-04 00:00:00 UTC;0,2479793794
2026-04-05 00:00:00 UTC;0,2549186398
2026-04-06 00:00:00 UTC;0,2456932406
2026-04-07 00:00:00 UTC;0,2639463663
2026-04-08 00:00:00 UTC;0,2504423589
2026-04-09 00:00:00 UTC;0,2542670751
2026-04-10 00:00:00 UTC;0,2541094793
2026-04-11 00:00:00 UTC;0,2495659398
2026-04-12 00:00:00 UTC;0,2363971533
2026-04-13 00:00:00 UTC;0,2488120446
2026-04-14 00:00:00 UTC;0,2399702488
2026-04-15 00:00:00 UTC;0,2464824246
2026-04-16 00:00:00 UTC;0,2595500220
2026-04-17 00:00:00 UTC;0,2588505714
2026-04-18 00:00:00 UTC;0,2492909433
2026-04-19 00:00:00 UTC;0,2427610406
2026-04-20 00:00:00 UTC;0,2481108327
2026-04-21 00:00:00 UTC;0,2498173080
2026-04-22 00:00:00 UTC;0,2485135332
2026-04-23 00:00:00 UTC;0,2499474675
2026-04-24 00:00:00 UTC;0,2504410251
2026-04-25 00:00:00 UTC;0,2503721643
2026-04-26 00:00:00 UTC;0,2522605887
2026-04-27 00:00:00 UTC;0,2482568392
2026-04-28 00:00:00 UTC;0,2468182834
2026-04-29 00:00:00 UTC;0,2446028195
2026-04-30 00:00:00 UTC;0,2461953910
2026-05-01 00:00:00 UTC;0,2482638904
2026-05-02 00:00:00 UTC;0,2501632662
2026-05-03 00:00:00 UTC;0,2494502851
2026-05-04 00:00:00 UTC;0,2499104120
2026-05-05 00:00:00 UTC;0,2621021098
2026-05-06 00:00:00 UTC;0,2671063189
2026-05-07 00:00:00 UTC;0,2628110031
2026-05-08 00:00:00 UTC;0,2735234883
2026-05-09 00:00:00 UTC;0,2709877651
2026-05-10 00:00:00 UTC;0,2824612540
2026-05-11 00:00:00 UTC;0,2800116714
2026-05-12 00:00:00 UTC;0,2709546840
2026-05-13 00:00:00 UTC;0,2647354641
2026-05-14 00:00:00 UTC;0,2702007630
2026-05-15 00:00:00 UTC;0,2615038971
2026-05-16 00:00:00 UTC;0,2550705234
2026-05-17 00:00:00 UTC;0,2520509171
2026-05-18 00:00:00 UTC;0,2514901955
2026-05-19 00:00:00 UTC;0,2480629036
2026-05-20 00:00:00 UTC;0,2490407064
2026-05-21 00:00:00 UTC;0,2502410659
2026-05-22 00:00:00 UTC;0,2423481665
2026-05-23 00:00:00 UTC;0,2458351756
2026-05-24 00:00:00 UTC;0,2421412215
2026-05-25 00:00:00 UTC;0,2433078930
2026-05-26 00:00:00 UTC;0,2398654647
2026-05-27 00:00:00 UTC;0,2368989607
2026-05-28 00:00:00 UTC;0,2346584410
2026-05-29 00:00:00 UTC;0,2327797136
2026-05-30 00:00:00 UTC;0,2358150895
2026-05-31 00:00:00 UTC;0,2354856615
2026-06-01 00:00:00 UTC;0,2308164004
2026-06-02 00:00:00 UTC;0,2126555201
2026-06-03 00:00:00 UTC;0,2002106048
2026-06-04 00:00:00 UTC;0,1796558040
2026-06-05 00:00:00 UTC;0,1566463539
2026-06-06 00:00:00 UTC;0,1571867982
2026-06-07 00:00:00 UTC;0,1650931556
2026-06-08 00:00:00 UTC;0,1703263679
2026-06-09 00:00:00 UTC;0,1651792629
2026-06-10 00:00:00 UTC;0,1605906971
2026-06-11 00:00:00 UTC;0,1703309778
2026-06-12 00:00:00 UTC;0,1696127551
2026-06-13 00:00:00 UTC;0,1716689019
2026-06-14 00:00:00 UTC;0,1828783834
2026-06-15 00:00:00 UTC;0,1784800499
2026-06-16 00:00:00 UTC;0,1722606039
2026-06-17 00:00:00 UTC;0,1667194792
2026-06-18 00:00:00 UTC;0,1635268955
2026-06-19 00:00:00 UTC;0,1619905640
2026-06-20 00:00:00 UTC;0,1631264356
2026-06-21 00:00:00 UTC;0,1565509525
2026-06-22 00:00:00 UTC;0,1583404455
2026-06-23 00:00:00 UTC;0,1512924728
2026-06-24 00:00:00 UTC;0,1486175352
2026-06-25 00:00:00 UTC;0,1436515835
2026-06-26 00:00:00 UTC;0,1482285471
2026-06-27 00:00:00 UTC;0,1451052406
2026-06-28 00:00:00 UTC;0,1436371336
2026-06-29 00:00:00 UTC;0,1455758417
2026-06-30 00:00:00 UTC;0,1441985829
2026-07-01 00:00:00 UTC;0,1537872718
2026-07-02 00:00:00 UTC;0,1613118466
2026-07-03 00:00:00 UTC;0,1797777779
2026-07-04 00:00:00 UTC;0,1920306911
2026-07-05 00:00:00 UTC;0,1894005841
2026-07-06 00:00:00 UTC;0,1839794937
2026-07-07 00:00:00 UTC;0,1746031825
2026-07-08 00:00:00 UTC;0,1669559579
2026-07-09 00:00:00 UTC;0,1664669253
2026-07-10 00:00:00 UTC;0,1666302480
2026-07-11 00:00:00 UTC;0,1656264142
2026-07-12 00:00:00 UTC;0,1619896965
2026-07-13 00:00:00 UTC;0,1573775868
2026-07-14 00:00:00 UTC;0,1654138565
2026-07-15 00:00:00 UTC;0,1650155574
2026-07-16 00:00:00 UTC;0,1607095307
2026-07-17 00:00:00 UTC;0,1667408836
2026-07-18 00:00:00 UTC;0,1666338307
2026-07-19 00:00:00 UTC;0,1660457104
2026-07-20 00:00:00 UTC;0,1695817734
2026-07-21 00:00:00 UTC;0,1735432256
2026-07-22 00:00:00 UTC;0,1743814837
2026-07-23 00:00:00 UTC;0,1678190229
2026-07-24 00:00:00 UTC;0,1638596824
2026-07-25 00:00:00 UTC;0,1647869356
2026-07-26 00:00:00 UTC;0,1657225850
2026-07-27 00:00:00 UTC;0,1557773436
2026-07-28 00:00:00 UTC;0,1620831691
2026-07-29 00:00:00 UTC;0,1619138468
2026-07-30 00:00:00 UTC;0,1699793689
2026-07-31 00:00:00 UTC;0,1683819399
2026-08-01 00:00:00 UTC;0,1742194533
2026-08-02 00:00:00 UTC;0,1893218845
2026-08-03 00:00:00 UTC;0,1935981942
2026-08-04 00:00:00 UTC;0,1928282621
2026-08-05 00:00:00 UTC;0,1911296210