sample_id,batch_500_usd,batch_1681_usd,batch_5000_usd
0,12.7561,3.8265,1.2755
1,13.1003,3.9298,1.3099
2,23.8345,7.1498,2.3832
3,23.2047,6.9609,2.3202
4,28.0199,8.4054,2.8017
5,14.1914,4.2571,1.4190
6,16.1558,4.8464,1.6154
7,19.7836,5.9347,1.9781
8,65.8025,19.7393,6.5795
9,16.7413,5.0220,1.6740
10,58.6344,17.5890,5.8628
11,9.8205,2.9459,0.9819
12,12.1046,3.6311,1.2103
13,10.6830,3.2047,1.0682
14,16.5624,4.9684,1.6561
15,11.4620,3.4383,1.1461
16,46.7358,14.0197,4.6731
17,24.1149,7.2339,2.4112
18,17.8407,5.3518,1.7839
19,31.4750,9.4418,3.1472
20,33.1845,9.9546,3.3181
21,20.0651,6.0191,2.0063
22,54.5968,16.3779,5.4591
23,8.7404,2.6219,0.8739
24,15.5739,4.6718,1.5572
25,41.4117,12.4226,4.1407
26,53.9212,16.1752,5.3915
27,15.0593,4.5175,1.5058
28,33.9185,10.1748,3.3915
29,25.0294,7.5083,2.5027
30,28.5198,8.5553,2.8517
31,45.0686,13.5196,4.5064
32,20.4230,6.1265,2.0421
33,49.3169,14.7940,4.9312
34,9.6340,2.8900,0.9633
35,25.2681,7.5799,2.5265
36,13.0223,3.9064,1.3021
37,7.5601,2.2679,0.7559
38,33.8442,10.1525,3.3841
39,32.4653,9.7389,3.2462
40,78.3554,23.5049,7.8347
41,12.1453,3.6433,1.2144
42,22.1652,6.6491,2.2163
43,33.2673,9.9795,3.3264
44,13.7216,4.1162,1.3720
45,5.6914,1.7073,0.5691
46,38.5298,11.5581,3.8526
47,17.3928,5.2175,1.7391
48,22.7726,6.8313,2.2770
49,23.5139,7.0537,2.3511
50,18.4109,5.5229,1.8409
51,52.5696,15.7697,5.2564
52,27.6576,8.2967,2.7655
53,57.3049,17.1902,5.7299
54,44.0669,13.2191,4.4062
55,14.2979,4.2891,1.4296
56,36.6063,10.9811,3.6602
57,52.5539,15.7650,5.2548
58,10.5450,3.1633,1.0544
59,22.5515,6.7650,2.2549
60,6.2181,1.8653,0.6217
61,16.8849,5.0651,1.6883
62,29.9723,8.9910,2.9969
63,7.4336,2.2299,0.7433
64,28.3383,8.5009,2.8335
65,32.1680,9.6497,3.2165
66,19.6497,5.8945,1.9648
67,51.5260,15.4567,5.1520
68,20.9050,6.2710,2.0903
69,36.8912,11.0665,3.6887
70,16.9446,5.0830,1.6943
71,60.3819,18.1132,6.0375
72,25.0606,7.5176,2.5058
73,22.0659,6.6193,2.2064
74,11.5138,3.4539,1.1513
75,57.2107,17.1620,5.7205
76,58.4355,17.5294,5.8429
77,57.0363,17.1096,5.7030
78,23.5360,7.0603,2.3534
79,24.8636,7.4585,2.4861
80,6.0030,1.8008,0.6002
81,23.3357,7.0002,2.3333
82,68.8828,20.6633,6.8875
83,13.7972,4.1389,1.3796
84,25.0286,7.5080,2.5026
85,14.9235,4.4767,1.4922
86,18.7613,5.6280,1.8759
87,31.7588,9.5269,3.1755
88,11.1408,3.3420,1.1140
89,11.8109,3.5430,1.1810
90,33.5338,10.0594,3.3530
91,14.4809,4.3439,1.4479
92,8.1300,2.4388,0.8129
93,50.3726,15.1107,5.0367
94,5.8604,1.7580,0.5860
95,41.8608,12.5573,4.1856
96,39.6808,11.9034,3.9677
97,19.2212,5.7659,1.9219
98,31.2865,9.3853,3.1283
99,50.6098,15.1818,5.0604
100,10.6094,3.1826,1.0608
101,51.1685,15.3494,5.1163
102,16.0049,4.8011,1.6003
103,10.4508,3.1350,1.0450
104,23.3198,6.9954,2.3317
105,9.6487,2.8944,0.9648
106,16.8744,5.0619,1.6873
107,24.6827,7.4043,2.4680
108,41.8680,12.5595,4.1863
109,17.3646,5.2090,1.7363
110,43.2444,12.9724,4.3240
111,9.9144,2.9741,0.9913
112,42.7741,12.8313,4.2769
113,25.0059,7.5012,2.5003
114,33.7498,10.1242,3.3746
115,43.6581,13.0965,4.3653
116,22.8173,6.8447,2.2815
117,34.1100,10.2323,3.4106
118,56.5710,16.9701,5.6565
119,17.6207,5.2858,1.7619
120,21.3823,6.4142,2.1380
121,19.5406,5.8617,1.9538
122,20.3496,6.1044,2.0347
123,31.4989,9.4490,3.1496
124,14.1879,4.2561,1.4186
125,44.6292,13.3878,4.4624
126,11.3679,3.4101,1.1367
127,9.3841,2.8150,0.9383
128,45.6001,13.6790,4.5595
129,21.9823,6.5942,2.1980
130,45.2804,13.5831,4.5276
131,55.1829,16.5537,5.5177
132,12.6294,3.7885,1.2628
133,31.8858,9.5650,3.1882
134,21.2105,6.3627,2.1208
135,41.3811,12.4134,4.1377
136,30.0011,8.9997,2.9998
137,13.8085,4.1422,1.3807
138,27.1712,8.1508,2.7168
139,21.4497,6.4345,2.1447
140,10.5643,3.1691,1.0563
141,37.0671,11.1193,3.7063
142,51.8993,15.5686,5.1894
143,31.1859,9.3551,3.1183
144,6.3905,1.9170,0.6390
145,11.1580,3.3471,1.1157
146,8.5292,2.5586,0.8528
147,48.3982,14.5184,4.8393
148,11.9469,3.5838,1.1946
149,21.1612,6.3479,2.1159
150,7.5260,2.2576,0.7525
151,44.5484,13.3635,4.4544
152,9.8561,2.9566,0.9855
153,57.0714,17.1202,5.7065
154,30.0283,9.0078,3.0025
155,29.1611,8.7477,2.9158
156,12.3294,3.6986,1.2328
157,54.3531,16.3047,5.4347
158,32.9311,9.8786,3.2928
159,9.2640,2.7790,0.9263
160,7.1825,2.1546,0.7182
161,22.7399,6.8215,2.2738
162,28.0568,8.4164,2.8054
163,40.3861,12.1150,4.0382
164,20.6768,6.2026,2.0675
165,7.8192,2.3456,0.7818
166,52.0787,15.6225,5.2073
167,75.3864,22.6143,7.5378
168,22.2604,6.6776,2.2258
169,19.0300,5.7086,1.9028
170,24.2315,7.2689,2.4229
171,19.2787,5.7832,1.9277
172,15.8780,4.7630,1.5876
173,27.3443,8.2027,2.7341
174,15.2407,4.5719,1.5239
175,31.8442,9.5526,3.1841
176,20.7877,6.2358,2.0785
177,54.1014,16.2292,5.4096
178,11.0680,3.3201,1.1067
179,38.2930,11.4871,3.8289
180,8.0506,2.4150,0.8050
181,35.9912,10.7966,3.5987
182,47.3753,14.2116,4.7370
183,14.4322,4.3294,1.4431
184,33.3526,10.0050,3.3349
185,26.2980,7.8888,2.6295
186,64.9319,19.4782,6.4925
187,22.7659,6.8293,2.2763
188,59.8107,17.9419,5.9804
189,31.3271,9.3974,3.1324
190,24.9908,7.4967,2.4988
191,25.6769,7.7025,2.5674
192,32.0512,9.6147,3.2048
193,60.3647,18.1081,6.0358
194,8.1473,2.4440,0.8146
195,24.3017,7.2900,2.4299
196,32.6965,9.8082,3.2693
197,19.2969,5.7886,1.9295
198,31.3864,9.4152,3.1383
199,10.5967,3.1788,1.0596
200,28.6887,8.6060,2.8686
201,9.1871,2.7559,0.9186
202,29.6999,8.9093,2.9697
203,18.4038,5.5207,1.8402
204,27.1494,8.1442,2.7147
205,47.3539,14.2051,4.7349
206,22.6831,6.8044,2.2681
207,6.3810,1.9141,0.6380
208,33.0364,9.9102,3.3033
209,10.5796,3.1737,1.0578
210,70.5983,21.1779,7.0591
211,22.3585,6.7071,2.2356
212,16.7428,5.0225,1.6741
213,20.0659,6.0193,2.0064
214,17.9911,5.3969,1.7989
215,46.9769,14.0920,4.6972
216,16.2726,4.8814,1.6271
217,24.5091,7.3522,2.4506
218,53.5990,16.0785,5.3593
219,9.3519,2.8054,0.9351
220,15.5174,4.6549,1.5516
221,22.8535,6.8556,2.2851
222,27.9616,8.3879,2.7959
223,56.3593,16.9066,5.6353
224,20.5426,6.1623,2.0540
225,36.7085,11.0118,3.6705
226,11.6378,3.4911,1.1637
227,56.6494,16.9936,5.6643
228,39.2830,11.7840,3.9279
229,52.6854,15.8045,5.2680
230,40.1464,12.0430,4.0142
231,11.9833,3.5947,1.1982
232,16.3262,4.8975,1.6324
233,13.3975,4.0189,1.3396
234,46.3031,13.8899,4.6298
235,33.9615,10.1877,3.3958
236,26.4302,7.9285,2.6427
237,38.3690,11.5099,3.8365
238,35.5689,10.6699,3.5565
239,22.1331,6.6394,2.2131
240,44.5203,13.3551,4.4516
241,46.3381,13.9004,4.6333
242,12.3939,3.7179,1.2393
243,18.7712,5.6309,1.8769
244,28.9142,8.6736,2.8911
245,15.6383,4.6912,1.5637
246,20.3461,6.1034,2.0344
247,36.5183,10.9547,3.6514
248,21.0479,6.3139,2.1046
249,17.5600,5.2676,1.7558
250,56.6866,17.0048,5.6681
251,28.1064,8.4313,2.8103
252,46.3388,13.9006,4.6334
253,32.8966,9.8683,3.2893
254,13.4471,4.0338,1.3446
255,32.5143,9.7536,3.2511
256,19.0814,5.7240,1.9079
257,20.6391,6.1913,2.0637
258,62.3947,18.7171,6.2388
259,35.9982,10.7987,3.5994
260,15.3895,4.6165,1.5388
261,57.4978,17.2481,5.7492
262,17.0716,5.1211,1.7070
263,7.5019,2.2504,0.7501
264,11.0113,3.3032,1.1010
265,27.0605,8.1176,2.7058
266,29.5417,8.8619,2.9538
267,47.6297,14.2879,4.7625
268,27.4608,8.2377,2.7458
269,32.0091,9.6020,3.2006
270,25.4967,7.6485,2.5494
271,29.6880,8.9057,2.9685
272,50.6148,15.1833,5.0609
273,9.5286,2.8584,0.9528
274,49.0133,14.7029,4.9008
275,48.7960,14.6377,4.8791
276,28.1553,8.4460,2.8152
277,12.4105,3.7229,1.2409
278,20.4785,6.1431,2.0476
279,15.0023,4.5004,1.5001
280,21.9824,6.5942,2.1980
281,41.0859,12.3249,4.1081
282,14.6964,4.4086,1.4695
283,60.0429,18.0116,6.0036
284,31.0095,9.3022,3.1006
285,6.1798,1.8538,0.6179
286,48.2144,14.4633,4.8209
287,23.6740,7.1017,2.3671
288,31.1197,9.3352,3.1116
289,54.9781,16.4922,5.4972
290,26.6074,7.9816,2.6605
291,47.6103,14.2820,4.7605
292,8.9395,2.6817,0.8939
293,29.0905,8.7265,2.9087
294,32.5292,9.7580,3.2526
295,75.5756,22.6710,7.5567
296,12.0013,3.6001,1.2000
297,48.5830,14.5738,4.8578
298,48.2092,14.4617,4.8204
299,11.6556,3.4964,1.1654
300,30.0505,9.0145,3.0047
301,10.4179,3.1251,1.0417
302,16.9153,5.0742,1.6914
303,12.0445,3.6131,1.2043
304,93.4513,28.0333,9.3441
305,27.7863,8.3353,2.7783
306,39.6650,11.8986,3.9661
307,53.5039,16.0500,5.3498
308,37.1078,11.1315,3.7104
309,18.2149,5.4641,1.8213
310,15.9363,4.7805,1.5935
311,24.5481,7.3639,2.4545
312,20.0193,6.0054,2.0017
313,35.7772,10.7324,3.5773
314,55.9133,16.7728,5.5907
315,30.7716,9.2308,3.0768
316,24.7100,7.4125,2.4707
317,19.8182,5.9450,1.9816
318,5.8569,1.7569,0.5856
319,12.3293,3.6985,1.2328
320,33.7654,10.1289,3.3762
321,18.9250,5.6771,1.8923
322,28.8769,8.6625,2.8874
323,6.1717,1.8514,0.6171
324,6.1626,1.8487,0.6162
325,32.6109,9.7826,3.2607
326,45.9886,13.7956,4.5984
327,11.4035,3.4208,1.1402
328,26.9471,8.0835,2.6944
329,39.1362,11.7400,3.9132
330,30.6693,9.2001,3.0666
331,39.4309,11.8284,3.9427
332,44.2145,13.2634,4.4210
333,10.6909,3.2070,1.0690
334,26.0756,7.8221,2.6073
335,16.4953,4.9482,1.6494
336,6.9213,2.0762,0.6921
337,30.5260,9.1571,3.0523
338,59.4481,17.8331,5.9442
339,10.4128,3.1236,1.0412
340,32.0807,9.6235,3.2077
341,59.0542,17.7150,5.9048
342,18.0630,5.4185,1.8061
343,67.4575,20.2358,6.7450
344,13.2123,3.9634,1.3211
345,46.2059,13.8608,4.6201
346,9.5278,2.8581,0.9527
347,8.3899,2.5168,0.8389
348,51.1351,15.3394,5.1130
349,66.7198,20.0145,6.6713
350,38.3076,11.4914,3.8303
351,20.9196,6.2754,2.0917
352,24.0942,7.2277,2.4092
353,26.4141,7.9237,2.6411
354,14.6697,4.4006,1.4668
355,7.1962,2.1587,0.7195
356,48.5971,14.5781,4.8592
357,10.0270,3.0079,1.0026
358,19.3936,5.8176,1.9391
359,12.6487,3.7943,1.2647
360,11.8490,3.5544,1.1848
361,16.0584,4.8172,1.6057
362,45.8178,13.7443,4.5813
363,15.5283,4.6581,1.5527
364,22.4923,6.7472,2.2490
365,57.4350,17.2292,5.7429
366,38.4831,11.5441,3.8479
367,88.9232,26.6750,8.8914
368,25.3969,7.6185,2.5394
369,16.7694,5.0305,1.6768
370,23.3579,7.0069,2.3355
371,21.5140,6.4537,2.1512
372,51.3246,15.3963,5.1319
373,53.6254,16.0864,5.3620
374,20.4921,6.1472,2.0490
375,22.0691,6.6202,2.2067
376,12.8012,3.8401,1.2800
377,17.7707,5.3308,1.7769
378,30.5932,9.1773,3.0590
379,27.3255,8.1970,2.7323
380,18.8278,5.6479,1.8826
381,9.5801,2.8738,0.9579
382,9.2137,2.7639,0.9213
383,52.7355,15.8195,5.2730
384,20.7006,6.2097,2.0698
385,12.8802,3.8638,1.2879
386,19.0922,5.7273,1.9090
387,8.3545,2.5062,0.8354
388,7.2939,2.1880,0.7293
389,58.0282,17.4072,5.8022
390,12.6671,3.7999,1.2666
391,67.9980,20.3979,6.7991
392,48.1031,14.4299,4.8098
393,26.7827,8.0342,2.6780
394,25.6720,7.7010,2.5669
395,11.3013,3.3902,1.1300
396,10.0051,3.0013,1.0004
397,45.8391,13.7507,4.5834
398,28.8600,8.6574,2.8857
399,32.0758,9.6220,3.2072
400,16.6747,5.0020,1.6673
401,9.2515,2.7752,0.9250
402,41.6090,12.4818,4.1604
403,6.1945,1.8582,0.6194
404,47.0806,14.1232,4.7076
405,40.5992,12.1789,4.0595
406,33.8218,10.1458,3.3818
407,29.1308,8.7386,2.9128
408,6.5908,1.9771,0.6590
409,21.3524,6.4052,2.1350
410,88.4421,26.5307,8.8433
411,57.4999,17.2487,5.7494
412,26.9332,8.0794,2.6930
413,32.8140,9.8435,3.2811
414,32.8879,9.8656,3.2884
415,21.3939,6.4177,2.1392
416,12.5207,3.7559,1.2519
417,14.4881,4.3461,1.4487
418,33.6265,10.0872,3.3623
419,48.3247,14.4964,4.8320
420,10.3133,3.0938,1.0312
421,14.0426,4.2125,1.4041
422,12.4662,3.7396,1.2465
423,55.1901,16.5558,5.5184
424,45.6960,13.7078,4.5691
425,65.2487,19.5732,6.5242
426,20.4762,6.1424,2.0474
427,15.9099,4.7726,1.5908
428,18.1935,5.4577,1.8192
429,29.6396,8.8912,2.9636
430,21.8335,6.5496,2.1831
431,14.6430,4.3926,1.4641
432,9.2522,2.7754,0.9251
433,28.2023,8.4601,2.8199
434,29.2306,8.7685,2.9227
435,16.3220,4.8962,1.6320
436,54.8863,16.4647,5.4880
437,11.3116,3.3932,1.1310
438,25.4543,7.6357,2.5452
439,22.3953,6.7181,2.2393
440,9.0311,2.7091,0.9030
441,42.9420,12.8817,4.2937
442,19.7313,5.9190,1.9729
443,33.7937,10.1374,3.3790
444,33.8417,10.1518,3.3838
445,21.9043,6.5708,2.1902
446,56.2975,16.8880,5.6291
447,16.8074,5.0418,1.6806
448,34.7810,10.4335,3.4777
449,50.1514,15.0443,5.0146
450,9.8276,2.9481,0.9827
451,9.5522,2.8654,0.9551
452,41.2990,12.3888,4.1295
453,21.8831,6.5645,2.1881
454,53.5609,16.0671,5.3555
455,58.9796,17.6926,5.8973
456,38.5661,11.5690,3.8562
457,34.7561,10.4261,3.4752
458,16.1209,4.8359,1.6119
459,20.0765,6.0225,2.0074
460,28.2428,8.4722,2.8240
461,39.2367,11.7701,3.9232
462,16.1940,4.8578,1.6192
463,34.4125,10.3230,3.4409
464,10.0616,3.0183,1.0060
465,8.0008,2.4001,0.8000
466,49.0176,14.7042,4.9012
467,24.7624,7.4282,2.4760
468,81.1208,24.3345,8.1112
469,9.4429,2.8327,0.9442
470,18.3278,5.4979,1.8326
471,13.0133,3.9037,1.3012
472,33.4130,10.0232,3.3409
473,48.8819,14.6635,4.8877
474,22.0867,6.6255,2.2084
475,14.5541,4.3659,1.4552
476,16.7191,5.0154,1.6717
477,10.0059,3.0016,1.0005
478,22.4392,6.7313,2.2437
479,15.7991,4.7394,1.5797
480,45.9571,13.7861,4.5952
481,10.9667,3.2898,1.0966
482,39.1583,11.7466,3.9154
483,23.6470,7.0936,2.3644
484,28.8785,8.6629,2.8875
485,53.7027,16.1096,5.3697
486,49.6937,14.9070,4.9688
487,37.4345,11.2295,3.7431
488,24.1030,7.2304,2.4100
489,31.6915,9.5068,3.1688
490,13.5024,4.0504,1.3501
491,15.4331,4.6296,1.5431
492,15.5583,4.6672,1.5557
493,33.0517,9.9148,3.3048
494,41.5620,12.4677,4.1557
495,35.5271,10.6573,3.5523
496,21.8336,6.5496,2.1831
497,34.1579,10.2466,3.4154
498,7.8907,2.3671,0.7890
499,31.1074,9.3315,3.1104
500,22.9509,6.8848,2.2948
501,30.3241,9.0966,3.0321
502,7.0013,2.1002,0.7001
503,10.3947,3.1182,1.0394
504,42.7507,12.8243,4.2746
505,45.8524,13.7547,4.5848
506,59.9514,17.9841,5.9945
507,28.8618,8.6579,2.8859
508,35.3712,10.6106,3.5367
509,38.4696,11.5400,3.8465
510,8.8372,2.6510,0.8836
511,23.1498,6.9444,2.3147
512,8.5836,2.5749,0.8583
513,9.2563,2.7767,0.9255
514,7.0824,2.1246,0.7082
515,19.7594,5.9274,1.9757
516,16.8307,5.0488,1.6829
517,20.6633,6.1985,2.0661
518,58.0930,17.4266,5.8087
519,23.0661,6.9193,2.3064
520,50.2283,15.0674,5.0223
521,37.1240,11.1364,3.7120
522,58.1247,17.4361,5.8118
523,8.5494,2.5646,0.8549
524,37.1573,11.1464,3.7153
525,38.6059,11.5809,3.8602
526,11.8881,3.5662,1.1887
527,24.3917,7.3170,2.4389
528,8.0047,2.4012,0.8004
529,6.2742,1.8821,0.6274
530,37.3731,11.2111,3.7369
531,73.6773,22.1016,7.3669
532,72.2520,21.6740,7.2244
533,28.8777,8.6627,2.8875
534,54.9326,16.4786,5.4927
535,70.6346,21.1888,7.0627
536,18.4911,5.5469,1.8489
537,21.3811,6.4139,2.1379
538,52.5001,15.7489,5.2494
539,17.3372,5.2008,1.7335
540,15.2335,4.5697,1.5232
541,22.0434,6.6125,2.2041
542,31.4515,9.4347,3.1448
543,52.4267,15.7269,5.2421
544,12.3953,3.7183,1.2394
545,22.1476,6.6438,2.2145
546,27.0754,8.1220,2.7073
547,26.4184,7.9249,2.6416
548,50.2494,15.0737,5.0244
549,25.8992,7.7692,2.5896
550,27.4307,8.2286,2.7428
551,25.1254,7.5371,2.5123
552,13.2498,3.9747,1.3248
553,27.7055,8.3110,2.7703
554,10.9941,3.2980,1.0993
555,31.4912,9.4467,3.1488
556,14.9482,4.4841,1.4947
557,11.4567,3.4368,1.1455
558,13.6104,4.0828,1.3609
559,13.3524,4.0054,1.3351
560,46.2001,13.8590,4.6195
561,15.9304,4.7788,1.5929
562,26.0980,7.8288,2.6095
563,66.3119,19.8921,6.6305
564,12.6319,3.7893,1.2631
565,68.0088,20.4012,6.8001
566,41.3386,12.4007,4.1334
567,24.3138,7.2936,2.4311
568,23.8736,7.1615,2.3871
569,56.9904,17.0959,5.6984
570,7.6401,2.2919,0.7639
571,30.0703,9.0204,3.0067
572,25.3320,7.5990,2.5329
573,27.9046,8.3708,2.7902
574,12.5430,3.7626,1.2542
575,27.3493,8.2042,2.7346
576,10.0886,3.0264,1.0088
577,28.1104,8.4325,2.8107
578,17.7929,5.3375,1.7791
579,21.1149,6.3340,2.1113
580,22.2185,6.6651,2.2216
581,14.3822,4.3143,1.4381
582,17.6179,5.2850,1.7616
583,13.4380,4.0311,1.3437
584,37.0641,11.1184,3.7060
585,6.6515,1.9953,0.6651
586,21.2674,6.3797,2.1265
587,21.5117,6.4530,2.1509
588,19.2414,5.7720,1.9239
589,14.0446,4.2131,1.4043
590,18.0245,5.4069,1.8023
591,11.2095,3.3626,1.1208
592,41.1019,12.3297,4.1098
593,9.9507,2.9850,0.9950
594,31.9329,9.5792,3.1929
595,15.7163,4.7145,1.5715
596,32.9347,9.8797,3.2931
597,11.9587,3.5874,1.1957
598,34.8086,10.4418,3.4805
599,30.3005,9.0895,3.0297
600,24.8387,7.4511,2.4836
601,18.7294,5.6184,1.8727
602,16.6135,4.9837,1.6612
603,29.0277,8.7077,2.9025
604,18.4472,5.5337,1.8445
605,50.6031,15.1798,5.0598
606,42.4575,12.7363,4.2453
607,78.4358,23.5290,7.8427
608,6.7126,2.0136,0.6712
609,9.7212,2.9161,0.9720
610,10.1646,3.0492,1.0164
611,29.4735,8.8414,2.9470
612,7.6431,2.2928,0.7642
613,38.2878,11.4855,3.8284
614,16.3570,4.9067,1.6355
615,31.3163,9.3942,3.1313
616,41.6492,12.4938,4.1645
617,33.2059,9.9610,3.3202
618,20.7774,6.2328,2.0775
619,45.9125,13.7727,4.5908
620,24.7219,7.4160,2.4719
621,38.0074,11.4014,3.8003
622,32.7864,9.8352,3.2783
623,24.6113,7.3828,2.4609
624,26.6420,7.9920,2.6639
625,50.5299,15.1579,5.0525
626,24.6588,7.3971,2.4656
627,31.2529,9.3752,3.1250
628,29.0263,8.7073,2.9023
629,35.7001,10.7092,3.5696
630,20.4050,6.1210,2.0403
631,36.6242,10.9864,3.6620
632,30.5652,9.1689,3.0562
633,27.6945,8.3077,2.7692
634,44.9012,13.4694,4.4896
635,17.0263,5.1075,1.7025
636,44.0154,13.2037,4.4011
637,34.5273,10.3574,3.4524
638,20.6571,6.1967,2.0655
639,9.2101,2.7628,0.9209
640,16.5968,4.9787,1.6595
641,9.5642,2.8691,0.9563
642,15.2032,4.5606,1.5202
643,33.1126,9.9331,3.3109
644,18.4979,5.5490,1.8496
645,31.0120,9.3029,3.1009
646,20.3631,6.1085,2.0361
647,46.0108,13.8022,4.6006
648,8.9697,2.6907,0.8969
649,12.2896,3.6866,1.2288
650,39.5322,11.8588,3.9528
651,17.5314,5.2590,1.7529
652,50.8214,15.2453,5.0816
653,14.9400,4.4817,1.4938
654,49.4022,14.8196,4.9397
655,46.1621,13.8476,4.6157
656,11.3331,3.3997,1.1332
657,22.0714,6.6209,2.2069
658,11.2353,3.3703,1.1234
659,55.4071,16.6209,5.5401
660,40.3852,12.1147,4.0381
661,20.5673,6.1698,2.0565
662,19.2161,5.7644,1.9214
663,50.2011,15.0592,5.0196
664,23.5235,7.0565,2.3521
665,17.2207,5.1658,1.7219
666,62.5733,18.7706,6.2567
667,20.3880,6.1159,2.0386
668,10.8957,3.2685,1.0894
669,32.2511,9.6746,3.2248
670,6.2368,1.8709,0.6236
671,39.7928,11.9370,3.9789
672,25.5856,7.6751,2.5583
673,21.2924,6.3872,2.1290
674,26.1271,7.8376,2.6124
675,19.1884,5.7561,1.9186
676,46.4167,13.9240,4.6412
677,19.3757,5.8123,1.9374
678,53.8390,16.1505,5.3833
679,7.0466,2.1138,0.7046
680,14.4543,4.3360,1.4453
681,45.6946,13.7074,4.5690
682,17.4897,5.2465,1.7488
683,10.4854,3.1454,1.0484
684,42.8074,12.8413,4.2803
685,11.4076,3.4220,1.1406
686,42.2159,12.6639,4.2211
687,53.5722,16.0705,5.3566
688,20.1238,6.0367,2.0122
689,14.3566,4.3067,1.4355
690,10.3496,3.1047,1.0349
691,17.1305,5.1388,1.7129
692,7.9796,2.3937,0.7979
693,4.7454,1.4235,0.4745
694,20.2367,6.0706,2.0235
695,48.2136,14.4630,4.8208
696,20.5851,6.1751,2.0583
697,35.7473,10.7234,3.5743
698,15.6424,4.6924,1.5641
699,14.6126,4.3835,1.4611
700,59.2438,17.7719,5.9237
701,35.9336,10.7793,3.5930
702,70.8309,21.2477,7.0823
703,76.5825,22.9731,7.6574
704,16.9669,5.0897,1.6965
705,35.7929,10.7371,3.5789
706,17.2222,5.1663,1.7220
707,34.0202,10.2053,3.4017
708,51.9243,15.5761,5.1919
709,34.1880,10.2557,3.4184
710,15.3216,4.5961,1.5320
711,48.0145,14.4033,4.8009
712,19.9162,5.9744,1.9914
713,20.5974,6.1788,2.0595
714,9.5798,2.8737,0.9579
715,16.2339,4.8698,1.6232
716,50.5258,15.1566,5.0520
717,35.6985,10.7088,3.5695
718,40.6006,12.1793,4.0596
719,34.0164,10.2042,3.4013
720,32.5260,9.7571,3.2522
721,13.8757,4.1624,1.3874
722,17.2842,5.1849,1.7282
723,21.2971,6.3887,2.1295
724,16.0205,4.8058,1.6019
725,17.6683,5.3001,1.7666
726,15.1453,4.5433,1.5144
727,16.2584,4.8772,1.6257
728,40.9877,12.2954,4.0983
729,22.2376,6.6708,2.2235
730,21.0116,6.3030,2.1009
731,43.2429,12.9719,4.3238
732,6.9443,2.0831,0.6944
733,11.8867,3.5658,1.1885
734,82.1193,24.6340,8.2110
735,26.9894,8.0962,2.6987
736,17.2881,5.1861,1.7286
737,28.3019,8.4899,2.8299
738,17.7900,5.3366,1.7788
739,12.4050,3.7212,1.2404
740,16.4313,4.9290,1.6430
741,29.5338,8.8595,2.9531
742,28.8698,8.6603,2.8867
743,46.3984,13.9185,4.6393
744,8.5785,2.5734,0.8578
745,31.4380,9.4307,3.1435
746,58.9302,17.6778,5.8924
747,40.2404,12.0712,4.0236
748,10.7493,3.2246,1.0748
749,65.1099,19.5315,6.5103
750,14.2293,4.2685,1.4228
751,24.0816,7.2239,2.4079
752,26.6820,8.0040,2.6679
753,3.9272,1.1781,0.3927
754,56.8620,17.0573,5.6856
755,28.1358,8.4401,2.8133
756,9.6953,2.9084,0.9694
757,46.9467,14.0830,4.6942
758,28.1258,8.4371,2.8123
759,20.4171,6.1247,2.0415
760,67.1020,20.1291,6.7095
761,42.2317,12.6686,4.2227
762,4.4590,1.3376,0.4458
763,9.9938,2.9979,0.9993
764,57.6860,17.3045,5.7680
765,20.3813,6.1140,2.0379
766,19.6742,5.9018,1.9672
767,29.7528,8.9252,2.9750
768,29.5579,8.8667,2.9555
769,22.2238,6.6667,2.2221
770,22.0956,6.6282,2.2093
771,8.8338,2.6499,0.8833
772,11.9713,3.5911,1.1970
773,25.7735,7.7315,2.5771
774,14.6878,4.4060,1.4686
775,6.7131,2.0138,0.6712
776,33.5170,10.0544,3.3513
777,10.1872,3.0559,1.0186
778,35.7643,10.7285,3.5760
779,12.5550,3.7662,1.2554
780,14.4852,4.3453,1.4484
781,27.9291,8.3781,2.7926
782,18.2208,5.4658,1.8219
783,15.7970,4.7387,1.5795
784,48.6840,14.6041,4.8679
785,54.2428,16.2716,5.4237
786,17.6059,5.2814,1.7604
787,20.7382,6.2210,2.0736
788,39.9284,11.9776,3.9924
789,14.2171,4.2648,1.4216
790,21.1406,6.3417,2.1138
791,25.9375,7.7807,2.5935
792,22.7556,6.8262,2.2753
793,12.3781,3.7131,1.2377
794,29.1826,8.7541,2.9179
795,33.3403,10.0014,3.3337
796,6.9715,2.0913,0.6971
797,19.0628,5.7184,1.9061
798,41.2882,12.3855,4.1284
799,31.6600,9.4973,3.1657
800,21.2788,6.3832,2.1276
801,32.1373,9.6405,3.2134
802,81.7015,24.5087,8.1693
803,7.5498,2.2648,0.7549
804,14.6374,4.3909,1.4636
805,11.3992,3.4195,1.1398
806,26.3487,7.9040,2.6346
807,24.8051,7.4410,2.4802
808,55.2294,16.5676,5.5223
809,11.5471,3.4639,1.1546
810,12.8850,3.8652,1.2884
811,22.3660,6.7093,2.2364
812,16.1855,4.8553,1.6184
813,30.8842,9.2646,3.0881
814,20.6102,6.1826,2.0608
815,15.1832,4.5546,1.5182
816,28.9052,8.6709,2.8902
817,19.7435,5.9226,1.9741
818,19.9921,5.9972,1.9990
819,8.1437,2.4429,0.8143
820,11.9690,3.5904,1.1968
821,20.7668,6.2296,2.0765
822,39.7930,11.9370,3.9789
823,24.0665,7.2194,2.4064
824,26.2768,7.8825,2.6274
825,13.5714,4.0711,1.3570
826,20.8865,6.2655,2.0884
827,16.1384,4.8412,1.6137
828,14.1284,4.2382,1.4127
829,18.2809,5.4839,1.8279
830,36.6166,10.9842,3.6613
831,59.1666,17.7487,5.9160
832,12.5611,3.7680,1.2560
833,41.1695,12.3500,4.1165
834,25.3154,7.5941,2.5313
835,9.2458,2.7735,0.9245
836,13.4111,4.0230,1.3410
837,45.1316,13.5385,4.5127
838,14.8698,4.4606,1.4868
839,15.4534,4.6357,1.5452
840,54.6561,16.3956,5.4650
841,22.1828,6.6544,2.2180
842,14.9328,4.4795,1.4931
843,16.8399,5.0516,1.6838
844,41.8602,12.5571,4.1856
845,18.4073,5.5218,1.8405
846,55.9460,16.7826,5.5940
847,11.3834,3.4148,1.1382
848,10.7191,3.2155,1.0718
849,43.2879,12.9854,4.3283
850,6.1273,1.8381,0.6127
851,8.1261,2.4377,0.8125
852,8.5467,2.5638,0.8546
853,68.6296,20.5874,6.8622
854,48.2232,14.4659,4.8218
855,11.5155,3.4544,1.1514
856,28.8288,8.6480,2.8826
857,18.9298,5.6785,1.8928
858,25.0138,7.5036,2.5011
859,8.7244,2.6171,0.8723
860,10.7854,3.2354,1.0784
861,11.3118,3.3933,1.1311
862,24.5681,7.3699,2.4565
863,17.9217,5.3761,1.7920
864,14.8459,4.4535,1.4844
865,21.5586,6.4671,2.1556
866,15.6830,4.7046,1.5681
867,7.8329,2.3497,0.7832
868,18.7500,5.6246,1.8748
869,13.3873,4.0159,1.3386
870,28.1662,8.4492,2.8163
871,47.1932,14.1569,4.7188
872,19.0795,5.7234,1.9077
873,22.8814,6.8639,2.2879
874,25.2174,7.5647,2.5215
875,31.7921,9.5369,3.1789
876,43.6964,13.1080,4.3692
877,12.1324,3.6394,1.2131
878,42.5362,12.7599,4.2532
879,31.3733,9.4113,3.1370
880,7.0385,2.1114,0.7038
881,23.7648,7.1289,2.3762
882,33.9055,10.1709,3.3902
883,43.1522,12.9447,4.3148
884,22.8887,6.8661,2.2886
885,18.0802,5.4237,1.8078
886,19.0381,5.7110,1.9036
887,41.3711,12.4104,4.1367
888,26.4054,7.9210,2.6403
889,37.6933,11.3072,3.7689
890,17.9934,5.3976,1.7991
891,29.3021,8.7900,2.9299
892,54.9682,16.4893,5.4962
893,8.6962,2.6087,0.8695
894,20.4795,6.1434,2.0477
895,69.0694,20.7193,6.9062
896,46.2707,13.8802,4.6266
897,18.4163,5.5245,1.8414
898,21.3502,6.4046,2.1348
899,45.8684,13.7595,4.5863
900,15.0116,4.5031,1.5010
901,15.2576,4.5770,1.5256
902,32.2583,9.6768,3.2255
903,9.7899,2.9367,0.9789
904,25.4250,7.6269,2.5422
905,21.2505,6.3747,2.1248
906,56.4108,16.9220,5.6405
907,59.3513,17.8041,5.9345
908,27.6812,8.3038,2.7678
909,14.5105,4.3528,1.4509
910,21.2900,6.3865,2.1288
911,72.4273,21.7266,7.2419
912,34.3311,10.2986,3.4327
913,7.7997,2.3398,0.7799
914,48.3413,14.5013,4.8336
915,22.7719,6.8311,2.2769
916,46.4089,13.9217,4.6404
917,27.1399,8.1414,2.7137
918,38.0649,11.4186,3.8061
919,21.5058,6.4513,2.1503
920,14.8033,4.4407,1.4802
921,34.6458,10.3930,3.4642
922,19.3719,5.8112,1.9370
923,45.2347,13.5694,4.5230
924,55.5328,16.6586,5.5527
925,6.8126,2.0436,0.6812
926,37.8861,11.3650,3.7882
927,27.3947,8.2178,2.7392
928,32.2731,9.6812,3.2270
929,36.9596,11.0871,3.6956
930,32.1218,9.6359,3.2118
931,29.9209,8.9756,2.9918
932,39.4349,11.8296,3.9431
933,24.0914,7.2269,2.4089
934,36.5598,10.9671,3.6556
935,9.4680,2.8402,0.9467
936,48.3835,14.5140,4.8378
937,55.0711,16.5201,5.5065
938,29.4620,8.8380,2.9459
939,48.1973,14.4581,4.8192
940,20.1773,6.0527,2.0175
941,34.7264,10.4172,3.4723
942,6.3507,1.9051,0.6350
943,43.2441,12.9723,4.3239
944,21.2968,6.3886,2.1294
945,10.7902,3.2368,1.0789
946,9.7018,2.9103,0.9701
947,39.8037,11.9402,3.9799
948,14.4753,4.3423,1.4474
949,30.4164,9.1242,3.0413
950,15.0871,4.5258,1.5085
951,26.4657,7.9391,2.6463
952,34.6793,10.4030,3.4676
953,33.2026,9.9601,3.3199
954,11.6073,3.4819,1.1606
955,33.1036,9.9303,3.3100
956,22.3958,6.7182,2.2393
957,35.8545,10.7556,3.5851
958,6.5953,1.9784,0.6595
959,34.6706,10.4004,3.4667
960,33.2878,9.9856,3.3284
961,29.6608,8.8976,2.9658
962,11.6440,3.4929,1.1643
963,50.2233,15.0659,5.0218
964,8.3913,2.5172,0.8390
965,60.5840,18.1739,6.0577
966,40.2478,12.0735,4.0244
967,48.7797,14.6328,4.8774
968,12.8278,3.8480,1.2826
969,19.5799,5.8735,1.9578
970,36.7662,11.0290,3.6762
971,44.2415,13.2715,4.4237
972,58.2240,17.4659,5.8218
973,49.4172,14.8241,4.9412
974,27.7971,8.3385,2.7794
975,45.4458,13.6328,4.5441
976,17.1822,5.1543,1.7180
977,48.7648,14.6284,4.8760
978,31.3649,9.4088,3.1362
979,55.6976,16.7081,5.5692
980,46.1147,13.8334,4.6110
981,23.1802,6.9536,2.3178
982,60.7753,18.2313,6.0769
983,15.4872,4.6458,1.5486
984,48.4969,14.5480,4.8492
985,18.1447,5.4430,1.8143
986,19.2864,5.7855,1.9284
987,34.2908,10.2865,3.4287
988,64.9362,19.4794,6.4929
989,16.1457,4.8434,1.6144
990,56.0462,16.8126,5.6040
991,47.3606,14.2071,4.7356
992,86.8843,26.0634,8.6875
993,33.7918,10.1368,3.3788
994,43.2501,12.9741,4.3245
995,19.5347,5.8600,1.9533
996,57.5196,17.2546,5.7513
997,31.2541,9.3755,3.1251
998,7.0703,2.1209,0.7070
999,67.9958,20.3973,6.7988
1000,19.6413,5.8920,1.9639
1001,24.4281,7.3279,2.4425
1002,41.8366,12.5501,4.1832
1003,13.0927,3.9275,1.3091
1004,20.1798,6.0535,2.0178
1005,10.3561,3.1066,1.0355
1006,19.3065,5.7915,1.9304
1007,44.2101,13.2621,4.4205
1008,32.6374,9.7905,3.2634
1009,56.9821,17.0934,5.6976
1010,35.5351,10.6598,3.5531
1011,18.1828,5.4545,1.8181
1012,71.9489,21.5831,7.1941
1013,61.3901,18.4157,6.1384
1014,61.2091,18.3614,6.1203
1015,12.8893,3.8665,1.2888
1016,39.6513,11.8945,3.9647
1017,42.2640,12.6783,4.2259
1018,25.8737,7.7616,2.5871
1019,20.3168,6.0946,2.0315
1020,19.4176,5.8248,1.9415
1021,20.6745,6.2019,2.0672
1022,11.6053,3.4813,1.1604
1023,11.4836,3.4448,1.1482
1024,12.7703,3.8308,1.2769
1025,27.2737,8.1815,2.7271
1026,16.4966,4.9486,1.6495
1027,33.1864,9.9552,3.3183
1028,33.0318,9.9088,3.3028
1029,35.4380,10.6306,3.5434
1030,61.3304,18.3978,6.1324
1031,80.3907,24.1154,8.0382
1032,20.1826,6.0543,2.0180
1033,42.1553,12.6457,4.2151
1034,17.6115,5.2831,1.7610
1035,19.2498,5.7745,1.9248
1036,13.1205,3.9359,1.3119
1037,16.9225,5.0764,1.6921
1038,30.4478,9.1337,3.0445
1039,14.2869,4.2857,1.4285
1040,18.0771,5.4227,1.8075
1041,11.9007,3.5700,1.1899
1042,50.6788,15.2025,5.0673
1043,71.5586,21.4660,7.1551
1044,15.3307,4.5989,1.5329
1045,34.3945,10.3176,3.4391
1046,36.3581,10.9066,3.6354
1047,31.2953,9.3879,3.1292
1048,26.5781,7.9729,2.6575
1049,21.2634,6.3786,2.1261
1050,44.3534,13.3051,4.4349
1051,40.6241,12.1863,4.0620
1052,33.0330,9.9092,3.3029
1053,8.8204,2.6459,0.8819
1054,18.6663,5.5995,1.8664
1055,6.2763,1.8828,0.6276
1056,21.1300,6.3385,2.1128
1057,11.2968,3.3888,1.1296
1058,43.4963,13.0479,4.3492
1059,38.2121,11.4628,3.8208
1060,17.3537,5.2057,1.7352
1061,11.5375,3.4610,1.1536
1062,24.9983,7.4990,2.4996
1063,24.1327,7.2393,2.4130
1064,6.7153,2.0144,0.6715
1065,53.6550,16.0953,5.3649
1066,5.2012,1.5603,0.5201
1067,30.8939,9.2675,3.0891
1068,22.9580,6.8869,2.2956
1069,22.8756,6.8622,2.2873
1070,51.4091,15.4216,5.1404
1071,29.6416,8.8918,2.9638
1072,16.5037,4.9507,1.6502
1073,27.9203,8.3755,2.7917
1074,40.0783,12.0226,4.0074
1075,57.2840,17.1839,5.7278
1076,21.2200,6.3655,2.1218
1077,46.6069,13.9810,4.6602
1078,40.9304,12.2782,4.0926
1079,8.6126,2.5836,0.8612
1080,12.0914,3.6272,1.2090
1081,7.3247,2.1972,0.7324
1082,6.3735,1.9119,0.6373
1083,67.3894,20.2154,6.7382
1084,42.7505,12.8242,4.2746
1085,21.5458,6.4633,2.1544
1086,20.2577,6.0769,2.0256
1087,6.5448,1.9633,0.6544
1088,21.2202,6.3656,2.1218
1089,36.7161,11.0140,3.6712
1090,60.4977,18.1480,6.0491
1091,32.9318,9.8788,3.2928
1092,13.2609,3.9780,1.3259
1093,35.6382,10.6907,3.5634
1094,31.8616,9.5578,3.1858
1095,25.0573,7.5167,2.5055
1096,13.4776,4.0430,1.3476
1097,13.5267,4.0577,1.3525
1098,14.1773,4.2529,1.4176
1099,26.4285,7.9280,2.6426
1100,31.3589,9.4070,3.1356
1101,30.4182,9.1248,3.0415
1102,12.5892,3.7765,1.2588
1103,51.1646,15.3483,5.1159
1104,43.7207,13.1152,4.3716
1105,27.9605,8.3875,2.7957
1106,55.2601,16.5768,5.5254
1107,11.3762,3.4126,1.1375
1108,6.7627,2.0287,0.6762
1109,17.3579,5.2070,1.7356
1110,26.3932,7.9174,2.6390
1111,27.8443,8.3527,2.7841
1112,60.4412,18.1311,6.0435
1113,44.0524,13.2148,4.4048
1114,42.6427,12.7919,4.2638
1115,30.4441,9.1326,3.0441
1116,6.4629,1.9387,0.6462
1117,45.0320,13.5086,4.5027
1118,31.7377,9.5206,3.1734
1119,38.0550,11.4157,3.8051
1120,11.5014,3.4502,1.1500
1121,19.2254,5.7672,1.9223
1122,37.4268,11.2272,3.7423
1123,61.3816,18.4131,6.1375
1124,14.8791,4.4634,1.4878
1125,5.5863,1.6758,0.5586
1126,14.7931,4.4376,1.4792
1127,19.1840,5.7548,1.9182
1128,30.2460,9.0731,3.0243
1129,19.2253,5.7672,1.9223
1130,40.7604,12.2272,4.0756
1131,13.9835,4.1947,1.3982
1132,16.3697,4.9105,1.6368
1133,18.2686,5.4802,1.8267
1134,33.0792,9.9230,3.3076
1135,13.4360,4.0305,1.3435
1136,15.3931,4.6176,1.5391
1137,45.6035,13.6801,4.5599
1138,11.0582,3.3172,1.1057
1139,56.5526,16.9646,5.6547
1140,13.6670,4.0998,1.3666
1141,29.6519,8.8949,2.9649
1142,5.4239,1.6270,0.5423
1143,11.6377,3.4910,1.1636
1144,39.4826,11.8439,3.9478
1145,28.3986,8.5190,2.8396
1146,49.7879,14.9353,4.9783
1147,14.9287,4.4783,1.4927
1148,15.8220,4.7462,1.5820
1149,15.5769,4.6727,1.5575
1150,19.5059,5.8513,1.9504
1151,44.9490,13.4837,4.4944
1152,49.7324,14.9186,4.9727
1153,17.5706,5.2708,1.7569
1154,39.8138,11.9433,3.9810
1155,39.1392,11.7409,3.9135
1156,15.2039,4.5608,1.5202
1157,11.7058,3.5115,1.1705
1158,48.1185,14.4345,4.8113
1159,25.1663,7.5493,2.5164
1160,51.7266,15.5168,5.1721
1161,65.3713,19.6100,6.5364
1162,12.8624,3.8584,1.2861
1163,29.8679,8.9597,2.9865
1164,32.2387,9.6709,3.2235
1165,22.4307,6.7287,2.2428
1166,18.9779,5.6929,1.8976
1167,48.3756,14.5116,4.8370
1168,8.4226,2.5266,0.8422
1169,9.9491,2.9845,0.9948
1170,27.3820,8.2140,2.7379
1171,23.7483,7.1240,2.3746
1172,34.1594,10.2471,3.4156
1173,40.6978,12.2085,4.0693
1174,29.4186,8.8249,2.9415
1175,29.7546,8.9257,2.9751
1176,44.7348,13.4195,4.4730
1177,40.4736,12.1412,4.0469
1178,29.6816,8.9038,2.9678
1179,18.7516,5.6251,1.8750
1180,43.5947,13.0775,4.3590
1181,8.0693,2.4206,0.8068
1182,14.4375,4.3309,1.4436
1183,30.5957,9.1780,3.0592
1184,38.8071,11.6413,3.8803
1185,55.0447,16.5122,5.5039
1186,39.1026,11.7299,3.9098
1187,38.9550,11.6856,3.8951
1188,49.7740,14.9311,4.9769
1189,12.1109,3.6330,1.2110
1190,24.6353,7.3900,2.4633
1191,25.8071,7.7416,2.5804
1192,42.0672,12.6192,4.2063
1193,22.5020,6.7501,2.2500
1194,50.2638,15.0780,5.0258
1195,29.0203,8.7055,2.9017
1196,9.8444,2.9531,0.9843
1197,14.7747,4.4321,1.4773
1198,11.6204,3.4859,1.1619
1199,53.8821,16.1634,5.3876
1200,9.1871,2.7559,0.9186
1201,34.7594,10.4271,3.4756
1202,4.5932,1.3779,0.4593
1203,15.8020,4.7403,1.5800
1204,15.9897,4.7966,1.5988
1205,8.9256,2.6775,0.8925
1206,33.4419,10.0318,3.3438
1207,26.1978,7.8588,2.6195
1208,40.8892,12.2659,4.0885
1209,13.8155,4.1444,1.3814
1210,21.9974,6.5987,2.1995
1211,15.7225,4.7164,1.5721
1212,20.9559,6.2863,2.0954
1213,11.3324,3.3995,1.1331
1214,17.2281,5.1681,1.7226
1215,19.6065,5.8815,1.9604
1216,51.0966,15.3279,5.1091
1217,24.5607,7.3677,2.4558
1218,11.3398,3.4017,1.1339
1219,38.9619,11.6877,3.8958
1220,20.4280,6.1280,2.0426
1221,43.3857,13.0148,4.3381
1222,6.9843,2.0951,0.6984
1223,19.0124,5.7033,1.9010
1224,53.0587,15.9165,5.3053
1225,9.1242,2.7370,0.9123
1226,18.6146,5.5840,1.8613
1227,7.7426,2.3226,0.7742
1228,94.8299,28.4469,9.4820
1229,68.0627,20.4173,6.8055
1230,10.2024,3.0605,1.0201
1231,17.5460,5.2634,1.7544
1232,7.8310,2.3491,0.7830
1233,15.7904,4.7368,1.5789
1234,20.8685,6.2601,2.0866
1235,34.5622,10.3679,3.4558
1236,26.1639,7.8486,2.6161
1237,11.5756,3.4724,1.1574
1238,27.0864,8.1253,2.7084
1239,14.4564,4.3366,1.4455
1240,34.9719,10.4908,3.4968
1241,23.9560,7.1863,2.3953
1242,11.1644,3.3491,1.1163
1243,51.0049,15.3003,5.0999
1244,12.6456,3.7934,1.2644
1245,7.7615,2.3283,0.7761
1246,8.5217,2.5563,0.8521
1247,44.1406,13.2412,4.4136
1248,38.2201,11.4652,3.8216
1249,12.0728,3.6216,1.2072
1250,45.1660,13.5488,4.5161
1251,33.8645,10.1586,3.3861
1252,20.9784,6.2931,2.0976
1253,17.3126,5.1934,1.7311
1254,13.8162,4.1446,1.3815
1255,22.0153,6.6041,2.2013
1256,54.6675,16.3991,5.4662
1257,32.7529,9.8252,3.2749
1258,23.4516,7.0350,2.3449
1259,14.0725,4.2214,1.4071
1260,58.1545,17.4451,5.8148
1261,13.5339,4.0599,1.3532
1262,31.0122,9.3030,3.1009
1263,20.6496,6.1944,2.0647
1264,46.7290,14.0177,4.6724
1265,21.7141,6.5138,2.1712
1266,15.0926,4.5275,1.5091
1267,29.2814,8.7838,2.9278
1268,6.8139,2.0440,0.6813
1269,9.9617,2.9883,0.9961
1270,50.5151,15.1534,5.0510
1271,14.8270,4.4478,1.4825
1272,6.7728,2.0317,0.6772
1273,15.6480,4.6941,1.5646
1274,13.9025,4.1705,1.3901
1275,32.3590,9.7070,3.2356
1276,37.4783,11.2427,3.7474
1277,9.7957,2.9385,0.9795
1278,15.0839,4.5248,1.5082
1279,9.3346,2.8002,0.9334
1280,24.7115,7.4129,2.4709
1281,20.3930,6.1175,2.0391
1282,31.4123,9.4230,3.1409
1283,14.4465,4.3336,1.4445
1284,35.8008,10.7394,3.5797
1285,26.9955,8.0981,2.6993
1286,13.7516,4.1252,1.3750
1287,58.9610,17.6870,5.8955
1288,8.7071,2.6119,0.8706
1289,30.4709,9.1406,3.0468
1290,88.2190,26.4638,8.8210
1291,18.1314,5.4390,1.8129
1292,17.3483,5.2041,1.7346
1293,16.0171,4.8048,1.6015
1294,5.6226,1.6867,0.5622
1295,74.4853,22.3440,7.4477
1296,43.4975,13.0483,4.3493
1297,16.8159,5.0444,1.6814
1298,43.5165,13.0540,4.3512
1299,8.6787,2.6034,0.8678
1300,10.2784,3.0833,1.0277
1301,38.4043,11.5205,3.8400
1302,22.5388,6.7612,2.2536
1303,7.5021,2.2505,0.7501
1304,29.8063,8.9413,2.9803
1305,30.9127,9.2731,3.0909
1306,23.9784,7.1930,2.3976
1307,51.6541,15.4951,5.1649
1308,33.8319,10.1488,3.3828
1309,19.9713,5.9910,1.9969
1310,43.1921,12.9567,4.3188
1311,29.9053,8.9710,2.9902
1312,19.0230,5.7065,1.9021
1313,8.7753,2.6324,0.8774
1314,11.4646,3.4391,1.1463
1315,33.1618,9.9478,3.3158
1316,20.3816,6.1140,2.0379
1317,40.6006,12.1793,4.0596
1318,33.7322,10.1189,3.3729
1319,33.5594,10.0671,3.3556
1320,17.9913,5.3970,1.7989
1321,58.5351,17.5592,5.8529
1322,36.0862,10.8251,3.6082
1323,13.6549,4.0962,1.3653
1324,11.8351,3.5503,1.1834
1325,47.5429,14.2618,4.7538
1326,12.9023,3.8704,1.2901
1327,26.3162,7.8943,2.6313
1328,17.4267,5.2276,1.7425
1329,44.2246,13.2664,4.4220
1330,24.2193,7.2652,2.4217
1331,17.3876,5.2159,1.7386
1332,46.8617,14.0575,4.6857
1333,19.0612,5.7179,1.9059
1334,44.1371,13.2402,4.4132
1335,12.0078,3.6021,1.2006
1336,23.3624,7.0082,2.3360
1337,34.0659,10.2190,3.4062
1338,12.1332,3.6397,1.2132
1339,44.5596,13.3669,4.4555
1340,34.3319,10.2988,3.4328
1341,44.0093,13.2018,4.4005
1342,16.6187,4.9853,1.6617
1343,40.8785,12.2627,4.0874
1344,58.8326,17.6485,5.8826
1345,9.9378,2.9811,0.9937
1346,11.6172,3.4849,1.1616
1347,17.5518,5.2652,1.7550
1348,25.4159,7.6242,2.5413
1349,29.5407,8.8616,2.9538
1350,17.1339,5.1398,1.7132
1351,37.8094,11.3420,3.7805
1352,44.3739,13.3112,4.4369
1353,7.7295,2.3187,0.7729
1354,78.8831,23.6632,7.8875
1355,35.3483,10.6037,3.5345
1356,30.0652,9.0189,3.0062
1357,27.5997,8.2793,2.7597
1358,12.8951,3.8683,1.2894
1359,26.5415,7.9619,2.6539
1360,15.3371,4.6008,1.5335
1361,26.8148,8.0439,2.6812
1362,31.2165,9.3643,3.1213
1363,37.5926,11.2770,3.7589
1364,60.8307,18.2479,6.0824
1365,25.8270,7.7475,2.5824
1366,52.2089,15.6615,5.2203
1367,23.6238,7.0866,2.3621
1368,7.4166,2.2248,0.7416
1369,45.3424,13.6017,4.5338
1370,15.1428,4.5425,1.5141
1371,30.1131,9.0333,3.0110
1372,35.2665,10.5792,3.5263
1373,44.1904,13.2562,4.4186
1374,11.3286,3.3983,1.1327
1375,9.3964,2.8187,0.9395
1376,10.8672,3.2599,1.0866
1377,9.3886,2.8164,0.9388
1378,40.2696,12.0800,4.0265
1379,30.4865,9.1453,3.0483
1380,6.7972,2.0390,0.6796
1381,28.1698,8.4503,2.8167
1382,35.1210,10.5355,3.5117
1383,11.2263,3.3677,1.1225
1384,32.0028,9.6002,3.1999
1385,49.8690,14.9596,4.9864
1386,33.2104,9.9624,3.3207
1387,37.4064,11.2211,3.7402
1388,17.3352,5.2002,1.7333
1389,11.6078,3.4821,1.1607
1390,34.2408,10.2715,3.4237
1391,47.9660,14.3887,4.7961
1392,4.7927,1.4377,0.4792
1393,20.3035,6.0906,2.0301
1394,108.3916,32.5151,10.8380
1395,31.2336,9.3694,3.1230
1396,30.1332,9.0393,3.0130
1397,26.9621,8.0880,2.6959
1398,31.2691,9.3800,3.1266
1399,48.1135,14.4330,4.8108
1400,7.0801,2.1239,0.7079
1401,55.3726,16.6106,5.5367
1402,74.7098,22.4113,7.4702
1403,40.2460,12.0729,4.0242
1404,41.2544,12.3754,4.1250
1405,55.2911,16.5861,5.5285
1406,21.8512,6.5549,2.1849
1407,18.9597,5.6875,1.8958
1408,12.6260,3.7875,1.2625
1409,32.7856,9.8350,3.2782
1410,14.0347,4.2101,1.4033
1411,39.2944,11.7875,3.9290
1412,56.0118,16.8023,5.6006
1413,14.4746,4.3421,1.4473
1414,35.9088,10.7718,3.5905
1415,10.6462,3.1936,1.0645
1416,16.7638,5.0288,1.6762
1417,19.5964,5.8785,1.9594
1418,13.2251,3.9673,1.3224
1419,54.8507,16.4540,5.4845
1420,6.2593,1.8777,0.6259
1421,14.6626,4.3985,1.4661
1422,34.0228,10.2061,3.4019
1423,20.3201,6.0956,2.0318
1424,26.4877,7.9457,2.6485
1425,18.2419,5.4722,1.8240
1426,42.2514,12.6745,4.2247
1427,7.5562,2.2667,0.7555
1428,35.6652,10.6988,3.5661
1429,20.2111,6.0629,2.0209
1430,25.4752,7.6420,2.5472
1431,51.7031,15.5098,5.1698
1432,83.9337,25.1783,8.3925
1433,45.8244,13.7463,4.5819
1434,43.4124,13.0228,4.3408
1435,28.6896,8.6063,2.8687
1436,55.0326,16.5086,5.5027
1437,20.6587,6.1971,2.0656
1438,31.6790,9.5030,3.1676
1439,7.6117,2.2834,0.7611
1440,19.6642,5.8988,1.9662
1441,32.9940,9.8975,3.2990
1442,7.6000,2.2798,0.7599
1443,31.6209,9.4856,3.1618
1444,31.0509,9.3146,3.1048
1445,18.1200,5.4356,1.8118
1446,16.0906,4.8268,1.6089
1447,8.6150,2.5843,0.8614
1448,16.9204,5.0758,1.6919
1449,24.2809,7.2837,2.4278
1450,43.3792,13.0128,4.3375
1451,24.2437,7.2726,2.4241
1452,18.8508,5.6548,1.8849
1453,42.3393,12.7009,4.2335
1454,24.5375,7.3607,2.4535
1455,11.4524,3.4355,1.1451
1456,5.1228,1.5367,0.5122
1457,32.1335,9.6393,3.2130
1458,28.2300,8.4684,2.8227
1459,68.6821,20.6031,6.8675
1460,14.7130,4.4136,1.4711
1461,33.0904,9.9264,3.3087
1462,13.7530,4.1256,1.3752
1463,21.4117,6.4230,2.1409
1464,9.9217,2.9763,0.9921
1465,12.9030,3.8706,1.2902
1466,37.8200,11.3452,3.7816
1467,45.9674,13.7892,4.5962
1468,13.0312,3.9091,1.3030
1469,20.9460,6.2834,2.0944
1470,12.4784,3.7433,1.2477
1471,20.7985,6.2391,2.0796
1472,23.4148,7.0239,2.3412
1473,93.9804,28.1921,9.3970
1474,7.3246,2.1972,0.7324
1475,56.9286,17.0773,5.6923
1476,37.0661,11.1190,3.7062
1477,46.6317,13.9885,4.6627
1478,62.0018,18.5992,6.1995
1479,45.7458,13.7227,4.5741
1480,41.3071,12.3912,4.1303
1481,21.9944,6.5978,2.1992
1482,81.5097,24.4511,8.1501
1483,15.7436,4.7227,1.5742
1484,34.1619,10.2478,3.4158
1485,10.8515,3.2552,1.0850
1486,55.5460,16.6626,5.5540
1487,26.4643,7.9387,2.6461
1488,12.8567,3.8567,1.2855
1489,30.3154,9.0940,3.0312
1490,60.4671,18.1388,6.0461
1491,46.8800,14.0630,4.6875
1492,31.4128,9.4231,3.1409
1493,25.5330,7.6594,2.5530
1494,35.8224,10.7459,3.5819
1495,26.5754,7.9720,2.6573
1496,48.3567,14.5060,4.8352
1497,9.2884,2.7863,0.9287
1498,45.1024,13.5297,4.5098
1499,12.9833,3.8947,1.2982
1500,42.2226,12.6659,4.2218
1501,36.2842,10.8845,3.6280
1502,40.3197,12.0950,4.0315
1503,41.5832,12.4741,4.1579
1504,23.7168,7.1145,2.3714
1505,55.9802,16.7929,5.5974
1506,15.8007,4.7399,1.5799
1507,68.3216,20.4950,6.8314
1508,8.3813,2.5142,0.8380
1509,16.0473,4.8138,1.6046
1510,32.5491,9.7640,3.2546
1511,49.3315,14.7984,4.9326
1512,10.5025,3.1505,1.0501
1513,36.7297,11.0181,3.6726
1514,40.0121,12.0028,4.0008
1515,14.6811,4.4040,1.4680
1516,37.8451,11.3527,3.7841
1517,24.0410,7.2118,2.4038
1518,24.9864,7.4954,2.4984
1519,22.2969,6.6886,2.2294
1520,15.0968,4.5287,1.5095
1521,26.9344,8.0797,2.6931
1522,36.0392,10.8110,3.6035
1523,54.2800,16.2828,5.4274
1524,23.0102,6.9025,2.3008
1525,16.6305,4.9888,1.6629
1526,46.5227,13.9558,4.6518
1527,26.0044,7.8007,2.6002
1528,17.2627,5.1784,1.7261
1529,6.1657,1.8496,0.6165
1530,14.4357,4.3304,1.4434
1531,27.6835,8.3044,2.7680
1532,8.4827,2.5446,0.8482
1533,34.6617,10.3977,3.4658
1534,13.3337,3.9998,1.3332
1535,11.4252,3.4273,1.1424
1536,37.0665,11.1191,3.7063
1537,23.6160,7.0843,2.3613
1538,18.8424,5.6523,1.8840
1539,52.2624,15.6776,5.2257
1540,40.8883,12.2656,4.0884
1541,47.3274,14.1972,4.7322
1542,20.4642,6.1388,2.0462
1543,18.8363,5.6505,1.8834
1544,54.1771,16.2520,5.4171
1545,31.7184,9.5148,3.1715
1546,28.0114,8.4028,2.8008
1547,16.3265,4.8976,1.6325
1548,26.6748,8.0018,2.6672
1549,24.7573,7.4267,2.4755
1550,30.2163,9.0642,3.0213
1551,9.7836,2.9349,0.9783
1552,43.7747,13.1315,4.3770
1553,29.1094,8.7322,2.9106
1554,44.7195,13.4149,4.4715
1555,66.4362,19.9294,6.6429
1556,12.9206,3.8759,1.2919
1557,19.5624,5.8683,1.9560
1558,12.9470,3.8838,1.2946
1559,15.5497,4.6646,1.5548
1560,67.2930,20.1864,6.7286
1561,42.2044,12.6604,4.2200
1562,42.7548,12.8255,4.2750
1563,11.6315,3.4892,1.1630
1564,43.2664,12.9790,4.3262
1565,30.5362,9.1602,3.0533
1566,12.6375,3.7910,1.2636
1567,52.1989,15.6585,5.2193
1568,11.9341,3.5800,1.1933
1569,7.3128,2.1937,0.7312
1570,25.8719,7.7610,2.5869
1571,44.4458,13.3328,4.4441
1572,20.7455,6.2232,2.0743
1573,12.4895,3.7466,1.2488
1574,55.5634,16.6678,5.5557
1575,36.3847,10.9146,3.6381
1576,37.4035,11.2202,3.7400
1577,15.0045,4.5010,1.5003
1578,18.2631,5.4785,1.8261
1579,29.0355,8.7100,2.9032
1580,43.7583,13.1265,4.3754
1581,66.8101,20.0416,6.6803
1582,63.6174,19.0838,6.3611
1583,31.1549,9.3458,3.1152
1584,32.8973,9.8685,3.2894
1585,38.1854,11.4548,3.8181
1586,8.5771,2.5729,0.8576
1587,20.9674,6.2898,2.0965
1588,13.0066,3.9017,1.3005
1589,35.7498,10.7242,3.5746
1590,26.5961,7.9782,2.6593
1591,37.0927,11.1270,3.7089
1592,44.2630,13.2779,4.4258
1593,17.7384,5.3211,1.7737
1594,12.8648,3.8592,1.2863
1595,37.4566,11.2362,3.7453
1596,16.5894,4.9765,1.6588
1597,19.8423,5.9523,1.9840
1598,7.0957,2.1285,0.7095
1599,17.4471,5.2337,1.7445
1600,34.8919,10.4668,3.4888
1601,18.0956,5.4283,1.8094
1602,10.3091,3.0925,1.0308
1603,34.1072,10.2314,3.4104
1604,26.3013,7.8898,2.6298
1605,15.3759,4.6124,1.5374
1606,35.7155,10.7139,3.5712
1607,36.2874,10.8854,3.6283
1608,48.9822,14.6936,4.8977
1609,13.6788,4.1033,1.3677
1610,11.4824,3.4445,1.1481
1611,48.8499,14.6539,4.8845
1612,19.5092,5.8523,1.9507
1613,13.4000,4.0197,1.3399
1614,17.1827,5.1544,1.7181
1615,53.4692,16.0396,5.3463
1616,8.0547,2.4162,0.8054
1617,38.3431,11.5021,3.8339
1618,22.3144,6.6938,2.2312
1619,9.6851,2.9053,0.9684
1620,72.6766,21.8014,7.2669
1621,24.9915,7.4969,2.4989
1622,12.8282,3.8482,1.2827
1623,36.4091,10.9219,3.6405
1624,57.9006,17.3689,5.7894
1625,8.9579,2.6872,0.8957
1626,55.4167,16.6238,5.5411
1627,38.3163,11.4941,3.8312
1628,39.7015,11.9096,3.9697
1629,15.4959,4.6484,1.5494
1630,45.2831,13.5839,4.5278
1631,10.3770,3.1129,1.0376
1632,14.7635,4.4287,1.4762
1633,15.9911,4.7970,1.5989
1634,32.5156,9.7540,3.2512
1635,24.1358,7.2402,2.4133
1636,39.9919,11.9967,3.9988
1637,22.7363,6.8204,2.2734
1638,41.8791,12.5628,4.1875
1639,42.8798,12.8630,4.2875
1640,22.4407,6.7317,2.2438
1641,23.9448,7.1829,2.3942
1642,34.6876,10.4055,3.4684
1643,47.5095,14.2518,4.7504
1644,34.9118,10.4728,3.4908
1645,38.6256,11.5868,3.8621
1646,43.4468,13.0331,4.3442
1647,29.4328,8.8292,2.9430
1648,9.2983,2.7893,0.9297
1649,17.8394,5.3514,1.7838
1650,23.5561,7.0663,2.3554
1651,15.8396,4.7515,1.5838
1652,16.6438,4.9928,1.6642
1653,48.3168,14.4940,4.8312
1654,79.9234,23.9753,7.9915
1655,34.0388,10.2109,3.4035
1656,19.3087,5.7922,1.9307
1657,9.5604,2.8679,0.9559
1658,9.4680,2.8402,0.9467
1659,33.5651,10.0688,3.3562
1660,28.8005,8.6395,2.8797
1661,21.5527,6.4654,2.1550
1662,53.1020,15.9294,5.3096
1663,54.5501,16.3638,5.4544
1664,61.6251,18.4862,6.1618
1665,36.2174,10.8644,3.6214
1666,12.7337,3.8198,1.2732
1667,20.6197,6.1855,2.0617
1668,66.2545,19.8749,6.6247
1669,9.2638,2.7789,0.9263
1670,12.3166,3.6947,1.2315
1671,40.5412,12.1615,4.0537
1672,30.4649,9.1388,3.0462
1673,12.4062,3.7216,1.2405
1674,20.0014,6.0000,1.9999
1675,6.8776,2.0631,0.6877
1676,55.2012,16.5591,5.5195
1677,40.2748,12.0816,4.0270
1678,8.0536,2.4159,0.8053
1679,41.1388,12.3407,4.1134
1680,6.8952,2.0684,0.6894
1681,16.3209,4.8959,1.6319
1682,10.8498,3.2547,1.0849
1683,15.9472,4.7838,1.5946
1684,32.2319,9.6689,3.2228
1685,62.9917,18.8961,6.2985
1686,37.0245,11.1065,3.7021
1687,48.0094,14.4018,4.8004
1688,6.0842,1.8251,0.6084
1689,16.0001,4.7997,1.5998
1690,10.8789,3.2634,1.0878
1691,10.4462,3.1336,1.0445
1692,29.6949,8.9078,2.9692
1693,58.3134,17.4927,5.8307
1694,39.6874,11.9053,3.9683
1695,16.4181,4.9251,1.6416
1696,36.3288,10.8978,3.6325
1697,64.0497,19.2135,6.4043
1698,22.2032,6.6605,2.2201
1699,5.4718,1.6414,0.5471
1700,44.9039,13.4702,4.4899
1701,31.5019,9.4499,3.1498
1702,17.2902,5.1867,1.7288
1703,44.7627,13.4278,4.4758
1704,9.6608,2.8980,0.9660
1705,12.3110,3.6930,1.2310
1706,7.4894,2.2466,0.7489
1707,12.7626,3.8285,1.2761
1708,52.7836,15.8339,5.2778
1709,41.9722,12.5907,4.1968
1710,32.4853,9.7449,3.2482
1711,40.7793,12.2329,4.0775
1712,22.8706,6.8607,2.2868
1713,23.5220,7.0561,2.3519
1714,32.3937,9.7174,3.2390
1715,11.6241,3.4870,1.1623
1716,18.9247,5.6770,1.8923
1717,36.8141,11.0434,3.6810
1718,33.4205,10.0254,3.3417
1719,35.2639,10.5784,3.5260
1720,24.3510,7.3048,2.4348
1721,22.0980,6.6289,2.2096
1722,19.5653,5.8692,1.9563
1723,23.0202,6.9056,2.3018
1724,44.4660,13.3388,4.4461
1725,18.1039,5.4308,1.8102
1726,5.0404,1.5120,0.5040
1727,38.3831,11.5141,3.8379
1728,27.6186,8.2850,2.7616
1729,21.6170,6.4846,2.1615
1730,13.1930,3.9576,1.3192
1731,6.0772,1.8230,0.6077
1732,13.2929,3.9876,1.3291
1733,12.0858,3.6255,1.2084
1734,12.9541,3.8860,1.2953
1735,21.1161,6.3344,2.1114
1736,46.6250,13.9865,4.6620
1737,17.7231,5.3165,1.7721
1738,17.5571,5.2667,1.7555
1739,65.7105,19.7117,6.5703
1740,27.1940,8.1576,2.7191
1741,16.1762,4.8525,1.6174
1742,21.6102,6.4826,2.1608
1743,27.8185,8.3449,2.7816
1744,61.8354,18.5493,6.1829
1745,7.2175,2.1651,0.7217
1746,7.9276,2.3781,0.7927
1747,44.6598,13.3970,4.4655
1748,14.1690,4.2504,1.4167
1749,18.9263,5.6775,1.8924
1750,7.2685,2.1804,0.7268
1751,14.4635,4.3387,1.4462
1752,26.4523,7.9351,2.6449
1753,34.4025,10.3200,3.4399
1754,18.8125,5.6433,1.8810
1755,37.7448,11.3226,3.7741
1756,29.9636,8.9884,2.9960
1757,30.7863,9.2352,3.0783
1758,41.5176,12.4544,4.1513
1759,52.1140,15.6331,5.2108
1760,50.5632,15.1679,5.0558
1761,40.1906,12.0563,4.0186
1762,16.0688,4.8203,1.6067
1763,28.1578,8.4467,2.8155
1764,30.5999,9.1793,3.0597
1765,6.9728,2.0917,0.6972
1766,40.6681,12.1995,4.0664
1767,30.2562,9.0762,3.0253
1768,20.0255,6.0072,2.0023
1769,34.5523,10.3649,3.4549
1770,20.2964,6.0885,2.0294
1771,48.5193,14.5547,4.8514
1772,31.1091,9.3321,3.1106
1773,30.3221,9.0960,3.0319
1774,10.9084,3.2723,1.0907
1775,27.9785,8.3930,2.7976
1776,47.8364,14.3499,4.7831
1777,54.5172,16.3540,5.4511
1778,33.2645,9.9786,3.3261
1779,23.9733,7.1915,2.3971
1780,10.6686,3.2003,1.0667
1781,52.5772,15.7720,5.2572
1782,38.0237,11.4063,3.8020
1783,4.6349,1.3904,0.4634
1784,19.0606,5.7178,1.9059
1785,40.2207,12.0653,4.0216
1786,42.0253,12.6067,4.2021
1787,15.3615,4.6081,1.5360
1788,52.1252,15.6364,5.2120
1789,13.7982,4.1392,1.3797
1790,34.2519,10.2748,3.4248
1791,13.5204,4.0558,1.3519
1792,37.1419,11.1418,3.7138
1793,24.9621,7.4881,2.4959
1794,27.5144,8.2537,2.7511
1795,73.2451,21.9719,7.3237
1796,7.0451,2.1134,0.7044
1797,42.8763,12.8620,4.2872
1798,40.3037,12.0902,4.0299
1799,54.4176,16.3241,5.4412
1800,27.0379,8.1108,2.7035
1801,43.7667,13.1291,4.3762
1802,20.0628,6.0184,2.0061
1803,27.0095,8.1023,2.7007
1804,18.4082,5.5221,1.8406
1805,15.1490,4.5444,1.5147
1806,10.7623,3.2285,1.0761
1807,51.4455,15.4325,5.1440
1808,12.7803,3.8338,1.2779
1809,13.3230,3.9966,1.3322
1810,77.4185,23.2238,7.7410
1811,19.7408,5.9218,1.9739
1812,25.8959,7.7682,2.5893
1813,25.2648,7.5789,2.5262
1814,15.8847,4.7651,1.5883
1815,14.3408,4.3019,1.4339
1816,37.3729,11.2110,3.7369
1817,33.1182,9.9347,3.3115
1818,25.6061,7.6813,2.5603
1819,33.3418,10.0018,3.3338
1820,45.4416,13.6315,4.5437
1821,11.9931,3.5977,1.1992
1822,60.1931,18.0566,6.0187
1823,9.3080,2.7922,0.9307
1824,23.5565,7.0664,2.3554
1825,9.2405,2.7720,0.9240
1826,18.3217,5.4961,1.8320
1827,7.3577,2.2071,0.7357
1828,29.6413,8.8917,2.9638
1829,10.2972,3.0889,1.0296
1830,51.9516,15.5844,5.1946
1831,11.2849,3.3852,1.1284
1832,36.7563,11.0261,3.6752
1833,21.4454,6.4331,2.1443
1834,28.1237,8.4365,2.8121
1835,22.3832,6.7145,2.2381
1836,5.5143,1.6542,0.5514
1837,31.6447,9.4927,3.1641
1838,59.0396,17.7106,5.9033
1839,27.8731,8.3613,2.7870
1840,33.0362,9.9101,3.3033
1841,27.4419,8.2320,2.7439
1842,19.5861,5.8754,1.9584
1843,10.5594,3.1676,1.0558
1844,11.3344,3.4001,1.1333
1845,34.1003,10.2293,3.4097
1846,20.4554,6.1362,2.0453
1847,56.4781,16.9422,5.6472
1848,40.6357,12.1898,4.0631
1849,98.9150,29.6723,9.8904
1850,11.0960,3.3286,1.1095
1851,45.8145,13.7434,4.5810
1852,29.4991,8.8491,2.9496
1853,53.3870,16.0149,5.3381
1854,12.7346,3.8201,1.2733
1855,14.3934,4.3177,1.4392
1856,41.2244,12.3664,4.1220
1857,72.2449,21.6719,7.2237
1858,60.9468,18.2827,6.0940
1859,16.7670,5.0297,1.6765
1860,14.3456,4.3034,1.4344
1861,23.3316,6.9990,2.3329
1862,19.7420,5.9222,1.9740
1863,27.8601,8.3574,2.7857
1864,19.9975,5.9988,1.9995
1865,43.6248,13.0865,4.3620
1866,18.4221,5.5262,1.8420
1867,12.7370,3.8208,1.2736
1868,21.1667,6.3496,2.1164
1869,15.2416,4.5721,1.5240
1870,14.4729,4.3416,1.4471
1871,66.4165,19.9235,6.6409
1872,32.1745,9.6517,3.2171
1873,6.0178,1.8052,0.6017
1874,40.6457,12.1928,4.0641
1875,17.1330,5.1395,1.7131
1876,57.3655,17.2084,5.7359
1877,10.9419,3.2823,1.0941
1878,14.1455,4.2434,1.4144
1879,28.1868,8.4554,2.8184
1880,64.2338,19.2687,6.4227
1881,50.6337,15.1890,5.0628
1882,50.8363,15.2498,5.0831
1883,11.5030,3.4506,1.1502
1884,43.8140,13.1432,4.3809
1885,50.5319,15.1585,5.0526
1886,18.1241,5.4368,1.8122
1887,57.6610,17.2970,5.7655
1888,17.3874,5.2158,1.7385
1889,46.9344,14.0793,4.6929
1890,30.6166,9.1843,3.0613
1891,52.0372,15.6100,5.2032
1892,23.9344,7.1798,2.3932
1893,21.1249,6.3370,2.1123
1894,28.8921,8.6670,2.8889
1895,8.9185,2.6754,0.8918
1896,54.2566,16.2758,5.4251
1897,10.9912,3.2971,1.0990
1898,15.2967,4.5887,1.5295
1899,21.9020,6.5701,2.1900
1900,62.4341,18.7289,6.2427
1901,59.6877,17.9050,5.9681
1902,21.6698,6.5005,2.1667
1903,29.9618,8.9879,2.9959
1904,44.1836,13.2541,4.4179
1905,42.9158,12.8738,4.2911
1906,25.2032,7.5604,2.5201
1907,36.0873,10.8254,3.6083
1908,14.0363,4.2106,1.4035
1909,5.1677,1.5502,0.5167
1910,16.9128,5.0735,1.6911
1911,15.8433,4.7527,1.5842
1912,16.1095,4.8325,1.6108
1913,15.1816,4.5541,1.5180
1914,26.7900,8.0364,2.6787
1915,46.7906,14.0362,4.6786
1916,53.8318,16.1484,5.3826
1917,35.3048,10.5907,3.5301
1918,30.3999,9.1193,3.0397
1919,27.8998,8.3693,2.7897
1920,56.7163,17.0137,5.6710
1921,35.7839,10.7344,3.5780
1922,16.1497,4.8446,1.6148
1923,29.6393,8.8912,2.9636
1924,42.2553,12.6757,4.2251
1925,35.5656,10.6689,3.5562
1926,31.8601,9.5573,3.1857
1927,22.5978,6.7788,2.2595
1928,43.5018,13.0496,4.3497
1929,10.1216,3.0363,1.0121
1930,15.3034,4.5907,1.5302
1931,45.1883,13.5555,4.5183
1932,11.7285,3.5183,1.1727
1933,8.3284,2.4984,0.8328
1934,30.7567,9.2264,3.0753
1935,65.2726,19.5803,6.5266
1936,34.6498,10.3942,3.4646
1937,38.5801,11.5732,3.8576
1938,8.6745,2.6022,0.8674
1939,55.9476,16.7830,5.5942
1940,50.3632,15.1079,5.0358
1941,34.4458,10.3330,3.4442
1942,10.2210,3.0661,1.0220
1943,33.1314,9.9387,3.3128
1944,56.5807,16.9730,5.6575
1945,18.4274,5.5278,1.8425
1946,71.5051,21.4500,7.1497
1947,4.6238,1.3870,0.4623
1948,8.1352,2.4404,0.8134
1949,32.3610,9.7076,3.2358
1950,5.4526,1.6357,0.5452
1951,30.5505,9.1645,3.0547
1952,21.3289,6.3982,2.1327
1953,46.1069,13.8311,4.6102
1954,6.1361,1.8407,0.6135
1955,42.6168,12.7841,4.2612
1956,44.2432,13.2720,4.4238
1957,45.6781,13.7024,4.5673
1958,16.9240,5.0768,1.6922
1959,69.8713,20.9599,6.9864
1960,12.5135,3.7538,1.2512
1961,13.2400,3.9717,1.3239
1962,29.9472,8.9835,2.9944
1963,16.6683,5.0001,1.6666
1964,14.0922,4.2274,1.4091
1965,16.0529,4.8155,1.6051
1966,42.1458,12.6428,4.2141
1967,34.2631,10.2782,3.4259
1968,6.2252,1.8674,0.6225
1969,20.8789,6.2632,2.0877
1970,17.1410,5.1419,1.7139
1971,11.6571,3.4969,1.1656
1972,32.6007,9.7795,3.2597
1973,33.4666,10.0392,3.3463
1974,32.7477,9.8236,3.2744
1975,16.0159,4.8044,1.6014
1976,8.3820,2.5144,0.8381
1977,25.3894,7.6163,2.5387
1978,26.3539,7.9056,2.6351
1979,24.9867,7.4955,2.4984
1980,23.9516,7.1850,2.3949
1981,27.7463,8.3233,2.7743
1982,12.6072,3.7819,1.2606
1983,19.5432,5.8625,1.9541
1984,25.6330,7.6894,2.5630
1985,12.5218,3.7563,1.2520
1986,14.3643,4.3090,1.4363
1987,42.5464,12.7630,4.2542
1988,57.4023,17.2194,5.7396
1989,5.7838,1.7350,0.5783
1990,58.3901,17.5158,5.8384
1991,27.3297,8.1983,2.7327
1992,59.5053,17.8503,5.9499
1993,24.2405,7.2716,2.4238
1994,13.6439,4.0929,1.3642
1995,11.8003,3.5398,1.1799
1996,57.9701,17.3898,5.7964
1997,6.9465,2.0838,0.6946
1998,28.5848,8.5748,2.8582
1999,33.0395,9.9111,3.3036
2000,14.1379,4.2411,1.4136
2001,11.1770,3.3528,1.1176
2002,35.5502,10.6643,3.5546
2003,36.8520,11.0548,3.6848
2004,11.9145,3.5741,1.1913
2005,21.2704,6.3807,2.1268
2006,31.8940,9.5675,3.1891
2007,45.9250,13.7765,4.5920
2008,10.8577,3.2571,1.0857
2009,29.7741,8.9316,2.9771
2010,47.8912,14.3663,4.7886
2011,28.5095,8.5522,2.8506
2012,43.3228,12.9959,4.3318
2013,5.7419,1.7224,0.5741
2014,26.9412,8.0818,2.6938
2015,35.9586,10.7868,3.5955
2016,26.7519,8.0250,2.6749
2017,19.9315,5.9790,1.9929
2018,15.7560,4.7265,1.5754
2019,22.5389,6.7612,2.2537
2020,25.4304,7.6286,2.5428
2021,15.6485,4.6942,1.5647
2022,30.4056,9.1210,3.0402
2023,25.8945,7.7678,2.5892
2024,22.8560,6.8563,2.2854
2025,33.0049,9.9007,3.3001
2026,40.2991,12.0889,4.0295
2027,5.4477,1.6342,0.5447
2028,46.5493,13.9638,4.6544
2029,32.6358,9.7900,3.2632
2030,82.7617,24.8267,8.2753
2031,67.0386,20.1101,6.7031
2032,15.1880,4.5561,1.5186
2033,24.1257,7.2372,2.4123
2034,15.0019,4.5003,1.5000
2035,8.0404,2.4119,0.8040
2036,35.1101,10.5323,3.5106
2037,15.4098,4.6226,1.5408
2038,7.2869,2.1859,0.7286
2039,26.4850,7.9449,2.6482
2040,34.7695,10.4301,3.4766
2041,18.4462,5.5334,1.8444
2042,10.2852,3.0853,1.0284
2043,14.3110,4.2930,1.4309
2044,45.4700,13.6400,4.5465
2045,8.4092,2.5226,0.8408
2046,22.7517,6.8250,2.2749
2047,30.1399,9.0413,3.0137
2048,12.0855,3.6254,1.2084
2049,16.9920,5.0972,1.6990
2050,54.0726,16.2206,5.4067
2051,25.3522,7.6051,2.5350
2052,44.9173,13.4742,4.4912
2053,7.6104,2.2830,0.7610
2054,21.5701,6.4706,2.1568
2055,51.1920,15.3565,5.1186
2056,17.5743,5.2719,1.7572
2057,15.5168,4.6547,1.5515
2058,32.4117,9.7228,3.2408
2059,36.2054,10.8608,3.6202
2060,12.2054,3.6614,1.2204
2061,36.4136,10.9233,3.6410
2062,31.1941,9.3575,3.1191
2063,18.7430,5.6225,1.8741
2064,35.4266,10.6272,3.5423
2065,44.1611,13.2474,4.4156
2066,27.9529,8.3853,2.7950
2067,20.2977,6.0889,2.0296
2068,41.1823,12.3538,4.1178
2069,49.2982,14.7884,4.9293
2070,54.9324,16.4785,5.4926
2071,32.6932,9.8073,3.2690
2072,62.8363,18.8495,6.2830
2073,43.1134,12.9331,4.3109
2074,22.6767,6.8025,2.2674
2075,32.7876,9.8356,3.2784
2076,33.8966,10.1682,3.3893
2077,26.9276,8.0777,2.6925
2078,42.1228,12.6359,4.2118
2079,13.8179,4.1451,1.3816
2080,11.9814,3.5942,1.1980
2081,9.3949,2.8183,0.9394
2082,53.1434,15.9418,5.3138
2083,19.7405,5.9217,1.9738
2084,28.3349,8.4998,2.8332
2085,32.7465,9.8232,3.2743
2086,20.6174,6.1848,2.0615
2087,32.4062,9.7211,3.2403
2088,25.3883,7.6159,2.5386
2089,33.4065,10.0212,3.3403
2090,17.7963,5.3385,1.7794
2091,36.3962,10.9181,3.6392
2092,22.4085,6.7221,2.2406
2093,32.8242,9.8465,3.2821
2094,56.1963,16.8577,5.6190
2095,23.2702,6.9806,2.3268
2096,4.6305,1.3890,0.4630
2097,14.8026,4.4404,1.4801
2098,14.7184,4.4152,1.4717
2099,69.6359,20.8893,6.9628
2100,6.5992,1.9796,0.6599
2101,32.1429,9.6422,3.2139
2102,43.5933,13.0771,4.3589
2103,19.9883,5.9960,1.9986
2104,9.0441,2.7130,0.9043
2105,29.0596,8.7172,2.9056
2106,17.5102,5.2527,1.7508
2107,26.1923,7.8571,2.6189
2108,39.8410,11.9514,3.9837
2109,26.7935,8.0375,2.6791
2110,23.5343,7.0598,2.3532
2111,18.6911,5.6069,1.8689
2112,10.0093,3.0026,1.0008
2113,10.8421,3.2524,1.0841
2114,17.7118,5.3131,1.7710
2115,51.5109,15.4521,5.1505
2116,11.3417,3.4023,1.1340
2117,38.6427,11.5920,3.8639
2118,33.1361,9.9401,3.3133
2119,17.2862,5.1855,1.7284
2120,16.6402,4.9917,1.6638
2121,5.4896,1.6468,0.5489
2122,33.1151,9.9338,3.3112
2123,27.2394,8.1712,2.7236
2124,14.1664,4.2496,1.4165
2125,28.8824,8.6641,2.8879
2126,43.4759,13.0418,4.3471
2127,17.7982,5.3391,1.7796
2128,11.8413,3.5521,1.1840
2129,34.2895,10.2861,3.4286
2130,19.2593,5.7774,1.9257
2131,5.7265,1.7178,0.5726
2132,37.7236,11.3162,3.7720
2133,33.9165,10.1742,3.3913
2134,26.4099,7.9224,2.6407
2135,19.8100,5.9426,1.9808
2136,35.3240,10.5964,3.5320
2137,28.5796,8.5733,2.8577
2138,48.4304,14.5281,4.8425
2139,31.0654,9.3190,3.1062
2140,18.2163,5.4645,1.8214
2141,13.9567,4.1867,1.3955
2142,11.8808,3.5640,1.1879
2143,28.1760,8.4522,2.8173
2144,43.7158,13.1138,4.3711
2145,28.2700,8.4804,2.8267
2146,84.9124,25.4719,8.4903
2147,11.7782,3.5332,1.1777
2148,13.8299,4.1487,1.3828
2149,11.7797,3.5337,1.1778
2150,37.1830,11.1541,3.7179
2151,32.5566,9.7663,3.2553
2152,19.8828,5.9644,1.9881
2153,42.9052,12.8706,4.2901
2154,17.9678,5.3899,1.7966
2155,35.0344,10.5095,3.5031
2156,20.6835,6.2046,2.0681
2157,34.7206,10.4154,3.4717
2158,10.9474,3.2840,1.0946
2159,38.9596,11.6870,3.8955
2160,10.0678,3.0201,1.0067
2161,49.1325,14.7387,4.9127
2162,52.7875,15.8351,5.2782
2163,5.6636,1.6989,0.5663
2164,15.7928,4.7375,1.5791
2165,7.7268,2.3179,0.7726
2166,39.0159,11.7039,3.9012
2167,14.5764,4.3726,1.4575
2168,10.0181,3.0052,1.0017
2169,9.4303,2.8289,0.9429
2170,24.3768,7.3125,2.4374
2171,17.5126,5.2534,1.7511
2172,15.7856,4.7353,1.5784
2173,16.9354,5.0803,1.6934
2174,85.4875,25.6444,8.5478
2175,18.8403,5.6517,1.8838
2176,11.1976,3.3590,1.1196
2177,93.0236,27.9051,9.3014
2178,23.0853,6.9251,2.3083
2179,43.6597,13.0969,4.3655
2180,18.1804,5.4537,1.8178
2181,61.9414,18.5811,6.1935
2182,25.9065,7.7714,2.5904
2183,27.6045,8.2808,2.7602
2184,26.0168,7.8045,2.6014
2185,75.7583,22.7258,7.5750
2186,40.1818,12.0537,4.0178
2187,46.2852,13.8846,4.6280
2188,17.7038,5.3108,1.7702
2189,40.6644,12.1984,4.0660
2190,39.9715,11.9906,3.9967
2191,36.6790,11.0029,3.6675
2192,56.0493,16.8136,5.6043
2193,44.3828,13.3139,4.4378
2194,21.5841,6.4748,2.1582
2195,19.6796,5.9035,1.9677
2196,24.6623,7.3981,2.4660
2197,14.9842,4.4949,1.4983
2198,36.5254,10.9568,3.6521
2199,48.4341,14.5292,4.8429
2200,37.7078,11.3115,3.7704
2201,23.1184,6.9350,2.3116
2202,21.3870,6.4156,2.1385
2203,27.3049,8.1909,2.7302
2204,38.7250,11.6166,3.8721
2205,16.8155,5.0443,1.6814
2206,28.2415,8.4718,2.8238
2207,10.6749,3.2022,1.0674
2208,41.4960,12.4479,4.1492
2209,36.7014,11.0096,3.6697
2210,17.7215,5.3161,1.7720
2211,10.8333,3.2497,1.0832
2212,20.7076,6.2118,2.0705
2213,22.7698,6.8304,2.2767
2214,15.4464,4.6336,1.5445
2215,41.1207,12.3353,4.1116
2216,40.5506,12.1643,4.0546
2217,6.8350,2.0503,0.6834
2218,42.7175,12.8143,4.2713
2219,44.8433,13.4520,4.4838
2220,8.1441,2.4431,0.8143
2221,67.8499,20.3535,6.7843
2222,13.5724,4.0714,1.3571
2223,42.1715,12.6505,4.2167
2224,50.5863,15.1748,5.0581
2225,29.5274,8.8576,2.9524
2226,13.3459,4.0035,1.3344
2227,9.2987,2.7894,0.9298
2228,54.7688,16.4294,5.4763
2229,10.3517,3.1053,1.0351
2230,34.9966,10.4982,3.4993
2231,14.6907,4.4069,1.4689
2232,10.4182,3.1252,1.0417
2233,40.5428,12.1620,4.0538
2234,43.2024,12.9598,4.3198
2235,9.2764,2.7827,0.9275
2236,36.5445,10.9626,3.6541
2237,41.2348,12.3695,4.1230
2238,30.6438,9.1925,3.0641
2239,12.1278,3.6381,1.2126
2240,37.8210,11.3455,3.7817
2241,26.7655,8.0291,2.6763
2242,30.7337,9.2194,3.0730
2243,10.8331,3.2497,1.0832
2244,23.3697,7.0104,2.3367
2245,12.6629,3.7986,1.2661
2246,46.6362,13.9899,4.6631
2247,50.9578,15.2862,5.0952
2248,41.0361,12.3099,4.1032
2249,28.8169,8.6444,2.8814
2250,34.8534,10.4553,3.4850
2251,47.3030,14.1899,4.7298
2252,50.7612,15.2273,5.0756
2253,35.1653,10.5488,3.5162
2254,32.6799,9.8032,3.2676
2255,17.2075,5.1619,1.7206
2256,27.6788,8.3030,2.7676
2257,17.3224,5.1963,1.7321
2258,14.4645,4.3390,1.4463
2259,20.9135,6.2736,2.0911
2260,21.9504,6.5846,2.1948
2261,6.6215,1.9863,0.6621
2262,22.7292,6.8183,2.2727
2263,36.4292,10.9280,3.6425
2264,23.6536,7.0956,2.3651
2265,17.4521,5.2352,1.7450
2266,16.5176,4.9549,1.6516
2267,29.5641,8.8686,2.9561
2268,19.9560,5.9864,1.9954
2269,10.9187,3.2754,1.0918
2270,42.1158,12.6338,4.2111
2271,32.4699,9.7403,3.2466
2272,40.3029,12.0900,4.0299
2273,41.5495,12.4639,4.1545
2274,58.7712,17.6301,5.8765
2275,53.8844,16.1641,5.3879
2276,69.3351,20.7990,6.9328
2277,19.2895,5.7864,1.9287
2278,37.7303,11.3183,3.7726
2279,24.4517,7.3350,2.4449
2280,11.4455,3.4334,1.1444
2281,30.6321,9.1889,3.0629
2282,35.7179,10.7146,3.5714
2283,12.7718,3.8313,1.2770
2284,21.4359,6.4303,2.1434
2285,12.9996,3.8996,1.2998
2286,14.5854,4.3753,1.4584
2287,15.0734,4.5217,1.5072
2288,8.6814,2.6042,0.8680
2289,22.7188,6.8151,2.2716
2290,63.6289,19.0873,6.3622
2291,34.5475,10.3635,3.4544
2292,48.3885,14.5155,4.8383
2293,14.0554,4.2163,1.4054
2294,18.0130,5.4035,1.8011
2295,22.3754,6.7121,2.2373
2296,92.0144,27.6023,9.2005
2297,43.3919,13.0166,4.3387
2298,53.0377,15.9102,5.3032
2299,14.8280,4.4481,1.4826
2300,41.6174,12.4843,4.1613
2301,35.4516,10.6347,3.5448
2302,43.2710,12.9804,4.3266
2303,12.1377,3.6410,1.2136
2304,8.5055,2.5515,0.8505
2305,19.1652,5.7491,1.9163
2306,39.8222,11.9458,3.9818
2307,41.1194,12.3349,4.1115
2308,43.3040,12.9902,4.3299
2309,32.5766,9.7723,3.2573
2310,28.1163,8.4343,2.8113
2311,17.0020,5.1002,1.7000
2312,34.4706,10.3404,3.4467
2313,24.0600,7.2175,2.4057
2314,42.9554,12.8857,4.2951
2315,13.8716,4.1612,1.3870
2316,24.4863,7.3453,2.4484
2317,25.0662,7.5193,2.5064
2318,11.8050,3.5412,1.1804
2319,10.8649,3.2592,1.0864
2320,21.8039,6.5407,2.1802
2321,22.1143,6.6338,2.2112
2322,39.2780,11.7825,3.9274
2323,24.6910,7.4068,2.4688
2324,15.8532,4.7556,1.5852
2325,10.5590,3.1675,1.0558
2326,26.4157,7.9241,2.6413
2327,89.1455,26.7417,8.9136
2328,23.9882,7.1959,2.3986
2329,34.5267,10.3573,3.4523
2330,17.9039,5.3708,1.7902
2331,11.6713,3.5011,1.1670
2332,30.1370,9.0405,3.0134
2333,12.7422,3.8224,1.2741
2334,41.9519,12.5847,4.1947
2335,32.7007,9.8095,3.2697
2336,20.5990,6.1793,2.0597
2337,8.1882,2.4563,0.8187
2338,14.4752,4.3423,1.4474
2339,17.5393,5.2614,1.7537
2340,28.0531,8.4153,2.8050
2341,44.9907,13.4962,4.4986
2342,42.7234,12.8161,4.2719
2343,21.5574,6.4667,2.1555
2344,40.5671,12.1692,4.0563
2345,27.7457,8.3231,2.7743
2346,35.3237,10.5963,3.5320
2347,10.1354,3.0404,1.0134
2348,49.8167,14.9439,4.9811
2349,31.6721,9.5009,3.1669
2350,54.5298,16.3578,5.4524
2351,13.8822,4.1644,1.3881
2352,27.2863,8.1853,2.7283
2353,26.5812,7.9738,2.6578
2354,31.2215,9.3658,3.1218
2355,39.1333,11.7391,3.9129
2356,48.0414,14.4114,4.8036
2357,75.2905,22.5855,7.5282
2358,28.0887,8.4260,2.8086
2359,91.8257,27.5457,9.1816
2360,19.0559,5.7164,1.9054
2361,17.2431,5.1726,1.7241
2362,6.5089,1.9525,0.6508
2363,19.4059,5.8214,1.9404
2364,7.3965,2.2188,0.7396
2365,13.1861,3.9555,1.3185
2366,36.4772,10.9424,3.6473
2367,39.7486,11.9237,3.9744
2368,67.9259,20.3763,6.7919
2369,73.0627,21.9172,7.3055
2370,14.2779,4.2831,1.4276
2371,9.3219,2.7964,0.9321
2372,15.6003,4.6797,1.5599
2373,29.2850,8.7849,2.9282
2374,17.3374,5.2008,1.7336
2375,8.3197,2.4957,0.8319
2376,11.6643,3.4990,1.1663
2377,46.0082,13.8014,4.6003
2378,6.7467,2.0239,0.6746
2379,32.1676,9.6496,3.2164
2380,41.8055,12.5407,4.1801
2381,29.9388,8.9810,2.9936
2382,11.4322,3.4294,1.1431
2383,50.9858,15.2946,5.0980
2384,43.7888,13.1357,4.3784
2385,15.6668,4.6997,1.5665
2386,9.0769,2.7229,0.9076
2387,7.2810,2.1841,0.7280
2388,11.5537,3.4659,1.1552
2389,21.9975,6.5988,2.1995
2390,34.1619,10.2478,3.4158
2391,55.4054,16.6204,5.5399
2392,36.1906,10.8564,3.6187
2393,33.9369,10.1803,3.3933
2394,47.0874,14.1252,4.7082
2395,16.5518,4.9652,1.6550
2396,6.1788,1.8535,0.6178
2397,88.6694,26.5989,8.8660
2398,34.5132,10.3532,3.4509
2399,16.2750,4.8822,1.6273
2400,23.8990,7.1692,2.3896
2401,31.7012,9.5097,3.1698
2402,13.2939,3.9879,1.3292
2403,64.9707,19.4898,6.4964
2404,42.3414,12.7015,4.2337
2405,7.8797,2.3637,0.7879
2406,41.1569,12.3462,4.1153
2407,18.9895,5.6964,1.8988
2408,51.4633,15.4379,5.1458
2409,16.4691,4.9404,1.6467
2410,57.4413,17.2311,5.7435
2411,29.1981,8.7588,2.9195
2412,6.8568,2.0569,0.6856
2413,31.1118,9.3329,3.1108
2414,38.2723,11.4808,3.8268
2415,33.1068,9.9313,3.3103
2416,33.2663,9.9792,3.3263
2417,36.9707,11.0904,3.6967
2418,44.6798,13.4030,4.4675
2419,33.6996,10.1092,3.3696
2420,36.3321,10.8988,3.6328
2421,13.8611,4.1580,1.3860
2422,15.8284,4.7482,1.5827
2423,10.8060,3.2416,1.0805
2424,30.2313,9.0687,3.0228
2425,44.7830,13.4339,4.4778
2426,48.8600,14.6569,4.8855
2427,44.0094,13.2019,4.4005
2428,8.6426,2.5926,0.8642
2429,32.3832,9.7143,3.2380
2430,27.4182,8.2249,2.7415
2431,37.4327,11.2290,3.7429
2432,94.0949,28.2264,9.4085
2433,36.1852,10.8548,3.6181
2434,30.3401,9.1014,3.0337
2435,39.0589,11.7168,3.9055
2436,25.2403,7.5715,2.5238
2437,14.9023,4.4704,1.4901
2438,11.6536,3.4958,1.1652
2439,14.2638,4.2788,1.4262
2440,33.0472,9.9134,3.3044
2441,8.3748,2.5122,0.8374
2442,12.5538,3.7659,1.2552
2443,74.8243,22.4457,7.4816
2444,41.0726,12.3209,4.1068
2445,18.2759,5.4824,1.8274
2446,22.2000,6.6595,2.2198
2447,26.2130,7.8633,2.6210
2448,13.8977,4.1690,1.3896
2449,38.5900,11.5762,3.8586
2450,17.1997,5.1595,1.7198
2451,12.9524,3.8854,1.2951
2452,36.3481,10.9036,3.6344
2453,34.0842,10.2245,3.4081
2454,21.2805,6.3837,2.1278
2455,40.2832,12.0841,4.0279
2456,18.2464,5.4735,1.8244
2457,12.9568,3.8867,1.2955
2458,30.9882,9.2958,3.0985
2459,15.1414,4.5421,1.5140
2460,23.6874,7.1057,2.3685
2461,33.5019,10.0498,3.3498
2462,49.4642,14.8382,4.9459
2463,39.1145,11.7335,3.9110
2464,34.6465,10.3932,3.4643
2465,50.4197,15.1248,5.0414
2466,21.3834,6.4145,2.1381
2467,28.0416,8.4119,2.8039
2468,17.7690,5.3303,1.7767
2469,53.1727,15.9507,5.3167
2470,14.8230,4.4466,1.4821
2471,25.1257,7.5371,2.5123
2472,32.8155,9.8439,3.2812
2473,30.5129,9.1532,3.0510
2474,18.4433,5.5326,1.8441
2475,38.3039,11.4903,3.8300
2476,32.2397,9.6712,3.2236
2477,59.2820,17.7833,5.9276
2478,16.2046,4.8610,1.6203
2479,20.1000,6.0296,2.0098
2480,26.2147,7.8638,2.6212
2481,10.9037,3.2709,1.0902
2482,49.8028,14.9398,4.9797
2483,32.9265,9.8772,3.2923
2484,45.0838,13.5241,4.5079
2485,35.3815,10.6137,3.5378
2486,48.7549,14.6254,4.8750
2487,15.2640,4.5789,1.5262
2488,52.5339,15.7590,5.2528
2489,50.9409,15.2811,5.0935
2490,39.9260,11.9769,3.9922
2491,47.4732,14.2409,4.7468
2492,10.6911,3.2071,1.0690
2493,22.6624,6.7982,2.2660
2494,26.6701,8.0005,2.6667
2495,46.5348,13.9594,4.6530
2496,11.5759,3.4725,1.1575
2497,9.5584,2.8673,0.9557
2498,10.8340,3.2500,1.0833
2499,6.3036,1.8909,0.6303
2500,16.7017,5.0102,1.6700
2501,17.0456,5.1133,1.7044
2502,11.6150,3.4842,1.1614
2503,18.1139,5.4338,1.8112
2504,16.1320,4.8392,1.6130
2505,24.3232,7.2964,2.4321
2506,28.3166,8.4944,2.8314
2507,37.5592,11.2669,3.7555
2508,37.0496,11.1141,3.7046
2509,11.5257,3.4575,1.1524
2510,42.1586,12.6467,4.2154
2511,9.0538,2.7160,0.9053
2512,8.1894,2.4566,0.8189
2513,11.6076,3.4820,1.1606
2514,20.5154,6.1542,2.0513
2515,8.6342,2.5901,0.8633
2516,18.1093,5.4324,1.8107
2517,49.8594,14.9567,4.9854
2518,47.7089,14.3116,4.7704
2519,7.8900,2.3668,0.7889
2520,28.8164,8.6443,2.8813
2521,17.4568,5.2367,1.7455
2522,84.2347,25.2686,8.4226
2523,25.4591,7.6372,2.5456
2524,14.0528,4.2155,1.4051
2525,71.8983,21.5679,7.1891
2526,34.6242,10.3865,3.4621
2527,4.3985,1.3195,0.4398
2528,14.9634,4.4887,1.4962
2529,20.2316,6.0690,2.0229
2530,8.5118,2.5533,0.8511
2531,19.2983,5.7891,1.9296
2532,6.7076,2.0121,0.6707
2533,53.2694,15.9796,5.3264
2534,18.1171,5.4347,1.8115
2535,5.4870,1.6460,0.5486
2536,23.8287,7.1481,2.3826
2537,34.1959,10.2580,3.4192
2538,35.4683,10.6397,3.5465
2539,33.5205,10.0554,3.3517
2540,35.0738,10.5214,3.5070
2541,8.8703,2.6609,0.8869
2542,9.1883,2.7563,0.9187
2543,49.5499,14.8639,4.9545
2544,16.0535,4.8157,1.6052
2545,39.8540,11.9553,3.9850
2546,9.1383,2.7413,0.9137
2547,51.1077,15.3312,5.1102
2548,34.2441,10.2725,3.4240
2549,19.6479,5.8939,1.9646
2550,29.0646,8.7187,2.9061
2551,29.3430,8.8023,2.9340
2552,72.6125,21.7822,7.2605
2553,67.9891,20.3952,6.7982
2554,10.4396,3.1317,1.0438
2555,14.1315,4.2391,1.4130
2556,7.2658,2.1796,0.7265
2557,16.7722,5.0313,1.6770
2558,18.3999,5.5196,1.8398
2559,26.4797,7.9433,2.6477
2560,59.3240,17.7959,5.9318
2561,28.9256,8.6770,2.8922
2562,18.8779,5.6630,1.8876
2563,40.3882,12.1156,4.0384
2564,20.3588,6.1072,2.0357
2565,29.8267,8.9473,2.9823
2566,18.9889,5.6963,1.8987
2567,29.8414,8.9518,2.9838
2568,54.7126,16.4126,5.4707
2569,11.8493,3.5545,1.1848
2570,14.8406,4.4519,1.4839
2571,4.4856,1.3456,0.4485
2572,14.2863,4.2856,1.4285
2573,46.9425,14.0817,4.6937
2574,10.0078,3.0021,1.0007
2575,30.2034,9.0604,3.0200
2576,42.7169,12.8141,4.2712
2577,40.6886,12.2057,4.0684
2578,7.2064,2.1618,0.7206
2579,34.7675,10.4295,3.4764
2580,41.2389,12.3708,4.1234
2581,34.8760,10.4620,3.4872
2582,43.9479,13.1834,4.3943
2583,27.9926,8.3972,2.7990
2584,25.6173,7.6846,2.5615
2585,46.6708,14.0002,4.6666
2586,39.8915,11.9666,3.9887
2587,32.2547,9.6757,3.2251
2588,10.5079,3.1521,1.0507
2589,32.1737,9.6514,3.2170
2590,25.0882,7.5259,2.5085
2591,41.9420,12.5817,4.1937
2592,46.4398,13.9309,4.6435
2593,15.5600,4.6676,1.5558
2594,30.3326,9.0991,3.0329
2595,81.7451,24.5217,8.1736
2596,44.8340,13.4492,4.4829
2597,15.4974,4.6489,1.5496
2598,8.2829,2.4847,0.8282
2599,19.8235,5.9466,1.9821
2600,10.6579,3.1971,1.0657
2601,60.1667,18.0487,6.0160
2602,14.6204,4.3858,1.4619
2603,46.7620,14.0276,4.6757
2604,5.8848,1.7653,0.5884
2605,13.4438,4.0328,1.3442
2606,45.6220,13.6856,4.5617
2607,39.1522,11.7448,3.9148
2608,55.2635,16.5778,5.5258
2609,11.8130,3.5437,1.1812
2610,7.9147,2.3742,0.7914
2611,6.4712,1.9412,0.6470
2612,51.5126,15.4526,5.1507
2613,23.1231,6.9364,2.3121
2614,10.9378,3.2811,1.0937
2615,15.6634,4.6987,1.5662
2616,12.8366,3.8507,1.2835
2617,17.0373,5.1108,1.7035
2618,22.5017,6.7500,2.2499
2619,6.4413,1.9322,0.6441
2620,8.0468,2.4139,0.8046
2621,48.3144,14.4933,4.8309
2622,10.3224,3.0965,1.0321
2623,7.4218,2.2264,0.7421
2624,8.2115,2.4633,0.8211
2625,46.8650,14.0585,4.6860
2626,7.2595,2.1777,0.7259
2627,10.7815,3.2342,1.0780
2628,24.3583,7.3070,2.4356
2629,13.1509,3.9450,1.3150
2630,6.6935,2.0079,0.6693
2631,25.4297,7.6284,2.5427
2632,7.2828,2.1847,0.7282
2633,49.0966,14.7279,4.9091
2634,18.6362,5.5905,1.8634
2635,25.4333,7.6294,2.5431
2636,28.5303,8.5585,2.8527
2637,20.6552,6.1961,2.0653
2638,49.5961,14.8778,4.9591
2639,14.0868,4.2257,1.4085
2640,31.5235,9.4564,3.1520
2641,17.9600,5.3876,1.7958
2642,51.2823,15.3836,5.1277
2643,40.1161,12.0340,4.0112
2644,33.9112,10.1726,3.3908
2645,15.2747,4.5821,1.5273
2646,62.1500,18.6437,6.2143
2647,12.5693,3.7705,1.2568
2648,9.2679,2.7802,0.9267
2649,39.7506,11.9243,3.9746
2650,22.6760,6.8023,2.2674
2651,12.4610,3.7380,1.2460
2652,6.9129,2.0737,0.6912
2653,22.2439,6.6727,2.2241
2654,18.7278,5.6179,1.8726
2655,46.7253,14.0166,4.6720
2656,19.1383,5.7411,1.9136
2657,90.8019,27.2386,9.0792
2658,25.9705,7.7906,2.5968
2659,40.9519,12.2847,4.0947
2660,28.7426,8.6221,2.8739
2661,10.9502,3.2848,1.0949
2662,48.3898,14.5159,4.8385
2663,32.7428,9.8221,3.2739
2664,39.1380,11.7406,3.9134
2665,27.7717,8.3309,2.7769
2666,71.3440,21.4016,7.1336
2667,9.0776,2.7231,0.9077
2668,17.7757,5.3323,1.7774
2669,10.3239,3.0969,1.0323
2670,15.9464,4.7836,1.5945
2671,13.6525,4.0954,1.3651
2672,14.7618,4.4282,1.4760
2673,50.0289,15.0076,5.0023
2674,10.4462,3.1336,1.0445
2675,45.4077,13.6213,4.5403
2676,8.8754,2.6624,0.8874
2677,12.9506,3.8849,1.2949
2678,65.8736,19.7607,6.5867
2679,30.2286,9.0679,3.0225
2680,20.1001,6.0296,2.0098
2681,19.8274,5.9478,1.9825
2682,32.0071,9.6014,3.2004
2683,11.6701,3.5008,1.1669
2684,36.6964,11.0081,3.6692
2685,36.0510,10.8145,3.6047
2686,31.7980,9.5387,3.1795
2687,34.9725,10.4910,3.4969
2688,27.2738,8.1815,2.7271
2689,11.8610,3.5580,1.1860
2690,21.3156,6.3942,2.1313
2691,15.9742,4.7919,1.5972
2692,13.8982,4.1692,1.3897
2693,28.7768,8.6324,2.8774
2694,9.3363,2.8007,0.9335
2695,35.4920,10.6468,3.5488
2696,19.5091,5.8523,1.9507
2697,32.3170,9.6944,3.2314
2698,20.4224,6.1263,2.0420
2699,24.7740,7.4317,2.4771
2700,14.1571,4.2468,1.4156
2701,18.1068,5.4317,1.8105
2702,65.3251,19.5961,6.5318
2703,15.5161,4.6545,1.5514
2704,11.8845,3.5651,1.1883
2705,45.0837,13.5241,4.5079
2706,17.4145,5.2240,1.7413
2707,45.2515,13.5745,4.5247
2708,14.7267,4.4177,1.4725
2709,9.7894,2.9366,0.9788
2710,31.4866,9.4453,3.1483
2711,15.3369,4.6007,1.5335
2712,10.4490,3.1345,1.0448
2713,45.7630,13.7279,4.5758
2714,36.1555,10.8459,3.6152
2715,33.8817,10.1638,3.3878
2716,21.4516,6.4350,2.1449
2717,18.6949,5.6081,1.8693
2718,32.8532,9.8552,3.2850
2719,54.0610,16.2171,5.4055
2720,34.6177,10.3846,3.4614
2721,22.5838,6.7747,2.2581
2722,11.3888,3.4164,1.1388
2723,48.9690,14.6896,4.8964
2724,13.9268,4.1777,1.3925
2725,26.5450,7.9629,2.6542
2726,35.7610,10.7275,3.5757
2727,15.6127,4.6835,1.5611
2728,31.2608,9.3776,3.1257
2729,51.7811,15.5332,5.1776
2730,8.3587,2.5074,0.8358
2731,45.6520,13.6946,4.5647
2732,7.8772,2.3630,0.7876
2733,63.2400,18.9706,6.3233
2734,24.8176,7.4447,2.4815
2735,23.3591,7.0072,2.3357
2736,33.7367,10.1203,3.3733
2737,65.5831,19.6735,6.5576
2738,47.5343,14.2593,4.7529
2739,30.1916,9.0568,3.0188
2740,64.3877,19.3149,6.4381
2741,22.3413,6.7019,2.2339
2742,43.3317,12.9986,4.3327
2743,6.8853,2.0654,0.6885
2744,47.6535,14.2950,4.7648
2745,30.3263,9.0972,3.0323
2746,55.4791,16.6425,5.5473
2747,15.5603,4.6677,1.5559
2748,21.2953,6.3881,2.1293
2749,8.0392,2.4116,0.8038
2750,44.0025,13.1998,4.3998
2751,23.0552,6.9161,2.3053
2752,25.4498,7.6344,2.5447
2753,19.5229,5.8565,1.9521
2754,7.5877,2.2761,0.7587
2755,16.3172,4.8948,1.6315
2756,13.2813,3.9841,1.3280
2757,45.8802,13.7631,4.5875
2758,43.4275,13.0273,4.3423
2759,28.8103,8.6425,2.8807
2760,33.0616,9.9177,3.3058
2761,28.8100,8.6424,2.8807
2762,44.3723,13.3107,4.4368
2763,11.7291,3.5185,1.1728
2764,38.7886,11.6357,3.8784
2765,46.2655,13.8787,4.6261
2766,48.8379,14.6503,4.8833
2767,4.8906,1.4671,0.4890
2768,65.7008,19.7088,6.5694
2769,8.9977,2.6991,0.8997
2770,11.7572,3.5269,1.1756
2771,7.2555,2.1765,0.7255
2772,30.6632,9.1983,3.0660
2773,19.5565,5.8665,1.9554
2774,41.3923,12.4168,4.1388
2775,44.9369,13.4801,4.4932
2776,40.5920,12.1767,4.0588
2777,8.8501,2.6548,0.8849
2778,34.4808,10.3435,3.4477
2779,16.5200,4.9556,1.6518
2780,38.2741,11.4814,3.8270
2781,6.6388,1.9915,0.6638
2782,18.8855,5.6652,1.8883
2783,10.9276,3.2780,1.0926
2784,8.5127,2.5536,0.8512
2785,15.5054,4.6513,1.5504
2786,42.9187,12.8747,4.2914
2787,16.8207,5.0458,1.6819
2788,14.5571,4.3668,1.4555
2789,17.1411,5.1420,1.7139
2790,14.8870,4.4658,1.4885
2791,53.9973,16.1980,5.3992
2792,28.4599,8.5373,2.8457
2793,54.2096,16.2617,5.4204
2794,16.4559,4.9364,1.6454
2795,8.0120,2.4034,0.8011
2796,8.9516,2.6853,0.8951
2797,38.8398,11.6511,3.8836
2798,17.2077,5.1619,1.7206
2799,36.5288,10.9579,3.6525
2800,11.3890,3.4165,1.1388
2801,26.0712,7.8208,2.6068
2802,9.5106,2.8530,0.9510
2803,17.4823,5.2443,1.7480
2804,30.5569,9.1664,3.0554
2805,6.8390,2.0515,0.6838
2806,31.7806,9.5335,3.1777
2807,38.3910,11.5165,3.8387
2808,16.0681,4.8201,1.6066
2809,47.5648,14.2684,4.7560
2810,38.4745,11.5415,3.8470
2811,61.2120,18.3623,6.1205
2812,39.4324,11.8289,3.9428
2813,6.1725,1.8516,0.6172
2814,53.0364,15.9098,5.3031
2815,21.9469,6.5836,2.1945
2816,29.4790,8.8430,2.9476
2817,10.6912,3.2071,1.0690
2818,28.3662,8.5092,2.8363
2819,17.8617,5.3581,1.7860
2820,48.5368,14.5600,4.8532
2821,10.8754,3.2624,1.0874
2822,17.3514,5.2050,1.7350
2823,4.3295,1.2988,0.4329
2824,28.3936,8.5175,2.8391
2825,12.2546,3.6761,1.2253
2826,32.1618,9.6478,3.2158
2827,11.8296,3.5486,1.1828
2828,19.4459,5.8334,1.9444
2829,15.9668,4.7897,1.5965
2830,6.3252,1.8974,0.6325
2831,11.6917,3.5073,1.1690
2832,47.2118,14.1625,4.7207
2833,65.3527,19.6044,6.5346
2834,31.8881,9.5657,3.1885
2835,34.0099,10.2022,3.4006
2836,6.1383,1.8413,0.6138
2837,17.4942,5.2479,1.7492
2838,64.2719,19.2802,6.4265
2839,7.9047,2.3712,0.7904
2840,19.1720,5.7512,1.9170
2841,14.1271,4.2378,1.4126
2842,16.7873,5.0358,1.6786
2843,47.4160,14.2238,4.7411
2844,16.5629,4.9685,1.6561
2845,26.5612,7.9678,2.6558
2846,19.4432,5.8325,1.9441
2847,36.1908,10.8565,3.6187
2848,49.2252,14.7665,4.9220
2849,42.9163,12.8740,4.2912
2850,32.3856,9.7150,3.2382
2851,35.4581,10.6367,3.5454
2852,16.9239,5.0768,1.6922
2853,13.2670,3.9798,1.3266
2854,15.8638,4.7588,1.5862
2855,27.0270,8.1075,2.7024
2856,31.5192,9.4551,3.1516
2857,20.2966,6.0885,2.0294
2858,18.3847,5.5150,1.8383
2859,27.9533,8.3854,2.7950
2860,53.6575,16.0961,5.3652
2861,7.4323,2.2295,0.7432
2862,15.5236,4.6567,1.5522
2863,20.0799,6.0235,2.0078
2864,19.5385,5.8611,1.9536
2865,8.8680,2.6602,0.8867
2866,34.8958,10.4680,3.4892
2867,66.3612,19.9069,6.6354
2868,15.1228,4.5365,1.5121
2869,38.8583,11.6566,3.8854
2870,23.1036,6.9306,2.3101
2871,6.9447,2.0833,0.6944
2872,14.2666,4.2797,1.4265
2873,27.9508,8.3846,2.7948
2874,41.2803,12.3832,4.1276
2875,52.4382,15.7303,5.2433
2876,20.9605,6.2877,2.0958
2877,9.4958,2.8485,0.9495
2878,13.3579,4.0071,1.3356
2879,7.4213,2.2262,0.7420
2880,9.6794,2.9036,0.9678
2881,51.4700,15.4399,5.1465
2882,35.0535,10.5153,3.5050
2883,14.9432,4.4826,1.4942
2884,39.2192,11.7649,3.9215
2885,71.6165,21.4834,7.1609
2886,8.2119,2.4634,0.8211
2887,21.1115,6.3330,2.1109
2888,34.4865,10.3452,3.4483
2889,46.4446,13.9324,4.6440
2890,50.1220,15.0355,5.0117
2891,54.5289,16.3575,5.4523
2892,30.8098,9.2423,3.0807
2893,9.4550,2.8363,0.9454
2894,53.7785,16.1324,5.3773
2895,40.9698,12.2901,4.0965
2896,15.6093,4.6825,1.5608
2897,55.2335,16.5689,5.5228
2898,10.3825,3.1145,1.0381
2899,42.1255,12.6367,4.2121
2900,42.8627,12.8579,4.2858
2901,15.0624,4.5184,1.5061
2902,11.9244,3.5771,1.1923
2903,28.8431,8.6523,2.8840
2904,20.2592,6.0773,2.0257
2905,9.2244,2.7671,0.9223
2906,49.7915,14.9364,4.9786
2907,6.9402,2.0819,0.6939
2908,23.9745,7.1918,2.3972
2909,28.2918,8.4869,2.8289
2910,15.2755,4.5823,1.5274
2911,15.8622,4.7583,1.5860
2912,25.3862,7.6153,2.5383
2913,54.3441,16.3020,5.4338
2914,31.3014,9.3897,3.1298
2915,38.9294,11.6780,3.8925
2916,22.5013,6.7499,2.2499
2917,6.3356,1.9005,0.6335
2918,9.8310,2.9491,0.9830
2919,58.5080,17.5511,5.8502
2920,26.3352,7.9000,2.6332
2921,17.1603,5.1477,1.7158
2922,21.3267,6.3975,2.1324
2923,39.2392,11.7709,3.9235
2924,24.8624,7.4582,2.4860
2925,36.9060,11.0710,3.6902
2926,38.5730,11.5711,3.8569
2927,25.3825,7.6142,2.5380
2928,49.1931,14.7569,4.9188
2929,21.9699,6.5905,2.1968
2930,60.7964,18.2376,6.0790
2931,26.2062,7.8613,2.6203
2932,47.4265,14.2269,4.7421
2933,23.5062,7.0513,2.3504
2934,17.5753,5.2722,1.7573
2935,41.6788,12.5027,4.1674
2936,7.0516,2.1153,0.7051
2937,25.5964,7.6784,2.5594
2938,9.1397,2.7417,0.9139
2939,69.5173,20.8537,6.9510
2940,30.1692,9.0501,3.0166
2941,8.3465,2.5038,0.8346
2942,20.9474,6.2838,2.0945
2943,47.6728,14.3008,4.7668
2944,18.6800,5.6036,1.8678
2945,13.2684,3.9802,1.3267
2946,41.5164,12.4540,4.1512
2947,45.9469,13.7831,4.5942
2948,41.3398,12.4010,4.1335
2949,61.3192,18.3944,6.1313
2950,15.6652,4.6992,1.5663
2951,68.9198,20.6744,6.8912
2952,14.6730,4.4016,1.4671
2953,31.1266,9.3373,3.1123
2954,39.6139,11.8833,3.9610
2955,13.1743,3.9520,1.3173
2956,12.6002,3.7798,1.2599
2957,29.0743,8.7217,2.9071
2958,67.3159,20.1933,6.7309
2959,47.2795,14.1828,4.7274
2960,7.8087,2.3424,0.7808
2961,35.7951,10.7377,3.5791
2962,4.4197,1.3258,0.4419
2963,17.4174,5.2248,1.7416
2964,15.4939,4.6478,1.5492
2965,45.1078,13.5313,4.5103
2966,61.2115,18.3621,6.1205
2967,58.4530,17.5346,5.8447
2968,24.5090,7.3522,2.4506
2969,16.7793,5.0334,1.6778
2970,40.6857,12.2048,4.0681
2971,21.3932,6.4175,2.1391
2972,45.7740,13.7312,4.5769
2973,15.0556,4.5164,1.5054
2974,10.6847,3.2052,1.0684
2975,33.5100,10.0523,3.3506
2976,29.4643,8.8387,2.9461
2977,12.8441,3.8529,1.2843
2978,32.0594,9.6171,3.2056
2979,39.8886,11.9657,3.9884
2980,27.3859,8.2152,2.7383
2981,13.2667,3.9797,1.3265
2982,10.6230,3.1867,1.0622
2983,9.2064,2.7617,0.9205
2984,19.6217,5.8861,1.9620
2985,14.6157,4.3844,1.4614
2986,15.5416,4.6621,1.5540
2987,14.3120,4.2933,1.4310
2988,9.6925,2.9076,0.9692
2989,40.3691,12.1099,4.0365
2990,28.6016,8.5799,2.8599
2991,33.9229,10.1761,3.3919
2992,44.8681,13.4594,4.4863
2993,12.7177,3.8150,1.2716
2994,12.5955,3.7784,1.2594
2995,29.0939,8.7275,2.9091
2996,45.0225,13.5058,4.5018
2997,27.9621,8.3880,2.7959
2998,35.2302,10.5683,3.5226
2999,17.5641,5.2688,1.7562
3000,17.3040,5.1908,1.7302
3001,20.3975,6.1188,2.0395
3002,11.4981,3.4492,1.1497
3003,8.5230,2.5567,0.8522
3004,30.2500,9.0743,3.0247
3005,25.8470,7.7535,2.5844
3006,20.9554,6.2862,2.0953
3007,28.5363,8.5603,2.8533
3008,19.7084,5.9121,1.9706
3009,10.0539,3.0160,1.0053
3010,42.3401,12.7011,4.2336
3011,40.4297,12.1280,4.0425
3012,15.0307,4.5089,1.5029
3013,16.2380,4.8710,1.6236
3014,33.8086,10.1418,3.3805
3015,45.8368,13.7500,4.5832
3016,34.1388,10.2409,3.4135
3017,33.0759,9.9220,3.3072
3018,40.5981,12.1785,4.0594
3019,14.2732,4.2816,1.4272
3020,54.9077,16.4711,5.4902
3021,21.7556,6.5262,2.1753
3022,48.5756,14.5716,4.8570
3023,60.0133,18.0027,6.0007
3024,29.1016,8.7298,2.9098
3025,21.9845,6.5949,2.1982
3026,21.1006,6.3297,2.1098
3027,18.2603,5.4777,1.8258
3028,37.4154,11.2238,3.7411
3029,9.3325,2.7995,0.9331
3030,9.5233,2.8568,0.9522
3031,47.9795,14.3928,4.7974
3032,41.4275,12.4273,4.1423
3033,15.7801,4.7337,1.5778
3034,11.0177,3.3051,1.1017
3035,7.2282,2.1683,0.7227
3036,12.8649,3.8592,1.2864
3037,40.5087,12.1517,4.0504
3038,32.9484,9.8838,3.2945
3039,52.5959,15.7776,5.2590
3040,72.7844,21.8337,7.2777
3041,45.5687,13.6696,4.5564
3042,43.6923,13.1067,4.3688
3043,34.2470,10.2733,3.4243
3044,28.3743,8.5117,2.8371
3045,12.4359,3.7305,1.2435
3046,12.4138,3.7239,1.2412
3047,14.4262,4.3275,1.4425
3048,49.9496,14.9838,4.9944
3049,12.0471,3.6139,1.2046
3050,20.4126,6.1233,2.0410
3051,47.3696,14.2098,4.7365
3052,8.2004,2.4599,0.8200
3053,46.6346,13.9894,4.6630
3054,11.6873,3.5059,1.1686
3055,60.2143,18.0630,6.0208
3056,11.9687,3.5903,1.1967
3057,35.7216,10.7157,3.5718
3058,41.1350,12.3396,4.1131
3059,44.9913,13.4964,4.4986
3060,50.8522,15.2546,5.0847
3061,36.8841,11.0644,3.6880
3062,48.4007,14.5192,4.8395
3063,22.5239,6.7567,2.2521
3064,21.4485,6.4341,2.1446
3065,43.5230,13.0560,4.3518
3066,8.4370,2.5309,0.8436
3067,23.6323,7.0892,2.3630
3068,52.2971,15.6880,5.2292
3069,18.0958,5.4284,1.8094
3070,51.5482,15.4633,5.1543
3071,27.9728,8.3912,2.7970
3072,71.9063,21.5703,7.1899
3073,14.8508,4.4549,1.4849
3074,46.6451,13.9925,4.6640
3075,13.8243,4.1470,1.3823
3076,11.1391,3.3415,1.1138
3077,13.7560,4.1265,1.3755
3078,59.9915,17.9961,5.9985
3079,35.3177,10.5945,3.5314
3080,25.8971,7.7686,2.5894
3081,6.8192,2.0456,0.6818
3082,22.6964,6.8084,2.2694
3083,80.7695,24.2291,8.0761
3084,22.8333,6.8495,2.2831
3085,52.9511,15.8842,5.2945
3086,42.1309,12.6383,4.2126
3087,53.8812,16.1632,5.3875
3088,60.3614,18.1071,6.0355
3089,30.0016,8.9998,2.9998
3090,50.0147,15.0033,5.0009
3091,38.2430,11.4721,3.8239
3092,22.9946,6.8979,2.2992
3093,42.9513,12.8845,4.2947
3094,14.0995,4.2296,1.4098
3095,19.6302,5.8886,1.9628
3096,53.5081,16.0513,5.3502
3097,57.3635,17.2078,5.7357
3098,45.5436,13.6621,4.5539
3099,47.3461,14.2028,4.7341
3100,40.0228,12.0060,4.0018
3101,18.5798,5.5735,1.8578
3102,17.7749,5.3321,1.7773
3103,27.6005,8.2795,2.7597
3104,14.0809,4.2240,1.4079
3105,41.6767,12.5021,4.1672
3106,13.3355,4.0004,1.3334
3107,34.6650,10.3987,3.4661
3108,12.0065,3.6017,1.2005
3109,48.0203,14.4051,4.8015
3110,38.3619,11.5077,3.8358
3111,16.7025,5.0104,1.6701
3112,14.7667,4.4297,1.4765
3113,18.6634,5.5986,1.8661
3114,24.0534,7.2155,2.4051
3115,32.6955,9.8079,3.2692
3116,25.4118,7.6230,2.5409
3117,41.7985,12.5386,4.1794
3118,13.7864,4.1356,1.3785
3119,14.0164,4.2046,1.4015
3120,28.2735,8.4814,2.8271
3121,10.5990,3.1795,1.0598
3122,54.3143,16.2931,5.4308
3123,47.0900,14.1260,4.7085
3124,26.1325,7.8392,2.6130
3125,13.4846,4.0451,1.3483
3126,7.7726,2.3316,0.7772
3127,12.2683,3.6802,1.2267
3128,32.6857,9.8050,3.2682
3129,13.3291,3.9984,1.3328
3130,23.2012,6.9598,2.3199
3131,33.1216,9.9358,3.3118
3132,8.7048,2.6112,0.8704
3133,18.4691,5.5403,1.8467
3134,15.1439,4.5428,1.5142
3135,13.4782,4.0432,1.3477
3136,60.4155,18.1233,6.0409
3137,51.2552,15.3755,5.1250
3138,50.9404,15.2810,5.0935
3139,55.8476,16.7531,5.5842
3140,30.3239,9.0965,3.0321
3141,53.2462,15.9727,5.3240
3142,18.3993,5.5194,1.8397
3143,50.4334,15.1289,5.0428
3144,13.9486,4.1843,1.3947
3145,36.6343,10.9895,3.6630
3146,28.5169,8.5544,2.8514
3147,16.3727,4.9114,1.6371
3148,10.6019,3.1803,1.0601
3149,18.5983,5.5791,1.8596
3150,20.7983,6.2390,2.0796
3151,65.9445,19.7819,6.5937
3152,48.1917,14.4564,4.8186
3153,16.1878,4.8560,1.6186
3154,20.3230,6.0964,2.0321
3155,16.4488,4.9343,1.6447
3156,9.5841,2.8750,0.9583
3157,9.2318,2.7693,0.9231
3158,14.2697,4.2806,1.4268
3159,14.2498,4.2746,1.4248
3160,26.9700,8.0904,2.6967
3161,11.2433,3.3727,1.1242
3162,60.4358,18.1294,6.0429
3163,44.3390,13.3007,4.4334
3164,11.6559,3.4965,1.1655
3165,33.3671,10.0094,3.3364
3166,16.9931,5.0976,1.6991
3167,18.5519,5.5652,1.8550
3168,9.2687,2.7804,0.9268
3169,42.2778,12.6824,4.2273
3170,37.9640,11.3884,3.7960
3171,8.9010,2.6701,0.8900
3172,39.4304,11.8283,3.9426
3173,34.0706,10.2204,3.4067
3174,11.1850,3.3553,1.1184
3175,40.5260,12.1569,4.0522
3176,33.8843,10.1646,3.3881
3177,28.6802,8.6034,2.8677
3178,66.6225,19.9853,6.6615
3179,93.1247,27.9354,9.3115
3180,79.7989,23.9379,7.9790
3181,38.6587,11.5968,3.8655
3182,12.0941,3.6280,1.2093
3183,23.9767,7.1925,2.3974
3184,33.4439,10.0325,3.3440
3185,7.9982,2.3993,0.7997
3186,12.3865,3.7157,1.2385
3187,42.9041,12.8703,4.2899
3188,12.9654,3.8893,1.2964
3189,14.6670,4.3998,1.4665
3190,25.6830,7.7043,2.5680
3191,30.2605,9.0775,3.0257
3192,26.5217,7.9559,2.6519
3193,32.3170,9.6944,3.2313
3194,19.8011,5.9399,1.9799
3195,102.3004,30.6879,10.2289
3196,45.0424,13.5117,4.5038
3197,14.3355,4.3003,1.4334
3198,12.9614,3.8881,1.2960
3199,46.6538,13.9951,4.6649
3200,16.3502,4.9047,1.6348
3201,8.3520,2.5054,0.8351
3202,11.1388,3.3414,1.1138
3203,52.5124,15.7526,5.2507
3204,26.9288,8.0780,2.6926
3205,19.6733,5.9016,1.9671
3206,9.5240,2.8570,0.9523
3207,18.5857,5.5753,1.8584
3208,40.2560,12.0759,4.0252
3209,55.5073,16.6510,5.5501
3210,7.5745,2.2722,0.7574
3211,54.2078,16.2611,5.4202
3212,99.9157,29.9725,9.9905
3213,10.0603,3.0179,1.0059
3214,46.7204,14.0151,4.6715
3215,27.8555,8.3560,2.7853
3216,14.7277,4.4180,1.4726
3217,30.4444,9.1327,3.0441
3218,7.3348,2.2003,0.7334
3219,30.8990,9.2690,3.0896
3220,29.1548,8.7458,2.9152
3221,50.0605,15.0171,5.0055
3222,13.4188,4.0253,1.3417
3223,10.0819,3.0244,1.0081
3224,47.8320,14.3485,4.7827
3225,15.0416,4.5122,1.5040
3226,27.4320,8.2290,2.7429
3227,47.7368,14.3200,4.7732
3228,24.4525,7.3352,2.4450
3229,6.8575,2.0571,0.6857
3230,10.0723,3.0215,1.0071
3231,46.8808,14.0632,4.6876
3232,25.1378,7.5408,2.5135
3233,15.3949,4.6181,1.5393
3234,31.4636,9.4384,3.1460
3235,48.9169,14.6740,4.8912
3236,31.6040,9.4805,3.1601
3237,10.2529,3.0756,1.0252
3238,10.1852,3.0553,1.0184
3239,11.0963,3.3287,1.1095
3240,68.2719,20.4801,6.8265
3241,57.7637,17.3278,5.7757
3242,16.0062,4.8015,1.6004
3243,37.0851,11.1247,3.7081
3244,14.9054,4.4713,1.4904
3245,19.5300,5.8586,1.9528
3246,9.8904,2.9669,0.9889
3247,23.9551,7.1860,2.3952
3248,53.8374,16.1500,5.3832
3249,49.3500,14.8039,4.9345
3250,25.6960,7.7082,2.5693
3251,12.5986,3.7793,1.2597
3252,48.9546,14.6853,4.8949
3253,24.2037,7.2606,2.4201
3254,37.9810,11.3935,3.7977
3255,54.6424,16.3915,5.4637
3256,61.4120,18.4223,6.1405
3257,32.9928,9.8971,3.2989
3258,53.5483,16.0633,5.3543
3259,39.1717,11.7507,3.9167
3260,45.9580,13.7864,4.5953
3261,52.2793,15.6827,5.2274
3262,25.0791,7.5232,2.5076
3263,14.4200,4.3257,1.4418
3264,55.1613,16.5472,5.5155
3265,16.6387,4.9913,1.6637
3266,18.1997,5.4595,1.8198
3267,18.5483,5.5641,1.8546
3268,27.0875,8.1256,2.7085
3269,9.3155,2.7944,0.9314
3270,71.5992,21.4782,7.1592
3271,38.7860,11.6350,3.8782
3272,20.3136,6.0937,2.0311
3273,31.3496,9.4042,3.1346
3274,64.8280,19.4470,6.4821
3275,9.4243,2.8271,0.9423
3276,15.5099,4.6526,1.5508
3277,42.5893,12.7759,4.2585
3278,5.2851,1.5854,0.5285
3279,18.5976,5.5789,1.8596
3280,16.6644,4.9990,1.6663
3281,12.1554,3.6464,1.2154
3282,12.8370,3.8508,1.2836
3283,13.1066,3.9317,1.3105
3284,40.6891,12.2058,4.0685
3285,67.9309,20.3778,6.7924
3286,33.1405,9.9414,3.3137
3287,43.3775,13.0123,4.3373
3288,37.8665,11.3591,3.7862
3289,30.5987,9.1789,3.0595
3290,34.2624,10.2780,3.4259
3291,28.4860,8.5452,2.8483
3292,39.5728,11.8710,3.9569
3293,45.2710,13.5803,4.5266
3294,45.8964,13.7679,4.5891
3295,16.0012,4.8000,1.6000
3296,35.8573,10.7564,3.5853
3297,9.9103,2.9729,0.9909
3298,40.4582,12.1366,4.0454
3299,13.8947,4.1681,1.3893
3300,44.2813,13.2834,4.4277
3301,42.0317,12.6086,4.2027
3302,20.8040,6.2408,2.0802
3303,44.0880,13.2254,4.4083
3304,20.3445,6.1029,2.0342
3305,34.6460,10.3930,3.4642
3306,28.1014,8.4298,2.8098
3307,46.9142,14.0732,4.6909
3308,14.7412,4.4221,1.4740
3309,8.6801,2.6038,0.8679
3310,50.3402,15.1010,5.0335
3311,45.3405,13.6012,4.5336
3312,14.3481,4.3041,1.4347
3313,66.9287,20.0772,6.6922
3314,33.1385,9.9408,3.3135
3315,17.8175,5.3449,1.7816
3316,25.2282,7.5679,2.5226
3317,39.3384,11.8006,3.9334
3318,25.1159,7.5342,2.5113
3319,13.2352,3.9703,1.3234
3320,17.8508,5.3548,1.7849
3321,67.0366,20.1095,6.7029
3322,9.0001,2.6998,0.8999
3323,29.2762,8.7822,2.9273
3324,24.5507,7.3647,2.4548
3325,21.0997,6.3295,2.1097
3326,53.0575,15.9161,5.3052
3327,40.8328,12.2489,4.0828
3328,38.2438,11.4723,3.8240
3329,6.1926,1.8577,0.6192
3330,46.1519,13.8446,4.6147
3331,12.2849,3.6852,1.2284
3332,38.9908,11.6964,3.8987
3333,15.3545,4.6060,1.5353
3334,15.4965,4.6486,1.5495
3335,35.2799,10.5832,3.5276
3336,52.4439,15.7320,5.2438
3337,13.2934,3.9877,1.3292
3338,9.3476,2.8041,0.9347
3339,15.6394,4.6915,1.5638
3340,48.3747,14.5113,4.8369
3341,25.9249,7.7769,2.5922
3342,14.7892,4.4364,1.4788
3343,24.2027,7.2603,2.4200
3344,67.9785,20.3921,6.7971
3345,17.6277,5.2879,1.7626
3346,29.5014,8.8498,2.9498
3347,24.0050,7.2010,2.4002
3348,12.2061,3.6616,1.2205
3349,12.3120,3.6933,1.2311
3350,56.1557,16.8455,5.6150
3351,9.0799,2.7238,0.9079
3352,18.0260,5.4074,1.8024
3353,20.3619,6.1081,2.0360
3354,8.5995,2.5797,0.8599
3355,28.0383,8.4109,2.8035
3356,15.3641,4.6089,1.5362
3357,11.8131,3.5437,1.1812
3358,50.9867,15.2949,5.0981
3359,49.0872,14.7251,4.9082
3360,8.7973,2.6390,0.8796
3361,10.9735,3.2918,1.0972
3362,13.0963,3.9286,1.3095
3363,13.8328,4.1495,1.3831
3364,87.0391,26.1098,8.7030
3365,15.7096,4.7125,1.5708
3366,27.6326,8.2892,2.7630
3367,50.5253,15.1565,5.0520
3368,25.9768,7.7925,2.5974
3369,24.6622,7.3981,2.4660
3370,8.2813,2.4842,0.8280
3371,39.8997,11.9690,3.9895
3372,35.8162,10.7441,3.5812
3373,34.6295,10.3881,3.4626
3374,33.9808,10.1935,3.3977
3375,38.4066,11.5211,3.8402
3376,42.5964,12.7780,4.2592
3377,49.4355,14.8296,4.9430
3378,10.3113,3.0932,1.0310
3379,41.0825,12.3239,4.1078
3380,13.9145,4.1741,1.3913
3381,9.3774,2.8130,0.9376
3382,9.1356,2.7405,0.9135
3383,9.9718,2.9913,0.9971
3384,13.7739,4.1319,1.3772
3385,40.9492,12.2839,4.0945
3386,15.3667,4.6097,1.5365
3387,25.8558,7.7562,2.5853
3388,35.5206,10.6554,3.5517
3389,18.8920,5.6672,1.8890
3390,42.5047,12.7505,4.2500
3391,53.0785,15.9224,5.3073
3392,15.7763,4.7326,1.5775
3393,96.2446,28.8713,9.6234
3394,33.4612,10.0376,3.3458
3395,18.4962,5.5484,1.8494
3396,27.7965,8.3384,2.7794
3397,6.4419,1.9324,0.6441
3398,15.0745,4.5220,1.5073
3399,25.7892,7.7362,2.5786
3400,15.6693,4.7004,1.5668
3401,9.3610,2.8081,0.9360
3402,49.0735,14.7210,4.9068
3403,7.5749,2.2723,0.7574
3404,35.5222,10.6559,3.5518
3405,38.4501,11.5342,3.8446
3406,43.4336,13.0291,4.3429
3407,19.3408,5.8018,1.9339
3408,25.8869,7.7655,2.5884
3409,34.9704,10.4904,3.4967
3410,22.8404,6.8516,2.2838
3411,7.4051,2.2214,0.7404
3412,83.8443,25.1515,8.3835
3413,15.6981,4.7091,1.5696
3414,34.0658,10.2190,3.4062
3415,40.8616,12.2576,4.0857
3416,25.5520,7.6650,2.5549
3417,13.1001,3.9298,1.3099
3418,16.5886,4.9762,1.6587
3419,29.1555,8.7460,2.9152
3420,41.4372,12.4303,4.1433
3421,19.8654,5.9592,1.9863
3422,27.4317,8.2289,2.7429
3423,48.0504,14.4141,4.8045
3424,36.5789,10.9729,3.6575
3425,6.0488,1.8145,0.6048
3426,52.6520,15.7944,5.2646
3427,9.3637,2.8089,0.9363
3428,18.1193,5.4354,1.8117
3429,31.0495,9.3142,3.1046
3430,37.4792,11.2429,3.7475
3431,10.4255,3.1274,1.0424
3432,55.9140,16.7730,5.5908
3433,36.3461,10.9030,3.6342
3434,39.2217,11.7656,3.9217
3435,26.8126,8.0432,2.6810
3436,45.9070,13.7711,4.5902
3437,23.9543,7.1858,2.3952
3438,4.2251,1.2674,0.4225
3439,21.7864,6.5354,2.1784
3440,8.5901,2.5768,0.8589
3441,23.9524,7.1852,2.3950
3442,27.8778,8.3627,2.7875
3443,28.8137,8.6435,2.8811
3444,10.0929,3.0277,1.0092
3445,17.4218,5.2262,1.7420
3446,43.1942,12.9573,4.3190
3447,42.3880,12.7155,4.2383
3448,34.5980,10.3786,3.4594
3449,28.6046,8.5807,2.8602
3450,51.8155,15.5435,5.1810
3451,12.4513,3.7351,1.2450
3452,54.9932,16.4968,5.4987
3453,57.5246,17.2561,5.7518
3454,21.4116,6.4230,2.1409
3455,17.4309,5.2289,1.7429
3456,14.8435,4.4527,1.4842
3457,24.2172,7.2646,2.4215
3458,11.6407,3.4920,1.1639
3459,26.9130,8.0733,2.6910
3460,47.8100,14.3420,4.7805
3461,10.1193,3.0356,1.0118
3462,12.3724,3.7115,1.2371
3463,12.8394,3.8516,1.2838
3464,30.8880,9.2657,3.0885
3465,9.3474,2.8040,0.9346
3466,55.1245,16.5362,5.5119
3467,23.0511,6.9148,2.3049
3468,50.0930,15.0268,5.0088
3469,9.9530,2.9857,0.9952
3470,37.1186,11.1348,3.7115
3471,15.9677,4.7900,1.5966
3472,18.2212,5.4660,1.8219
3473,17.2206,5.1658,1.7219
3474,25.8207,7.7456,2.5818
3475,38.4740,11.5414,3.8470
3476,22.6205,6.7856,2.2618
3477,23.9322,7.1791,2.3930
3478,56.9239,17.0759,5.6918
3479,27.5795,8.2732,2.7576
3480,14.7441,4.4229,1.4742
3481,36.4428,10.9320,3.6439
3482,12.5657,3.7694,1.2564
3483,64.9538,19.4847,6.4947
3484,30.4787,9.1430,3.0475
3485,20.8824,6.2643,2.0880
3486,31.5748,9.4717,3.1571
3487,7.9881,2.3963,0.7987
3488,24.8954,7.4681,2.4893
3489,22.9214,6.8759,2.2919
3490,13.4789,4.0434,1.3477
3491,31.0076,9.3016,3.1004
3492,30.0806,9.0235,3.0077
3493,15.8495,4.7545,1.5848
3494,13.5769,4.0728,1.3575
3495,39.9505,11.9843,3.9946
3496,23.8525,7.1552,2.3850
3497,25.9642,7.7887,2.5961
3498,14.8536,4.4557,1.4852
3499,29.2547,8.7758,2.9252
3500,29.9100,8.9723,2.9907
3501,14.4864,4.3456,1.4485
3502,35.4606,10.6374,3.5457
3503,63.0426,18.9114,6.3036
3504,13.6761,4.1025,1.3675
3505,12.2833,3.6847,1.2282
3506,14.0680,4.2201,1.4066
3507,15.3676,4.6100,1.5366
3508,25.9272,7.7776,2.5924
3509,35.6799,10.7032,3.5676
3510,11.6967,3.5088,1.1695
3511,39.6735,11.9012,3.9669
3512,16.7169,5.0147,1.6715
3513,35.4055,10.6209,3.5402
3514,29.6208,8.8856,2.9618
3515,9.2589,2.7775,0.9258
3516,55.4751,16.6413,5.5469
3517,9.9842,2.9950,0.9983
3518,23.8075,7.1417,2.3805
3519,6.1472,1.8440,0.6147
3520,15.0591,4.5174,1.5057
3521,29.1123,8.7331,2.9109
3522,16.6128,4.9835,1.6611
3523,54.8082,16.4413,5.4802
3524,54.1772,16.2520,5.4171
3525,53.0103,15.9019,5.3005
3526,38.1199,11.4351,3.8116
3527,17.5671,5.2697,1.7565
3528,30.3874,9.1156,3.0384
3529,23.7512,7.1248,2.3749
3530,41.8459,12.5529,4.1841
3531,25.2015,7.5599,2.5199
3532,21.5644,6.4688,2.1562
3533,6.6535,1.9959,0.6653
3534,13.4269,4.0278,1.3426
3535,23.8679,7.1598,2.3865
3536,16.3890,4.9163,1.6387
3537,38.3919,11.5167,3.8388
3538,41.9769,12.5922,4.1972
3539,16.5595,4.9675,1.6558
3540,22.2806,6.6837,2.2278
3541,47.5211,14.2553,4.7516
3542,16.0209,4.8059,1.6019
3543,15.2904,4.5868,1.5289
3544,23.4839,7.0447,2.3481
3545,28.7455,8.6230,2.8742
3546,40.4470,12.1332,4.0443
3547,14.4244,4.3270,1.4423
3548,36.5510,10.9645,3.6547
3549,40.8089,12.2418,4.0804
3550,40.7465,12.2231,4.0742
3551,47.7273,14.3171,4.7722
3552,8.5378,2.5612,0.8537
3553,16.4131,4.9236,1.6411
3554,32.3122,9.6930,3.2309
3555,31.0920,9.3269,3.1089
3556,25.2195,7.5653,2.5217
3557,37.8346,11.3496,3.7831
3558,46.2398,13.8709,4.6235
3559,48.4422,14.5316,4.8437
3560,19.2058,5.7613,1.9204
3561,47.0439,14.1122,4.7039
3562,50.9830,15.2938,5.0978
3563,20.7872,6.2357,2.0785
3564,16.0661,4.8195,1.6064
3565,49.4879,14.8453,4.9483
3566,44.8400,13.4510,4.4835
3567,70.6543,21.1948,7.0647
3568,18.3532,5.5056,1.8351
3569,31.7802,9.5334,3.1777
3570,24.9740,7.4917,2.4971
3571,16.0431,4.8126,1.6041
3572,16.3555,4.9063,1.6354
3573,25.2514,7.5749,2.5249
3574,9.3332,2.7998,0.9332
3575,17.4898,5.2466,1.7488
3576,23.9782,7.1929,2.3976
3577,15.4933,4.6476,1.5492
3578,12.1841,3.6550,1.2183
3579,13.0581,3.9171,1.3057
3580,15.7859,4.7354,1.5784
3581,12.9276,3.8780,1.2926
3582,57.3890,17.2154,5.7383
3583,24.6172,7.3846,2.4615
3584,13.4059,4.0215,1.3404
3585,61.8503,18.5537,6.1844
3586,34.6986,10.4088,3.4695
3587,14.9780,4.4931,1.4976
3588,14.9937,4.4978,1.4992
3589,11.6990,3.5094,1.1698
3590,19.6362,5.8904,1.9634
3591,40.9923,12.2968,4.0988
3592,7.3231,2.1968,0.7322
3593,42.3371,12.7002,4.2333
3594,61.5857,18.4744,6.1579
3595,52.8091,15.8416,5.2803
3596,19.7192,5.9153,1.9717
3597,47.3602,14.2070,4.7355
3598,57.5283,17.2572,5.7522
3599,21.9314,6.5789,2.1929
3600,28.6459,8.5932,2.8643
3601,31.5156,9.4540,3.1512
3602,52.0193,15.6046,5.2014
3603,28.0238,8.4065,2.8021
3604,11.7038,3.5109,1.1703
3605,29.7906,8.9365,2.9787
3606,45.4812,13.6434,4.5476
3607,16.9467,5.0836,1.6945
3608,27.7591,8.3271,2.7756
3609,17.9410,5.3819,1.7939
3610,28.6829,8.6043,2.8680
3611,19.9196,5.9755,1.9918
3612,57.8624,17.3574,5.7856
3613,22.7220,6.8161,2.2720
3614,15.3458,4.6034,1.5344
3615,25.7008,7.7097,2.5698
3616,16.9800,5.0936,1.6978
3617,45.2066,13.5610,4.5202
3618,52.6821,15.8035,5.2676
3619,26.0833,7.8244,2.6080
3620,12.2131,3.6636,1.2212
3621,55.1056,16.5305,5.5100
3622,35.2169,10.5643,3.5213
3623,24.1745,7.2518,2.4172
3624,8.7004,2.6099,0.8699
3625,12.4073,3.7219,1.2406
3626,14.9145,4.4740,1.4913
3627,44.3453,13.3026,4.4341
3628,8.4194,2.5256,0.8419
3629,12.3909,3.7170,1.2390
3630,31.5586,9.4669,3.1555
3631,32.1530,9.6452,3.2150
3632,15.3266,4.5976,1.5325
3633,13.1253,3.9373,1.3124
3634,7.1390,2.1415,0.7138
3635,49.4363,14.8298,4.9431
3636,24.3892,7.3162,2.4387
3637,21.5332,6.4595,2.1531
3638,17.7861,5.3354,1.7784
3639,31.6313,9.4887,3.1628
3640,23.5871,7.0756,2.3585
3641,8.0620,2.4184,0.8061
3642,7.0355,2.1105,0.7035
3643,37.2493,11.1740,3.7245
3644,7.8257,2.3475,0.7825
3645,66.3514,19.9040,6.6344
3646,21.7298,6.5185,2.1727
3647,32.4927,9.7471,3.2489
3648,19.0830,5.7245,1.9081
3649,17.5023,5.2503,1.7500
3650,21.1688,6.3502,2.1167
3651,24.2954,7.2881,2.4293
3652,42.4937,12.7472,4.2489
3653,52.9199,15.8748,5.2914
3654,22.3198,6.6955,2.2317
3655,42.3916,12.7166,4.2387
3656,39.7990,11.9388,3.9795
3657,9.2214,2.7662,0.9220
3658,51.1755,15.3515,5.1170
3659,50.2944,15.0872,5.0289
3660,48.4003,14.5190,4.8395
3661,47.1737,14.1511,4.7169
3662,6.2751,1.8824,0.6274
3663,7.8613,2.3582,0.7860
3664,61.7919,18.5362,6.1785
3665,43.0168,12.9041,4.3012
3666,33.4732,10.0412,3.3470
3667,47.6289,14.2876,4.7624
3668,60.1588,18.0463,6.0152
3669,51.7786,15.5324,5.1773
3670,61.6925,18.5064,6.1686
3671,19.5253,5.8572,1.9523
3672,45.5254,13.6566,4.5521
3673,15.2558,4.5764,1.5254
3674,28.0751,8.4219,2.8072
3675,45.0970,13.5281,4.5092
3676,25.9106,7.7726,2.5908
3677,13.3089,3.9924,1.3307
3678,54.1092,16.2316,5.4103
3679,18.3588,5.5072,1.8357
3680,18.6119,5.5832,1.8610
3681,23.8379,7.1509,2.3835
3682,63.6256,19.0863,6.3619
3683,35.3583,10.6067,3.5355
3684,8.8529,2.6557,0.8852
3685,35.0799,10.5232,3.5076
3686,14.3611,4.3080,1.4360
3687,7.9359,2.3806,0.7935
3688,8.3783,2.5133,0.8377
3689,48.2592,14.4767,4.8254
3690,31.7195,9.5152,3.1716
3691,20.1319,6.0391,2.0130
3692,48.7636,14.6280,4.8758
3693,19.9463,5.9835,1.9944
3694,29.8441,8.9526,2.9841
3695,14.1456,4.2434,1.4144
3696,39.6153,11.8837,3.9611
3697,21.3796,6.4134,2.1377
3698,49.4777,14.8422,4.9472
3699,21.4056,6.4212,2.1403
3700,75.2853,22.5840,7.5277
3701,31.0141,9.3035,3.1011
3702,40.7400,12.2211,4.0736
3703,8.9683,2.6903,0.8967
3704,5.4386,1.6315,0.5438
3705,36.3099,10.8922,3.6306
3706,72.8280,21.8468,7.2820
3707,17.7329,5.3195,1.7731
3708,30.8109,9.2426,3.0808
3709,15.2572,4.5768,1.5256
3710,19.6882,5.9060,1.9686
3711,7.9097,2.3727,0.7909
3712,11.6083,3.4822,1.1607
3713,56.3302,16.8978,5.6324
3714,18.9265,5.6775,1.8925
3715,41.5607,12.4673,4.1556
3716,30.4003,9.1194,3.0397
3717,38.0191,11.4049,3.8015
3718,21.5400,6.4615,2.1538
3719,42.7929,12.8369,4.2788
3720,23.5843,7.0748,2.3582
3721,47.4076,14.2212,4.7402
3722,16.1679,4.8500,1.6166
3723,7.6158,2.2846,0.7615
3724,16.8561,5.0565,1.6854
3725,11.3138,3.3939,1.1313
3726,13.0015,3.9002,1.3000
3727,69.4054,20.8201,6.9398
3728,21.9701,6.5905,2.1968
3729,23.2202,6.9656,2.3218
3730,16.3964,4.9186,1.6395
3731,23.0435,6.9125,2.3041
3732,33.9646,10.1886,3.3961
3733,7.2085,2.1624,0.7208
3734,30.8139,9.2435,3.0811
3735,47.6345,14.2893,4.7629
3736,35.9041,10.7704,3.5900
3737,42.6372,12.7902,4.2633
3738,7.9992,2.3996,0.7998
3739,13.0701,3.9207,1.3069
3740,57.2349,17.1692,5.7229
3741,49.9372,14.9801,4.9932
3742,11.3346,3.4001,1.1333
3743,28.1273,8.4376,2.8124
3744,60.2495,18.0735,6.0243
3745,6.2051,1.8614,0.6204
3746,35.7070,10.7113,3.5703
3747,7.2102,2.1629,0.7209
3748,6.2239,1.8670,0.6223
3749,11.2732,3.3817,1.1272
3750,62.1112,18.6320,6.2104
3751,13.9271,4.1778,1.3926
3752,12.6761,3.8025,1.2675
3753,31.2212,9.3657,3.1218
3754,22.5825,6.7743,2.2580
3755,29.8309,8.9486,2.9828
3756,28.4742,8.5416,2.8471
3757,46.1010,13.8293,4.6096
3758,20.9495,6.2844,2.0947
3759,47.8131,14.3429,4.7808
3760,44.9593,13.4868,4.4954
3761,51.7148,15.5133,5.1709
3762,65.5155,19.6532,6.5508
3763,22.9422,6.8821,2.2940
3764,21.0305,6.3087,2.1028
3765,40.0072,12.0013,4.0003
3766,18.4265,5.5275,1.8424
3767,14.9511,4.4850,1.4949
3768,16.9799,5.0936,1.6978
3769,25.7336,7.7195,2.5731
3770,32.7600,9.8273,3.2756
3771,32.2989,9.6890,3.2295
3772,65.5353,19.6592,6.5528
3773,18.5773,5.5728,1.8575
3774,23.0455,6.9131,2.3043
3775,32.9280,9.8777,3.2924
3776,43.2314,12.9685,4.3227
3777,9.3040,2.7910,0.9303
3778,5.4834,1.6449,0.5483
3779,33.2828,9.9841,3.3279
3780,20.1576,6.0469,2.0155
3781,44.9410,13.4813,4.4936
3782,19.6675,5.8998,1.9665
3783,14.6224,4.3864,1.4621
3784,9.9133,2.9738,0.9912
3785,52.6441,15.7921,5.2638
3786,27.8475,8.3536,2.7845
3787,17.4947,5.2480,1.7493
3788,9.7598,2.9277,0.9759
3789,33.0287,9.9079,3.3025
3790,16.9875,5.0959,1.6986
3791,69.9739,20.9906,6.9966
3792,36.2047,10.8606,3.6201
3793,33.1872,9.9554,3.3184
3794,16.9220,5.0762,1.6920
3795,37.8828,11.3640,3.7879
3796,17.7353,5.3202,1.7733
3797,8.1579,2.4472,0.8157
3798,15.8148,4.7441,1.5813
3799,11.8604,3.5579,1.1859
3800,8.6157,2.5845,0.8615
3801,44.1523,13.2447,4.4148
3802,18.3480,5.5040,1.8346
3803,27.3373,8.2006,2.7334
3804,19.0066,5.7016,1.9005
3805,24.0142,7.2037,2.4012
3806,18.8670,5.6597,1.8865
3807,35.7840,10.7344,3.5780
3808,36.7237,11.0163,3.6720
3809,28.5614,8.5678,2.8558
3810,60.0692,18.0194,6.0063
3811,21.6466,6.4935,2.1644
3812,19.7943,5.9379,1.9792
3813,27.4500,8.2344,2.7447
3814,36.8666,11.0592,3.6863
3815,25.2807,7.5836,2.5278
3816,32.6392,9.7910,3.2636
3817,20.2083,6.0621,2.0206
3818,24.7822,7.4341,2.4780
3819,17.3750,5.2121,1.7373
3820,12.7490,3.8244,1.2748
3821,11.7056,3.5114,1.1704
3822,32.1999,9.6593,3.2196
3823,53.6987,16.1084,5.3693
3824,51.1202,15.3349,5.1115
3825,10.1645,3.0491,1.0163
3826,28.1938,8.4575,2.8191
3827,42.7076,12.8114,4.2703
3828,22.8211,6.8458,2.2819
3829,47.1333,14.1389,4.7128
3830,10.7083,3.2123,1.0707
3831,32.6219,9.7858,3.2618
3832,12.2692,3.6805,1.2268
3833,28.7934,8.6374,2.8790
3834,38.6550,11.5956,3.8651
3835,16.4449,4.9331,1.6443
3836,62.1332,18.6386,6.2127
3837,26.9494,8.0842,2.6947
3838,12.9739,3.8919,1.2973
3839,11.9423,3.5824,1.1941
3840,12.7503,3.8248,1.2749
3841,24.0774,7.2227,2.4075
3842,87.3827,26.2129,8.7373
3843,39.8127,11.9430,3.9808
3844,7.6575,2.2971,0.7657
3845,55.6712,16.7001,5.5665
3846,18.4954,5.5482,1.8493
3847,52.3114,15.6923,5.2306
3848,15.7565,4.7266,1.5755
3849,59.8524,17.9544,5.9846
3850,13.8135,4.1438,1.3812
3851,20.4900,6.1465,2.0488
3852,18.0047,5.4010,1.8003
3853,33.8211,10.1456,3.3817
3854,39.5930,11.8770,3.9589
3855,18.8242,5.6468,1.8822
3856,28.3766,8.5124,2.8374
3857,21.1121,6.3332,2.1110
3858,50.0700,15.0199,5.0065
3859,23.5948,7.0779,2.3592
3860,47.8401,14.3510,4.7835
3861,26.4253,7.9270,2.6422
3862,40.3130,12.0930,4.0309
3863,22.0466,6.6135,2.2044
3864,20.8602,6.2576,2.0858
3865,11.3668,3.4098,1.1366
3866,26.3358,7.9002,2.6333
3867,19.9187,5.9752,1.9917
3868,55.7771,16.7319,5.5771
3869,20.2415,6.0720,2.0239
3870,9.4652,2.8394,0.9464
3871,11.2006,3.3599,1.1199
3872,12.3400,3.7017,1.2339
3873,70.1068,21.0305,7.0099
3874,25.3904,7.6166,2.5388
3875,42.5359,12.7599,4.2531
3876,15.4330,4.6296,1.5431
3877,46.1452,13.8425,4.6140
3878,74.0905,22.2255,7.4083
3879,14.5203,4.3558,1.4519
3880,10.2367,3.0708,1.0236
3881,81.6226,24.4850,8.1614
3882,41.3366,12.4001,4.1332
3883,39.2190,11.7648,3.9215
3884,50.2364,15.0698,5.0231
3885,49.4181,14.8243,4.9413
3886,19.0247,5.7070,1.9023
3887,63.8827,19.1634,6.3876
3888,36.8661,11.0590,3.6862
3889,10.6996,3.2096,1.0698
3890,40.8460,12.2529,4.0842
3891,7.5553,2.2664,0.7554
3892,37.4560,11.2360,3.7452
3893,40.9508,12.2843,4.0946
3894,22.1869,6.6556,2.2184
3895,5.6768,1.7029,0.5676
3896,25.9786,7.7930,2.5976
3897,20.3254,6.0972,2.0323
3898,27.5632,8.2684,2.7560
3899,9.3277,2.7981,0.9327
3900,44.5589,13.3667,4.4554
3901,7.6730,2.3017,0.7672
3902,47.6091,14.2817,4.7604
3903,17.6888,5.3063,1.7687
3904,6.2993,1.8897,0.6299
3905,14.8159,4.4444,1.4814
3906,22.8184,6.8450,2.2816
3907,12.9714,3.8911,1.2970
3908,69.6485,20.8930,6.9641
3909,8.0723,2.4215,0.8071
3910,45.4705,13.6402,4.5466
3911,5.5239,1.6571,0.5523
3912,70.5566,21.1655,7.0549
3913,59.1655,17.7484,5.9159
3914,15.7903,4.7367,1.5789
3915,18.1644,5.4489,1.8162
3916,26.7469,8.0235,2.6744
3917,17.4715,5.2411,1.7470
3918,24.3506,7.3047,2.4348
3919,37.0781,11.1226,3.7074
3920,7.2169,2.1649,0.7216
3921,40.1975,12.0584,4.0193
3922,51.1110,15.3322,5.1106
3923,31.6385,9.4909,3.1635
3924,22.9152,6.8741,2.2913
3925,54.0404,16.2109,5.4035
3926,62.8660,18.8584,6.2859
3927,39.3960,11.8179,3.9392
3928,20.2770,6.0826,2.0275
3929,20.5765,6.1725,2.0574
3930,24.2341,7.2697,2.4231
3931,17.5187,5.2552,1.7517
3932,30.1806,9.0535,3.0177
3933,20.8111,6.2429,2.0809
3934,61.6120,18.4823,6.1605
3935,21.1485,6.3441,2.1146
3936,41.1887,12.3557,4.1184
3937,37.8573,11.3564,3.7853
3938,14.5424,4.3624,1.4541
3939,44.0385,13.2106,4.4034
3940,28.1982,8.4589,2.8195
3941,43.6349,13.0895,4.3630
3942,10.3294,3.0986,1.0328
3943,7.7923,2.3375,0.7791
3944,24.3867,7.3155,2.4384
3945,23.3696,7.0104,2.3367
3946,14.6541,4.3959,1.4653
3947,36.9721,11.0908,3.6968
3948,10.0945,3.0281,1.0093
3949,33.9330,10.1792,3.3929
3950,46.5878,13.9753,4.6583
3951,30.6940,9.2075,3.0691
3952,18.5072,5.5518,1.8505
3953,24.9383,7.4809,2.4936
3954,52.2835,15.6839,5.2278
3955,5.2535,1.5759,0.5253
3956,27.4473,8.2336,2.7444
3957,19.8087,5.9422,1.9807
3958,15.8777,4.7630,1.5876
3959,31.1727,9.3511,3.1169
3960,8.4416,2.5323,0.8441
3961,7.4251,2.2274,0.7424
3962,16.1019,4.8302,1.6100
3963,33.5756,10.0720,3.3572
3964,53.8436,16.1519,5.3838
3965,17.3939,5.2178,1.7392
3966,19.5000,5.8496,1.9498
3967,45.4121,13.6226,4.5407
3968,16.5876,4.9759,1.6586
3969,34.0906,10.2264,3.4087
3970,64.2707,19.2798,6.4264
3971,12.1608,3.6480,1.2159
3972,18.7243,5.6169,1.8722
3973,26.2723,7.8811,2.6270
3974,15.9053,4.7713,1.5904
3975,30.5429,9.1622,3.0540
3976,15.9575,4.7869,1.5956
3977,5.7628,1.7287,0.5762
3978,54.4760,16.3416,5.4470
3979,48.1974,14.4582,4.8192
3980,19.9298,5.9785,1.9928
3981,25.9754,7.7920,2.5973
3982,24.7402,7.4215,2.4738
3983,19.2645,5.7789,1.9262
3984,9.2440,2.7730,0.9243
3985,54.8844,16.4641,5.4878
3986,35.8370,10.7503,3.5833
3987,29.8178,8.9447,2.9815
3988,40.7295,12.2180,4.0725
3989,35.6817,10.7037,3.5678
3990,12.3289,3.6984,1.2328
3991,20.8560,6.2563,2.0854
3992,55.6143,16.6831,5.5608
3993,34.3215,10.2957,3.4318
3994,54.4943,16.3471,5.4488
3995,28.5717,8.5709,2.8569
3996,15.1366,4.5406,1.5135
3997,13.3770,4.0128,1.3376
3998,13.2284,3.9682,1.3227
3999,39.0090,11.7019,3.9005
4000,30.3880,9.1157,3.0385
4001,11.0412,3.3121,1.1040
4002,17.1442,5.1429,1.7142
4003,21.7003,6.5096,2.1698
4004,21.7904,6.5366,2.1788
4005,9.3183,2.7953,0.9317
4006,60.2967,18.0877,6.0290
4007,20.7705,6.2307,2.0768
4008,38.3249,11.4966,3.8321
4009,29.1996,8.7592,2.9196
4010,26.8762,8.0623,2.6873
4011,13.0449,3.9132,1.3044
4012,22.8779,6.8629,2.2875
4013,28.5168,8.5544,2.8514
4014,38.9117,11.6727,3.8908
4015,41.6621,12.4977,4.1658
4016,55.6718,16.7003,5.5666
4017,61.1775,18.3519,6.1171
4018,68.3977,20.5178,6.8390
4019,18.3214,5.4960,1.8319
4020,23.6078,7.0818,2.3605
4021,30.8832,9.2643,3.0880
4022,27.5534,8.2654,2.7550
4023,29.2146,8.7637,2.9211
4024,35.2388,10.5709,3.5235
4025,57.9313,17.3781,5.7925
4026,58.1313,17.4381,5.8125
4027,38.8325,11.6489,3.8828
4028,10.8910,3.2671,1.0890
4029,29.4560,8.8362,2.9453
4030,25.0919,7.5270,2.5089
4031,53.2080,15.9612,5.3202
4032,25.1065,7.5314,2.5104
4033,23.1839,6.9547,2.3181
4034,38.4398,11.5311,3.8436
4035,24.1298,7.2384,2.4127
4036,18.4428,5.5324,1.8441
4037,38.1614,11.4476,3.8157
4038,41.8712,12.5604,4.1867
4039,31.6238,9.4864,3.1620
4040,24.0836,7.2246,2.4081
4041,25.2090,7.5621,2.5206
4042,16.2958,4.8884,1.6294
4043,22.1793,6.6533,2.2177
4044,37.5172,11.2543,3.7513
4045,12.1536,3.6458,1.2152
4046,35.6583,10.6967,3.5654
4047,40.8879,12.2655,4.0884
4048,24.7429,7.4223,2.4740
4049,26.9053,8.0710,2.6902
4050,27.8474,8.3536,2.7844
4051,48.0221,14.4056,4.8017
4052,10.0781,3.0232,1.0077
4053,10.2571,3.0769,1.0256
4054,16.0618,4.8182,1.6060
4055,60.2990,18.0884,6.0293
4056,17.5689,5.2703,1.7567
4057,27.8752,8.3620,2.7872
4058,70.4361,21.1293,7.0429
4059,53.2719,15.9804,5.3266
4060,27.2892,8.1862,2.7286
4061,9.4640,2.8390,0.9463
4062,29.2903,8.7865,2.9287
4063,65.9045,19.7699,6.5897
4064,21.0950,6.3281,2.1093
4065,25.4170,7.6246,2.5414
4066,20.2632,6.0785,2.0261
4067,19.4762,5.8424,1.9474
4068,16.6846,5.0050,1.6683
4069,15.6580,4.6970,1.5656
4070,24.8282,7.4479,2.4826
4071,21.1581,6.3470,2.1156
4072,16.0986,4.8292,1.6097
4073,5.2485,1.5744,0.5248
4074,42.0114,12.6025,4.2007
4075,21.7813,6.5339,2.1779
4076,5.5287,1.6585,0.5528
4077,18.7902,5.6367,1.8788
4078,53.5490,16.0635,5.3543
4079,15.1761,4.5525,1.5174
4080,8.5032,2.5508,0.8502
4081,31.6239,9.4865,3.1620
4082,16.1240,4.8368,1.6122
4083,13.9359,4.1805,1.3934
4084,26.2705,7.8806,2.6268
4085,50.0246,15.0063,5.0019
4086,49.8600,14.9569,4.9855
4087,8.1726,2.4516,0.8172
4088,7.6365,2.2908,0.7636
4089,9.4007,2.8200,0.9400
4090,13.7286,4.1183,1.3727
4091,17.9595,5.3874,1.7958
4092,23.9407,7.1817,2.3938
4093,27.3496,8.2043,2.7347
4094,6.4509,1.9351,0.6450
4095,31.9957,9.5980,3.1992
4096,63.5622,19.0673,6.3555
4097,42.3275,12.6973,4.2323
4098,14.3818,4.3142,1.4380
4099,16.3290,4.8984,1.6327
4100,15.2425,4.5724,1.5241
4101,8.9433,2.6828,0.8942
4102,46.9092,14.0717,4.6904
4103,9.6017,2.8803,0.9601
4104,18.7990,5.6393,1.8797
4105,32.8138,9.8434,3.2810
4106,25.8708,7.7607,2.5868
4107,10.6061,3.1816,1.0605
4108,26.1918,7.8570,2.6189
4109,25.5116,7.6529,2.5509
4110,13.2411,3.9721,1.3240
4111,55.9147,16.7732,5.5909
4112,24.6784,7.4030,2.4676
4113,7.6176,2.2851,0.7617
4114,67.2539,20.1747,6.7247
4115,41.2506,12.3743,4.1246
4116,21.8502,6.5546,2.1848
4117,16.0222,4.8063,1.6020
4118,34.9267,10.4772,3.4923
4119,26.5558,7.9662,2.6553
4120,20.5722,6.1712,2.0570
4121,7.5798,2.2738,0.7579
4122,6.1583,1.8474,0.6158
4123,40.2088,12.0618,4.0204
4124,10.8029,3.2406,1.0802
4125,55.3090,16.5915,5.5303
4126,36.1969,10.8583,3.6193
4127,20.2467,6.0736,2.0245
4128,36.7751,11.0317,3.6771
4129,17.6553,5.2962,1.7653
4130,10.9029,3.2706,1.0902
4131,13.7255,4.1173,1.3724
4132,14.5017,4.3502,1.4500
4133,36.0091,10.8020,3.6005
4134,9.3676,2.8101,0.9367
4135,12.4518,3.7353,1.2450
4136,8.0484,2.4144,0.8048
4137,32.2703,9.6804,3.2267
4138,14.3726,4.3115,1.4371
4139,34.3808,10.3135,3.4377
4140,16.6787,5.0033,1.6677
4141,14.4213,4.3261,1.4420
4142,63.7393,19.1204,6.3732
4143,52.0752,15.6214,5.2070
4144,25.5116,7.6529,2.5509
4145,44.3068,13.2911,4.4302
4146,25.9016,7.7699,2.5899
4147,14.6506,4.3949,1.4649
4148,10.3157,3.0945,1.0315
4149,41.4805,12.4433,4.1476
4150,39.6450,11.8926,3.9641
4151,44.2969,13.2881,4.4292
4152,20.7374,6.2208,2.0735
4153,12.3334,3.6997,1.2332
4154,76.5122,22.9520,7.6504
4155,59.0575,17.7160,5.9051
4156,31.8353,9.5499,3.1832
4157,25.4374,7.6307,2.5435
4158,63.2468,18.9727,6.3240
4159,13.5710,4.0710,1.3570
4160,32.6845,9.8046,3.2681
4161,43.4923,13.0468,4.3488
4162,62.7462,18.8225,6.2739
4163,31.5896,9.4762,3.1586
4164,17.7682,5.3301,1.7766
4165,20.1961,6.0584,2.0194
4166,29.8177,8.9446,2.9814
4167,68.5381,20.5599,6.8531
4168,99.4758,29.8406,9.9465
4169,24.1828,7.2543,2.4180
4170,27.6340,8.2896,2.7631
4171,28.5717,8.5709,2.8569
4172,37.1374,11.1404,3.7133
4173,26.5741,7.9717,2.6571
4174,43.3994,13.0189,4.3395
4175,35.1842,10.5545,3.5180
4176,33.4103,10.0224,3.3407
4177,35.5943,10.6775,3.5590
4178,23.7872,7.1356,2.3785
4179,34.5773,10.3724,3.4574
4180,25.5377,7.6607,2.5535
4181,45.6361,13.6898,4.5631
4182,24.9177,7.4748,2.4915
4183,14.2765,4.2826,1.4275
4184,22.7925,6.8373,2.2790
4185,33.0675,9.9195,3.3064
4186,50.2067,15.0609,5.0201
4187,58.7133,17.6127,5.8707
4188,24.7151,7.4140,2.4712
4189,7.9095,2.3727,0.7909
4190,25.1905,7.5566,2.5188
4191,40.5010,12.1494,4.0497
4192,8.5425,2.5626,0.8542
4193,18.3293,5.4984,1.8327
4194,56.1013,16.8292,5.6095
4195,30.0675,9.0196,3.0064
4196,40.0459,12.0129,4.0042
4197,12.2156,3.6644,1.2214
4198,7.0113,2.1032,0.7011
4199,41.4291,12.4278,4.1425
4200,16.5986,4.9792,1.6597
4201,12.7434,3.8227,1.2742
4202,29.9312,8.9787,2.9928
4203,23.3117,6.9930,2.3309
4204,57.0160,17.1035,5.7010
4205,13.0358,3.9105,1.3034
4206,12.9359,3.8805,1.2934
4207,7.0888,2.1265,0.7088
4208,47.7779,14.3323,4.7773
4209,19.8147,5.9440,1.9813
4210,33.7996,10.1392,3.3796
4211,15.2905,4.5868,1.5289
4212,33.4821,10.0439,3.3479
4213,26.8262,8.0473,2.6823
4214,11.7136,3.5138,1.1712
4215,7.3914,2.2173,0.7391
4216,27.8356,8.3501,2.7833
4217,31.1065,9.3313,3.1103
4218,57.2535,17.1748,5.7247
4219,53.7075,16.1111,5.3702
4220,16.7837,5.0348,1.6782
4221,63.7257,19.1163,6.3719
4222,14.1161,4.2345,1.4115
4223,33.6465,10.0932,3.3643
4224,15.4528,4.6355,1.5451
4225,45.3188,13.5947,4.5314
4226,32.5165,9.7542,3.2513
4227,39.2160,11.7639,3.9212
4228,21.2405,6.3717,2.1238
4229,17.6026,5.2804,1.7601
4230,19.7539,5.9257,1.9752
4231,10.7702,3.2308,1.0769
4232,40.5565,12.1661,4.0552
4233,45.3411,13.6013,4.5336
4234,33.3414,10.0017,3.3338
4235,20.8338,6.2497,2.0832
4236,5.9237,1.7770,0.5923
4237,12.2546,3.6761,1.2253
4238,5.7886,1.7365,0.5788
4239,45.6436,13.6921,4.5639
4240,22.5899,6.7765,2.2587
4241,42.5552,12.7656,4.2551
4242,7.1737,2.1519,0.7173
4243,15.0933,4.5277,1.5092
4244,35.7058,10.7110,3.5702
4245,26.0678,7.8198,2.6065
4246,42.9180,12.8745,4.2913
4247,40.7899,12.2361,4.0785
4248,10.0095,3.0026,1.0008
4249,46.6055,13.9806,4.6600
4250,43.5363,13.0599,4.3532
4251,41.3588,12.4067,4.1354
4252,7.0906,2.1270,0.7090
4253,26.9421,8.0820,2.6939
4254,39.4844,11.8444,3.9480
4255,24.6819,7.4040,2.4679
4256,32.3697,9.7102,3.2366
4257,15.5461,4.6635,1.5544
4258,31.8637,9.5584,3.1860
4259,15.1275,4.5379,1.5126
4260,34.7650,10.4288,3.4761
4261,49.4639,14.8381,4.9459
4262,59.4318,17.8282,5.9425
4263,8.4427,2.5326,0.8442
4264,34.8271,10.4474,3.4823
4265,11.5171,3.4549,1.1516
4266,37.2159,11.1640,3.7212
4267,8.2775,2.4831,0.8277
4268,12.8110,3.8430,1.2810
4269,41.5743,12.4714,4.1570
4270,15.3156,4.5943,1.5314
4271,42.6915,12.8065,4.2687
4272,7.8949,2.3683,0.7894
4273,27.0582,8.1169,2.7055
4274,19.7273,5.9178,1.9725
4275,17.3046,5.1910,1.7303
4276,20.7833,6.2345,2.0781
4277,15.2224,4.5664,1.5221
4278,29.9422,8.9820,2.9939
4279,10.1977,3.0591,1.0197
4280,64.2561,19.2754,6.4249
4281,10.2400,3.0718,1.0239
4282,83.4182,25.0236,8.3409
4283,42.5013,12.7495,4.2497
4284,16.2152,4.8642,1.6213
4285,24.6728,7.4013,2.4670
4286,23.1398,6.9414,2.3137
4287,12.1279,3.6381,1.2127
4288,14.4261,4.3275,1.4425
4289,51.4810,15.4432,5.1475
4290,25.1352,7.5400,2.5132
4291,6.7208,2.0161,0.6720
4292,35.8916,10.7667,3.5888
4293,18.7431,5.6225,1.8741
4294,7.5709,2.2711,0.7570
4295,16.7707,5.0309,1.6769
4296,30.0859,9.0251,3.0083
4297,14.4173,4.3249,1.4416
4298,23.3746,7.0119,2.3372
4299,15.9415,4.7821,1.5940
4300,51.1436,15.3420,5.1138
4301,13.6011,4.0800,1.3600
4302,27.3780,8.2128,2.7375
4303,23.2742,6.9818,2.3272
4304,32.3425,9.7020,3.2339
4305,11.9257,3.5774,1.1924
4306,15.0010,4.5000,1.4999
4307,16.9926,5.0974,1.6991
4308,12.4363,3.7306,1.2435
4309,30.3324,9.0991,3.0329
4310,56.6468,16.9928,5.6641
4311,10.9115,3.2732,1.0910
4312,18.2940,5.4878,1.8292
4313,12.5303,3.7588,1.2529
4314,12.8898,3.8667,1.2888
4315,23.4860,7.0453,2.3483
4316,8.1266,2.4378,0.8126
4317,23.0304,6.9086,2.3028
4318,19.0907,5.7268,1.9089
4319,30.0737,9.0215,3.0071
4320,15.6891,4.7064,1.5687
4321,31.3695,9.4102,3.1366
4322,24.1189,7.2351,2.4116
4323,36.3735,10.9113,3.6370
4324,13.5664,4.0696,1.3565
4325,33.0447,9.9127,3.3041
4326,11.7329,3.5196,1.1732
4327,26.0357,7.8101,2.6033
4328,23.8081,7.1419,2.3806
4329,5.5991,1.6796,0.5599
4330,39.8544,11.9555,3.9850
4331,38.4118,11.5227,3.8408
4332,10.7496,3.2246,1.0748
4333,16.0184,4.8052,1.6017
4334,11.0589,3.3174,1.1058
4335,22.7600,6.8275,2.2758
4336,24.1792,7.2532,2.4177
4337,21.9651,6.5891,2.1963
4338,26.6560,7.9962,2.6653
4339,41.4494,12.4339,4.1445
4340,15.5678,4.6700,1.5566
4341,29.8812,8.9637,2.9878
4342,36.9531,11.0851,3.6949
4343,36.4569,10.9363,3.6453
4344,26.6628,7.9982,2.6660
4345,37.4595,11.2370,3.7455
4346,14.4366,4.3307,1.4435
4347,36.7987,11.0388,3.6795
4348,12.5034,3.7508,1.2502
4349,23.3129,6.9934,2.3310
4350,29.6029,8.8802,2.9600
4351,45.6329,13.6889,4.5628
4352,47.9996,14.3988,4.7994
4353,58.7846,17.6341,5.8778
4354,22.2019,6.6601,2.2200
4355,13.9407,4.1819,1.3939
4356,8.4313,2.5292,0.8430
4357,43.0187,12.9047,4.3014
4358,25.5880,7.6758,2.5585
4359,8.0843,2.4251,0.8083
4360,17.4064,5.2216,1.7405
4361,11.9452,3.5833,1.1944
4362,43.3882,13.0155,4.3384
4363,4.7659,1.4297,0.4765
4364,53.8094,16.1417,5.3804
4365,12.8498,3.8546,1.2848
4366,51.6752,15.5014,5.1670
4367,33.3701,10.0103,3.3366
4368,8.3141,2.4940,0.8313
4369,60.4980,18.1481,6.0492
4370,110.4804,33.1417,11.0469
4371,84.0262,25.2060,8.4017
4372,47.5452,14.2625,4.7540
4373,16.3292,4.8984,1.6327
4374,45.6016,13.6795,4.5597
4375,34.0230,10.2062,3.4019
4376,26.5551,7.9659,2.6552
4377,39.7921,11.9368,3.9788
4378,73.1258,21.9361,7.3118
4379,5.7894,1.7367,0.5789
4380,6.3559,1.9066,0.6355
4381,21.0659,6.3193,2.1064
4382,31.8217,9.5458,3.1818
4383,65.5433,19.6616,6.5536
4384,28.3197,8.4953,2.8317
4385,40.2906,12.0863,4.0286
4386,25.9234,7.7765,2.5921
4387,9.7673,2.9300,0.9766
4388,27.5572,8.2666,2.7554
4389,24.1742,7.2517,2.4172
4390,55.0203,16.5049,5.5014
4391,14.2207,4.2659,1.4219
4392,15.9966,4.7986,1.5995
4393,15.5183,4.6552,1.5517
4394,47.6203,14.2851,4.7615
4395,42.9792,12.8928,4.2975
4396,49.2453,14.7725,4.9240
4397,34.1757,10.2520,3.4172
4398,14.7638,4.4288,1.4762
4399,13.7806,4.1339,1.3779
4400,37.5482,11.2636,3.7544
4401,12.2034,3.6608,1.2202
4402,26.0748,7.8219,2.6072
4403,9.2139,2.7640,0.9213
4404,24.9595,7.4873,2.4957
4405,18.7067,5.6116,1.8705
4406,37.4746,11.2416,3.7471
4407,44.0582,13.2165,4.4053
4408,30.5421,9.1620,3.0539
4409,41.5717,12.4706,4.1567
4410,17.7112,5.3130,1.7709
4411,35.2125,10.5630,3.5209
4412,30.7485,9.2239,3.0745
4413,12.7325,3.8195,1.2731
4414,24.7363,7.4203,2.4734
4415,21.0823,6.3242,2.1080
4416,41.8230,12.5460,4.1819
4417,52.2496,15.6738,5.2244
4418,26.6967,8.0084,2.6694
4419,14.3096,4.2926,1.4308
4420,25.0545,7.5158,2.5052
4421,9.4143,2.8241,0.9413
4422,12.2780,3.6831,1.2277
4423,32.0625,9.6181,3.2059
4424,35.1530,10.5451,3.5149
4425,10.6988,3.2094,1.0698
4426,34.9610,10.4875,3.4957
4427,39.0084,11.7017,3.9004
4428,14.0979,4.2290,1.4096
4429,7.2101,2.1629,0.7209
4430,5.8613,1.7582,0.5861
4431,17.3767,5.2126,1.7375
4432,10.0293,3.0086,1.0028
4433,13.2155,3.9644,1.3214
4434,41.8542,12.5554,4.1850
4435,11.0717,3.3213,1.1070
4436,23.0353,6.9101,2.3033
4437,6.3183,1.8954,0.6318
4438,27.3191,8.1951,2.7316
4439,42.5489,12.7637,4.2544
4440,17.9017,5.3701,1.7900
4441,42.2922,12.6867,4.2288
4442,11.1499,3.3447,1.1149
4443,20.0353,6.0101,2.0033
4444,16.0511,4.8150,1.6049
4445,56.9575,17.0860,5.6951
4446,56.0779,16.8221,5.6072
4447,54.1366,16.2398,5.4131
4448,51.5282,15.4573,5.1523
4449,7.5013,2.2502,0.7500
4450,13.1689,3.9504,1.3167
4451,30.6802,9.2034,3.0677
4452,34.5683,10.3697,3.4565
4453,20.9445,6.2829,2.0942
4454,29.7839,8.9345,2.9781
4455,25.1379,7.5408,2.5135
4456,18.8424,5.6523,1.8840
4457,16.4288,4.9283,1.6427
4458,14.1030,4.2306,1.4101
4459,19.7496,5.9244,1.9747
4460,19.3589,5.8072,1.9357
4461,22.7266,6.8175,2.2724
4462,43.3869,13.0151,4.3382
4463,20.6534,6.1956,2.0651
4464,23.7469,7.1235,2.3744
4465,15.5470,4.6637,1.5545
4466,13.8177,4.1450,1.3816
4467,5.9132,1.7738,0.5913
4468,13.0925,3.9275,1.3091
4469,14.2740,4.2819,1.4272
4470,32.5601,9.7673,3.2557
4471,20.4037,6.1207,2.0402
4472,45.3002,13.5891,4.5295
4473,26.5540,7.9656,2.6551
4474,13.0799,3.9237,1.3079
4475,28.3258,8.4971,2.8323
4476,7.1260,2.1376,0.7125
4477,32.6218,9.7858,3.2618
4478,9.0573,2.7170,0.9056
4479,47.0526,14.1148,4.7048
4480,32.5543,9.7656,3.2551
4481,30.8897,9.2662,3.0886
4482,10.8824,3.2645,1.0881
4483,39.7221,11.9158,3.9718
4484,31.0651,9.3189,3.1062
4485,20.0766,6.0225,2.0074
4486,27.0458,8.1132,2.7043
4487,43.6985,13.1086,4.3694
4488,32.0435,9.6123,3.2040
4489,33.5293,10.0580,3.3526
4490,65.3976,19.6179,6.5391
4491,53.9064,16.1708,5.3901
4492,17.7049,5.3111,1.7703
4493,38.0404,11.4113,3.8036
4494,37.3232,11.1961,3.7319
4495,33.9007,10.1695,3.3897
4496,36.6102,10.9823,3.6606
4497,31.6637,9.4984,3.1660
4498,45.5355,13.6596,4.5531
4499,52.6217,15.7854,5.2616
4500,19.1635,5.7486,1.9161
4501,52.9903,15.8959,5.2985
4502,11.2232,3.3667,1.1222
4503,16.5321,4.9593,1.6530
4504,17.3549,5.2061,1.7353
4505,50.6326,15.1887,5.0627
4506,60.1805,18.0528,6.0174
4507,45.3728,13.6109,4.5368
4508,32.5904,9.7764,3.2587
4509,9.1317,2.7393,0.9131
4510,36.4647,10.9386,3.6461
4511,43.1764,12.9520,4.3172
4512,35.2161,10.5641,3.5212
4513,7.6601,2.2979,0.7659
4514,13.9679,4.1901,1.3966
4515,10.7835,3.2348,1.0782
4516,33.0702,9.9203,3.3067
4517,33.9265,10.1772,3.3923
4518,15.6436,4.6927,1.5642
4519,26.1075,7.8317,2.6105
4520,8.1099,2.4328,0.8109
4521,14.8286,4.4482,1.4827
4522,53.8061,16.1407,5.3800
4523,6.8199,2.0458,0.6819
4524,16.9404,5.0817,1.6939
4525,20.5381,6.1610,2.0536
4526,10.4112,3.1231,1.0410
4527,16.8112,5.0430,1.6809
4528,18.6789,5.6033,1.8677
4529,68.8306,20.6477,6.8823
4530,11.7504,3.5249,1.1749
4531,13.8814,4.1641,1.3880
4532,22.6248,6.7869,2.2622
4533,10.8807,3.2640,1.0880
4534,11.7237,3.5169,1.1722
4535,68.2324,20.4682,6.8225
4536,13.4924,4.0474,1.3491
4537,19.6899,5.9065,1.9688
4538,11.6787,3.5034,1.1677
4539,15.4070,4.6218,1.5405
4540,37.2113,11.1626,3.7207
4541,22.9980,6.8989,2.2996
4542,7.8751,2.3624,0.7874
4543,31.5760,9.4721,3.1573
4544,34.7576,10.4265,3.4754
4545,10.3047,3.0912,1.0304
4546,54.5926,16.3766,5.4587
4547,9.7938,2.9379,0.9793
4548,45.9230,13.7759,4.5918
4549,9.1981,2.7592,0.9197
4550,11.6223,3.4864,1.1621
4551,13.1780,3.9531,1.3177
4552,13.2827,3.9845,1.3281
4553,39.8913,11.9665,3.9887
4554,16.5118,4.9532,1.6510
4555,57.3863,17.2146,5.7380
4556,41.3376,12.4004,4.1333
4557,10.0373,3.0110,1.0036
4558,13.6885,4.1063,1.3687
4559,26.6107,7.9826,2.6608
4560,42.6506,12.7942,4.2646
4561,32.8632,9.8582,3.2860
4562,11.7899,3.5367,1.1789
4563,33.5270,10.0574,3.3523
4564,8.6883,2.6063,0.8687
4565,43.9568,13.1861,4.3952
4566,22.7826,6.8343,2.2780
4567,14.3008,4.2899,1.4299
4568,32.4958,9.7480,3.2492
4569,38.9602,11.6872,3.8956
4570,14.4290,4.3284,1.4427
4571,20.1331,6.0395,2.0131
4572,32.7138,9.8134,3.2710
4573,22.7700,6.8305,2.2768
4574,28.7285,8.6179,2.8725
4575,22.8520,6.8551,2.2850
4576,21.2066,6.3615,2.1204
4577,38.1673,11.4494,3.8163
4578,45.9522,13.7846,4.5947
4579,37.7002,11.3092,3.7696
4580,72.1362,21.6393,7.2128
4581,9.1150,2.7343,0.9114
4582,64.4039,19.3198,6.4397
4583,21.1909,6.3568,2.1189
4584,68.0259,20.4063,6.8019
4585,22.4783,6.7430,2.2476
4586,76.0132,22.8023,7.6005
4587,33.9872,10.1954,3.3984
4588,21.3333,6.3995,2.1331
4589,30.2396,9.0712,3.0236
4590,11.1363,3.3406,1.1135
4591,19.4027,5.8204,1.9401
4592,15.3078,4.5920,1.5306
4593,19.9837,5.9947,1.9982
4594,41.5488,12.4637,4.1544
4595,13.3299,3.9987,1.3328
4596,11.3707,3.4110,1.1369
4597,12.3944,3.7180,1.2393
4598,8.7968,2.6388,0.8796
4599,37.4957,11.2479,3.7492
4600,10.1700,3.0508,1.0169
4601,6.8563,2.0567,0.6856
4602,30.0455,9.0130,3.0042
4603,13.5602,4.0678,1.3559
4604,57.3454,17.2024,5.7339
4605,34.5518,10.3648,3.4548
4606,53.2639,15.9780,5.3258
4607,32.2372,9.6704,3.2234
4608,9.6913,2.9072,0.9690
4609,32.2268,9.6673,3.2223
4610,13.0166,3.9047,1.3015
4611,41.1792,12.3528,4.1175
4612,14.1943,4.2580,1.4193
4613,26.1669,7.8495,2.6164
4614,48.1174,14.4342,4.8112
4615,20.4073,6.1218,2.0405
4616,49.1253,14.7365,4.9120
4617,30.3471,9.1035,3.0344
4618,47.1401,14.1410,4.7135
4619,16.6923,5.0073,1.6690
4620,22.6646,6.7989,2.2662
4621,5.5320,1.6595,0.5531
4622,10.2608,3.0780,1.0260
4623,12.5267,3.7577,1.2525
4624,62.3124,18.6924,6.2306
4625,42.0024,12.5998,4.1998
4626,22.8605,6.8576,2.2858
4627,51.6165,15.4838,5.1611
4628,13.9926,4.1975,1.3991
4629,30.9473,9.2835,3.0944
4630,55.5177,16.6541,5.5512
4631,46.8369,14.0500,4.6832
4632,29.2491,8.7741,2.9246
4633,85.0807,25.5223,8.5072
4634,16.4093,4.9224,1.6408
4635,14.0350,4.2102,1.4034
4636,5.6203,1.6860,0.5620
4637,43.4882,13.0455,4.3484
4638,33.2002,9.9593,3.3197
4639,8.8282,2.6483,0.8827
4640,11.3734,3.4118,1.1372
4641,15.4031,4.6206,1.5401
4642,7.4161,2.2247,0.7415
4643,20.8774,6.2628,2.0875
4644,23.1592,6.9473,2.3157
4645,35.8745,10.7616,3.5871
4646,19.3930,5.8175,1.9391
4647,17.0314,5.1090,1.7030
4648,36.0314,10.8086,3.6028
4649,43.2570,12.9762,4.3252
4650,25.9822,7.7941,2.5979
4651,8.9780,2.6932,0.8977
4652,22.0248,6.6069,2.2022
4653,41.7275,12.5173,4.1723
4654,9.7702,2.9308,0.9769
4655,42.7995,12.8389,4.2795
4656,47.9220,14.3756,4.7917
4657,39.6321,11.8888,3.9628
4658,40.2382,12.0706,4.0234
4659,72.0114,21.6018,7.2004
4660,14.2774,4.2829,1.4276
4661,35.5590,10.6669,3.5555
4662,43.1644,12.9484,4.3160
4663,38.6935,11.6072,3.8689
4664,30.2693,9.0801,3.0266
4665,10.8692,3.2605,1.0868
4666,46.6768,14.0020,4.6672
4667,47.2612,14.1773,4.7256
4668,11.6337,3.4899,1.1632
4669,25.2143,7.5637,2.5212
4670,16.0152,4.8042,1.6013
4671,22.0145,6.6039,2.2012
4672,75.7851,22.7339,7.5777
4673,26.2010,7.8597,2.6198
4674,11.3827,3.4146,1.1381
4675,31.7723,9.5310,3.1769
4676,51.3458,15.4026,5.1340
4677,34.2990,10.2890,3.4295
4678,21.1207,6.3358,2.1118
4679,17.1372,5.1408,1.7135
4680,16.5564,4.9666,1.6555
4681,62.5986,18.7782,6.2592
4682,17.6785,5.3032,1.7677
4683,27.1594,8.1472,2.7156
4684,46.6105,13.9821,4.6605
4685,13.5430,4.0626,1.3542
4686,6.8232,2.0468,0.6822
4687,26.7613,8.0278,2.6758
4688,11.9188,3.5754,1.1917
4689,24.5694,7.3703,2.4567
4690,15.3963,4.6185,1.5395
4691,23.6888,7.1061,2.3686
4692,5.0477,1.5142,0.5047
4693,11.7184,3.5153,1.1717
4694,17.8630,5.3585,1.7861
4695,17.3508,5.2049,1.7349
4696,22.7759,6.8323,2.2773
4697,20.4405,6.1317,2.0438
4698,54.2563,16.2757,5.4250
4699,17.9340,5.3798,1.7932
4700,18.6251,5.5871,1.8623
4701,12.5479,3.7641,1.2547
4702,31.1913,9.3567,3.1188
4703,15.5325,4.6594,1.5531
4704,13.2323,3.9694,1.3231
4705,57.6022,17.2794,5.7596
4706,38.9369,11.6802,3.8933
4707,59.8420,17.9513,5.9836
4708,14.7201,4.4157,1.4718
4709,33.0777,9.9226,3.3074
4710,66.0044,19.7999,6.5997
4711,11.2923,3.3874,1.1291
4712,10.9854,3.2954,1.0984
4713,45.4179,13.6244,4.5413
4714,18.3530,5.5055,1.8351
4715,33.8403,10.1514,3.3837
4716,12.5268,3.7578,1.2525
4717,12.6123,3.7834,1.2611
4718,34.1220,10.2358,3.4118
4719,47.5199,14.2549,4.7515
4720,24.5187,7.3551,2.4516
4721,12.3466,3.7037,1.2345
4722,8.9632,2.6888,0.8962
4723,22.5951,6.7780,2.2593
4724,47.2687,14.1796,4.7264
4725,56.6581,16.9962,5.6652
4726,21.7048,6.5110,2.1702
4727,17.8075,5.3419,1.7806
4728,22.0687,6.6201,2.2066
4729,34.0122,10.2029,3.4009
4730,7.9708,2.3911,0.7970
4731,13.2615,3.9781,1.3260
4732,19.3551,5.8061,1.9353
4733,49.5095,14.8518,4.9504
4734,18.5702,5.5707,1.8568
4735,47.6615,14.2974,4.7656
4736,30.0060,9.0011,3.0003
4737,41.0166,12.3041,4.1012
4738,33.9316,10.1787,3.3928
4739,29.6114,8.8828,2.9608
4740,42.9292,12.8778,4.2925
4741,27.1326,8.1392,2.7130
4742,33.4650,10.0388,3.3461
4743,34.7740,10.4314,3.4770
4744,21.2490,6.3742,2.1247
4745,35.4061,10.6211,3.5402
4746,20.1640,6.0488,2.0162
4747,17.5875,5.2759,1.7586
4748,12.9622,3.8884,1.2961
4749,48.4087,14.5215,4.8403
4750,27.3021,8.1900,2.7299
4751,65.9426,19.7814,6.5936
4752,24.4782,7.3429,2.4476
4753,13.1442,3.9430,1.3143
4754,50.5766,15.1719,5.0571
4755,38.0169,11.4042,3.8013
4756,40.7615,12.2276,4.0757
4757,25.2440,7.5726,2.5241
4758,23.7283,7.1180,2.3726
4759,12.8031,3.8406,1.2802
4760,9.2016,2.7603,0.9201
4761,13.3682,4.0102,1.3367
4762,16.1881,4.8561,1.6186
4763,41.6939,12.5073,4.1689
4764,33.7116,10.1127,3.3708
4765,66.8512,20.0539,6.6844
4766,29.3040,8.7906,2.9301
4767,12.1471,3.6439,1.2146
4768,22.1087,6.6321,2.2106
4769,12.0569,3.6168,1.2056
4770,42.3710,12.7104,4.2366
4771,22.5644,6.7688,2.2562
4772,87.7682,26.3285,8.7759
4773,9.6661,2.8996,0.9665
4774,46.1558,13.8457,4.6151
4775,30.4542,9.1356,3.0451
4776,15.6436,4.6927,1.5642
4777,13.5352,4.0603,1.3534
4778,23.2024,6.9602,2.3200
4779,18.5741,5.5718,1.8572
4780,17.6386,5.2912,1.7637
4781,35.2764,10.5821,3.5273
4782,33.2747,9.9817,3.3271
4783,13.9655,4.1894,1.3964
4784,10.5403,3.1619,1.0539
4785,30.8922,9.2670,3.0889
4786,48.1906,14.4561,4.8185
4787,13.9452,4.1833,1.3944
4788,47.5101,14.2520,4.7505
4789,42.3903,12.7162,4.2386
4790,59.1670,17.7488,5.9161
4791,6.2286,1.8684,0.6228
4792,5.2817,1.5844,0.5281
4793,35.9248,10.7767,3.5921
4794,90.3868,27.1141,9.0377
4795,62.7393,18.8204,6.2733
4796,34.5396,10.3611,3.4536
4797,18.5864,5.5755,1.8584
4798,46.3466,13.9030,4.6342
4799,30.0478,9.0137,3.0045
4800,50.0209,15.0052,5.0016
4801,32.4306,9.7285,3.2427
4802,49.1578,14.7463,4.9152
4803,14.1431,4.2426,1.4142
4804,25.0061,7.5013,2.5003
4805,11.5952,3.4783,1.1594
4806,23.6975,7.1087,2.3695
4807,13.6606,4.0979,1.3659
4808,21.5077,6.4518,2.1505
4809,14.2268,4.2677,1.4225
4810,64.2391,19.2703,6.4232
4811,47.2718,14.1805,4.7267
4812,56.2340,16.8690,5.6228
4813,51.6856,15.5046,5.1680
4814,28.8831,8.6643,2.8880
4815,30.8876,9.2656,3.0884
4816,14.9200,4.4757,1.4918
4817,29.2281,8.7678,2.9225
4818,54.1272,16.2370,5.4121
4819,8.2385,2.4714,0.8238
4820,67.3845,20.2139,6.7377
4821,16.8310,5.0489,1.6829
4822,17.5973,5.2788,1.7595
4823,9.8779,2.9631,0.9877
4824,36.5081,10.9516,3.6504
4825,38.3467,11.5032,3.8343
4826,47.4201,14.2250,4.7415
4827,46.5104,13.9521,4.6505
4828,7.9491,2.3846,0.7948
4829,34.4233,10.3262,3.4420
4830,28.2937,8.4875,2.8291
4831,11.0854,3.3254,1.1084
4832,46.9874,14.0952,4.6982
4833,35.1801,10.5533,3.5176
4834,8.0217,2.4063,0.8021
4835,52.1152,15.6334,5.2110
4836,36.4165,10.9242,3.6413
4837,12.0398,3.6117,1.2038
4838,12.0568,3.6168,1.2055
4839,9.8983,2.9693,0.9897
4840,14.9665,4.4896,1.4965
4841,23.6375,7.0907,2.3635
4842,14.1458,4.2434,1.4144
4843,25.5849,7.6749,2.5582
4844,16.0210,4.8059,1.6019
4845,12.8364,3.8506,1.2835
4846,8.0170,2.4049,0.8016
4847,17.4641,5.2389,1.7462
4848,66.5286,19.9571,6.6521
4849,8.7364,2.6207,0.8735
4850,17.4290,5.2283,1.7427
4851,15.9719,4.7912,1.5970
4852,19.0681,5.7200,1.9066
4853,13.7244,4.1170,1.3723
4854,17.3082,5.1921,1.7306
4855,17.4999,5.2496,1.7498
4856,8.2591,2.4775,0.8258
4857,64.3879,19.3150,6.4381
4858,35.7708,10.7304,3.5767
4859,11.9448,3.5832,1.1944
4860,22.5177,6.7548,2.2515
4861,19.9409,5.9818,1.9939
4862,17.1064,5.1315,1.7105
4863,14.6091,4.3824,1.4608
4864,14.4688,4.3403,1.4467
4865,24.9067,7.4715,2.4904
4866,47.4493,14.2338,4.7444
4867,21.8101,6.5425,2.1808
4868,6.7945,2.0382,0.6794
4869,18.6269,5.5877,1.8625
4870,52.4983,15.7483,5.2493
4871,8.9364,2.6807,0.8935
4872,26.1743,7.8517,2.6171
4873,51.3646,15.4083,5.1359
4874,55.4685,16.6393,5.5463
4875,16.2830,4.8845,1.6281
4876,55.2257,16.5665,5.5220
4877,22.6102,6.7826,2.2608
4878,38.2563,11.4761,3.8252
4879,25.8809,7.7637,2.5878
4880,48.7364,14.6199,4.8731
4881,12.9343,3.8800,1.2933
4882,16.4707,4.9409,1.6469
4883,55.1298,16.5378,5.5124
4884,23.6763,7.1024,2.3674
4885,54.7933,16.4368,5.4787
4886,13.2013,3.9601,1.3200
4887,39.4100,11.8221,3.9406
4888,16.0247,4.8071,1.6023
4889,46.3500,13.9040,4.6345
4890,7.7360,2.3206,0.7735
4891,53.3543,16.0051,5.3349
4892,23.1684,6.9500,2.3166
4893,15.2193,4.5655,1.5218
4894,47.2377,14.1703,4.7233
4895,35.6126,10.6830,3.5609
4896,13.5151,4.0542,1.3514
4897,31.2168,9.3644,3.1213
4898,16.2255,4.8673,1.6224
4899,26.5185,7.9550,2.6516
4900,18.5348,5.5600,1.8533
4901,20.5953,6.1782,2.0593
4902,29.1790,8.7531,2.9176
4903,23.4811,7.0438,2.3479
4904,37.8539,11.3553,3.7850
4905,39.5717,11.8707,3.9567
4906,60.1456,18.0424,6.0139
4907,15.3919,4.6172,1.5390
4908,13.9958,4.1984,1.3994
4909,36.2345,10.8696,3.6231
4910,8.4664,2.5397,0.8466
4911,47.7932,14.3369,4.7788
4912,24.3989,7.3191,2.4396
4913,19.1043,5.7309,1.9102
4914,8.6621,2.5984,0.8661
4915,17.3870,5.2157,1.7385
4916,17.1391,5.1413,1.7137
4917,44.8849,13.4645,4.4880
4918,12.2268,3.6678,1.2225
4919,51.6320,15.4885,5.1626
4920,5.9802,1.7939,0.5980
4921,13.2804,3.9838,1.3279
4922,30.3646,9.1087,3.0361
4923,22.1402,6.6416,2.2138
4924,19.9133,5.9735,1.9911
4925,18.9783,5.6931,1.8976
4926,25.4840,7.6447,2.5481
4927,31.9805,9.5935,3.1977
4928,68.3894,20.5153,6.8382
4929,53.8956,16.1675,5.3890
4930,10.7194,3.2156,1.0718
4931,15.7605,4.7278,1.5759
4932,8.2205,2.4660,0.8220
4933,7.6837,2.3049,0.7683
4934,43.8104,13.1422,4.3806
4935,42.8598,12.8570,4.2855
4936,9.5365,2.8607,0.9535
4937,37.3549,11.2056,3.7351
4938,36.4799,10.9432,3.6476
4939,28.4522,8.5351,2.8449
4940,14.6002,4.3797,1.4599
4941,25.0211,7.5058,2.5018
4942,8.9732,2.6918,0.8972
4943,9.8881,2.9662,0.9887
4944,17.1647,5.1490,1.7163
4945,20.2728,6.0814,2.0271
4946,82.0948,24.6266,8.2086
4947,30.9790,9.2930,3.0976
4948,38.2112,11.4625,3.8207
4949,24.3369,7.3005,2.4334
4950,30.2464,9.0733,3.0243
4951,16.2016,4.8601,1.6200
4952,18.7152,5.6142,1.8713
4953,32.5919,9.7769,3.2588
4954,32.4342,9.7296,3.2431
4955,42.5515,12.7645,4.2547
4956,39.7969,11.9382,3.9793
4957,27.8062,8.3412,2.7803
4958,7.5549,2.2663,0.7554
4959,7.6168,2.2849,0.7616
4960,47.2627,14.1778,4.7258
4961,38.3140,11.4934,3.8310
4962,7.8419,2.3524,0.7841
4963,30.7236,9.2164,3.0720
4964,8.6580,2.5972,0.8657
4965,15.2664,4.5796,1.5265
4966,70.1908,21.0557,7.0183
4967,45.4264,13.6269,4.5422
4968,16.1336,4.8397,1.6132
4969,10.9339,3.2799,1.0933
4970,12.5077,3.7520,1.2506
4971,45.1861,13.5548,4.5181
4972,11.6900,3.5068,1.1689
4973,12.9337,3.8798,1.2932
4974,17.0248,5.1071,1.7023
4975,16.7053,5.0112,1.6704
4976,37.2487,11.1738,3.7245
4977,10.5319,3.1593,1.0531
4978,9.8133,2.9438,0.9812
4979,26.8626,8.0582,2.6860
4980,13.0890,3.9264,1.3088
4981,9.2143,2.7641,0.9213
4982,28.5517,8.5649,2.8549
4983,39.6296,11.8880,3.9625
4984,54.0338,16.2090,5.4028
4985,21.4931,6.4475,2.1491
4986,8.4791,2.5436,0.8478
4987,5.0441,1.5131,0.5044
4988,11.9073,3.5719,1.1906
4989,15.0425,4.5124,1.5041
4990,14.6299,4.3886,1.4628
4991,37.9216,11.3756,3.7917
4992,9.1325,2.7396,0.9132
4993,56.4352,16.9293,5.6429
4994,20.6790,6.2033,2.0677
4995,63.0208,18.9048,6.3014
4996,9.6485,2.8944,0.9648
4997,9.4319,2.8294,0.9431
4998,11.4535,3.4358,1.1452
4999,29.7884,8.9359,2.9785
5000,67.5479,20.2629,6.7541
5001,30.6599,9.1973,3.0657
5002,28.5700,8.5704,2.8567
5003,15.6339,4.6898,1.5632
5004,14.3806,4.3139,1.4379
5005,8.2318,2.4694,0.8231
5006,24.7586,7.4270,2.4756
5007,10.7031,3.2107,1.0702
5008,30.1378,9.0407,3.0135
5009,25.9837,7.7945,2.5981
5010,9.9465,2.9837,0.9945
5011,18.1972,5.4588,1.8195
5012,33.8941,10.1675,3.3890
5013,6.5155,1.9545,0.6515
5014,21.4775,6.4428,2.1475
5015,9.3247,2.7972,0.9324
5016,29.0561,8.7162,2.9053
5017,40.3053,12.0907,4.0301
5018,14.8733,4.4617,1.4872
5019,35.8378,10.7506,3.5834
5020,12.2637,3.6788,1.2262
5021,22.1343,6.6398,2.2132
5022,19.8174,5.9448,1.9815
5023,45.1641,13.5483,4.5159
5024,13.9197,4.1756,1.3918
5025,17.3629,5.2085,1.7361
5026,24.1029,7.2304,2.4100
5027,17.8728,5.3615,1.7871
5028,23.6779,7.1028,2.3675
5029,35.1692,10.5500,3.5165
5030,35.4836,10.6443,3.5480
5031,11.4550,3.4362,1.1454
5032,30.0883,9.0258,3.0085
5033,43.4023,13.0198,4.3398
5034,21.1740,6.3517,2.1172
5035,62.2455,18.6723,6.2239
5036,6.9979,2.0992,0.6997
5037,28.5301,8.5584,2.8527
5038,10.2005,3.0599,1.0199
5039,40.8273,12.2473,4.0823
5040,52.3730,15.7107,5.2367
5041,100.5713,30.1692,10.0560
5042,64.9930,19.4965,6.4986
5043,34.3488,10.3039,3.4345
5044,16.7770,5.0327,1.6775
5045,45.5249,13.6565,4.5520
5046,18.8750,5.6621,1.8873
5047,24.3014,7.2899,2.4299
5048,58.4357,17.5294,5.8429
5049,10.8189,3.2454,1.0818
5050,31.6788,9.5029,3.1675
5051,34.1264,10.2372,3.4123
5052,10.0918,3.0273,1.0091
5053,9.4045,2.8211,0.9403
5054,20.2883,6.0861,2.0286
5055,12.9372,3.8809,1.2936
5056,7.6242,2.2871,0.7623
5057,12.2998,3.6897,1.2298
5058,43.9573,13.1862,4.3953
5059,27.7293,8.3182,2.7726
5060,28.3176,8.4947,2.8315
5061,36.3646,10.9086,3.6361
5062,24.2874,7.2857,2.4285
5063,17.7566,5.3266,1.7755
5064,35.2455,10.5729,3.5242
5065,19.8750,5.9621,1.9873
5066,40.8258,12.2468,4.0821
5067,9.5166,2.8548,0.9516
5068,15.6738,4.7018,1.5672
5069,12.8715,3.8612,1.2870
5070,10.5158,3.1545,1.0515
5071,39.6798,11.9031,3.9675
5072,73.8417,22.1509,7.3834
5073,18.4082,5.5221,1.8406
5074,49.3746,14.8113,4.9369
5075,18.2791,5.4833,1.8277
5076,52.8775,15.8621,5.2872
5077,19.5506,5.8647,1.9548
5078,28.4800,8.5434,2.8477
5079,36.9065,11.0711,3.6903
5080,22.8101,6.8425,2.2808
5081,39.0761,11.7220,3.9072
5082,15.5397,4.6616,1.5538
5083,33.4524,10.0350,3.3449
5084,59.9080,17.9711,5.9902
5085,30.2807,9.0836,3.0277
5086,11.6959,3.5085,1.1695
5087,43.3002,12.9891,4.3295
5088,27.1234,8.1364,2.7120
5089,40.4064,12.1210,4.0402
5090,17.5697,5.2705,1.7568
5091,48.4689,14.5396,4.8464
5092,23.1674,6.9497,2.3165
5093,7.9763,2.3927,0.7975
5094,15.7236,4.7167,1.5722
5095,49.5358,14.8597,4.9531
5096,26.4977,7.9487,2.6495
5097,36.4752,10.9418,3.6471
5098,6.5705,1.9710,0.6570
5099,40.2724,12.0808,4.0268
5100,33.9563,10.1862,3.3953
5101,29.4888,8.8460,2.9486
5102,66.6924,20.0063,6.6685
5103,28.1715,8.4508,2.8168
5104,17.5273,5.2578,1.7525
5105,31.0150,9.3038,3.1012
5106,17.0959,5.1284,1.7094
5107,9.0387,2.7114,0.9038
5108,36.2965,10.8881,3.6293
5109,70.0412,21.0108,7.0034
5110,64.9957,19.4973,6.4989
5111,20.2193,6.0653,2.0217
5112,5.1731,1.5518,0.5172
5113,17.3397,5.2015,1.7338
5114,58.7642,17.6280,5.8758
5115,34.7070,10.4113,3.4703
5116,55.3404,16.6009,5.5334
5117,33.6702,10.1003,3.3667
5118,13.5240,4.0569,1.3523
5119,24.1401,7.2415,2.4137
5120,13.7283,4.1182,1.3727
5121,31.6694,9.5001,3.1666
5122,41.2716,12.3806,4.1267
5123,13.4457,4.0334,1.3444
5124,16.6134,4.9837,1.6612
5125,19.8529,5.9554,1.9851
5126,41.8625,12.5578,4.1858
5127,70.0491,21.0132,7.0042
5128,13.5665,4.0697,1.3565
5129,21.2146,6.3639,2.1212
5130,41.7924,12.5368,4.1788
5131,51.7348,15.5193,5.1729
5132,39.8760,11.9619,3.9872
5133,18.2071,5.4617,1.8205
5134,23.8188,7.1451,2.3816
5135,13.8851,4.1652,1.3884
5136,24.5216,7.3559,2.4519
5137,23.1671,6.9496,2.3165
5138,22.2687,6.6801,2.2266
5139,6.9961,2.0987,0.6995
5140,36.7547,11.0256,3.6751
5141,15.7453,4.7233,1.5744
5142,23.4842,7.0448,2.3482
5143,46.4073,13.9212,4.6402
5144,20.9492,6.2843,2.0947
5145,18.0607,5.4178,1.8059
5146,36.5849,10.9747,3.6581
5147,11.5859,3.4755,1.1585
5148,23.0093,6.9023,2.3007
5149,34.5530,10.3651,3.4549
5150,63.1738,18.9508,6.3167
5151,33.8364,10.1502,3.3833
5152,47.6392,14.2907,4.7634
5153,21.8833,6.5645,2.1881
5154,24.9647,7.4889,2.4962
5155,10.2939,3.0880,1.0293
5156,5.7982,1.7393,0.5798
5157,12.7326,3.8195,1.2731
5158,24.1180,7.2349,2.4115
5159,6.5944,1.9782,0.6594
5160,41.7779,12.5325,4.1773
5161,27.8117,8.3429,2.7809
5162,66.4635,19.9376,6.6456
5163,14.5475,4.3639,1.4546
5164,61.3243,18.3959,6.1318
5165,16.1055,4.8313,1.6104
5166,12.9882,3.8962,1.2987
5167,57.6197,17.2846,5.7613
5168,19.1452,5.7432,1.9143
5169,14.6527,4.3955,1.4651
5170,38.1829,11.4540,3.8179
5171,27.4887,8.2460,2.7486
5172,11.8029,3.5406,1.1802
5173,21.3914,6.4169,2.1389
5174,49.0188,14.7046,4.9014
5175,77.2429,23.1712,7.7235
5176,44.2231,13.2660,4.4218
5177,22.0444,6.6128,2.2042
5178,12.3125,3.6935,1.2311
5179,30.7028,9.2102,3.0700
5180,14.0154,4.2043,1.4014
5181,16.4867,4.9457,1.6485
5182,20.2717,6.0811,2.0270
5183,6.9891,2.0966,0.6988
5184,16.8681,5.0601,1.6866
5185,16.7349,5.0201,1.6733
5186,15.1096,4.5326,1.5108
5187,13.4277,4.0280,1.3426
5188,10.4338,3.1299,1.0433
5189,37.8237,11.3463,3.7820
5190,36.0952,10.8278,3.6091
5191,12.4514,3.7352,1.2450
5192,38.2457,11.4729,3.8242
5193,18.9884,5.6961,1.8986
5194,22.1900,6.6565,2.2188
5195,25.8446,7.7528,2.5842
5196,4.1743,1.2522,0.4174
5197,11.5614,3.4682,1.1560
5198,62.0746,18.6210,6.2068
5199,8.1096,2.4327,0.8109
5200,30.3410,9.1016,3.0338
5201,22.8544,6.8558,2.2852
5202,11.8840,3.5649,1.1883
5203,33.8749,10.1617,3.3871
5204,48.2824,14.4837,4.8277
5205,24.9639,7.4886,2.4961
5206,12.1136,3.6338,1.2112
5207,20.4852,6.1451,2.0483
5208,37.8085,11.3417,3.7804
5209,11.1335,3.3398,1.1132
5210,13.8635,4.1587,1.3862
5211,26.5999,7.9794,2.6597
5212,30.3566,9.1063,3.0353
5213,34.5082,10.3517,3.4505
5214,12.8609,3.8580,1.2859
5215,61.1004,18.3288,6.1094
5216,14.5319,4.3592,1.4530
5217,28.2505,8.4745,2.8248
5218,16.4422,4.9323,1.6440
5219,72.9224,21.8751,7.2915
5220,32.1769,9.6524,3.2173
5221,10.2488,3.0744,1.0248
5222,6.3690,1.9106,0.6368
5223,11.7987,3.5394,1.1797
5224,27.6353,8.2900,2.7632
5225,40.6402,12.1912,4.0636
5226,21.2588,6.3772,2.1257
5227,15.9185,4.7752,1.5917
5228,12.3194,3.6956,1.2318
5229,35.2190,10.5649,3.5215
5230,34.3179,10.2946,3.4314
5231,67.1392,20.1403,6.7132
5232,27.6708,8.3006,2.7668
5233,43.5506,13.0642,4.3546
5234,27.8166,8.3444,2.7814
5235,10.0668,3.0198,1.0066
5236,37.9252,11.3767,3.7921
5237,15.2159,4.5644,1.5214
5238,7.9328,2.3797,0.7932
5239,22.3451,6.7031,2.2343
5240,35.7306,10.7184,3.5727
5241,10.4834,3.1448,1.0482
5242,10.8291,3.2485,1.0828
5243,7.1358,2.1406,0.7135
5244,39.7113,11.9125,3.9707
5245,32.1483,9.6438,3.2145
5246,31.2430,9.3722,3.1240
5247,7.2234,2.1669,0.7223
5248,14.8473,4.4539,1.4846
5249,55.7250,16.7163,5.5719
5250,74.4159,22.3232,7.4408
5251,42.1857,12.6548,4.2181
5252,20.1672,6.0497,2.0165
5253,56.3548,16.9052,5.6349
5254,22.6571,6.7966,2.2655
5255,19.4093,5.8224,1.9407
5256,19.6904,5.9067,1.9688
5257,35.9960,10.7980,3.5992
5258,20.5802,6.1736,2.0578
5259,49.2208,14.7652,4.9216
5260,9.4563,2.8367,0.9455
5261,23.0090,6.9022,2.3007
5262,51.8609,15.5571,5.1855
5263,38.9010,11.6695,3.8897
5264,10.9712,3.2911,1.0970
5265,13.2826,3.9845,1.3281
5266,34.9504,10.4844,3.4947
5267,27.4578,8.2367,2.7455
5268,36.5011,10.9495,3.6497
5269,45.1565,13.5460,4.5152
5270,55.5294,16.6576,5.5523
5271,26.2512,7.8748,2.6248
5272,62.5916,18.7761,6.2585
5273,44.4262,13.3269,4.4421
5274,39.7489,11.9238,3.9745
5275,58.0672,17.4189,5.8061
5276,49.9722,14.9906,4.9967
5277,17.1136,5.1337,1.7112
5278,41.8332,12.5491,4.1829
5279,43.9641,13.1883,4.3959
5280,25.3522,7.6051,2.5350
5281,16.2398,4.8716,1.6238
5282,10.3094,3.0926,1.0308
5283,13.6628,4.0985,1.3661
5284,5.3163,1.5948,0.5316
5285,51.1359,15.3396,5.1130
5286,33.2385,9.9708,3.3235
5287,11.0086,3.3023,1.1007
5288,37.4874,11.2454,3.7483
5289,46.7580,14.0264,4.6753
5290,11.0890,3.3264,1.1088
5291,13.8506,4.1549,1.3849
5292,30.3546,9.1057,3.0351
5293,16.5464,4.9636,1.6545
5294,6.5909,1.9771,0.6590
5295,19.4804,5.8437,1.9478
5296,9.9168,2.9748,0.9916
5297,21.0266,6.3075,2.1024
5298,53.4316,16.0283,5.3426
5299,14.0029,4.2006,1.4001
5300,12.3525,3.7055,1.2351
5301,7.4076,2.2221,0.7407
5302,55.3433,16.6018,5.5337
5303,45.5980,13.6784,4.5593
5304,55.1975,16.5581,5.5192
5305,10.2468,3.0738,1.0246
5306,33.0734,9.9213,3.3070
5307,19.4232,5.8265,1.9421
5308,14.2445,4.2730,1.4243
5309,29.0678,8.7197,2.9065
5310,10.6812,3.2041,1.0680
5311,7.7818,2.3344,0.7781
5312,115.2880,34.5839,11.5276
5313,33.7003,10.1094,3.3697
5314,39.2320,11.7687,3.9228
5315,34.1235,10.2363,3.4120
5316,48.9817,14.6934,4.8976
5317,23.5101,7.0525,2.3508
5318,12.4432,3.7327,1.2442
5319,56.6522,16.9944,5.6646
5320,28.3060,8.4912,2.8303
5321,9.1820,2.7544,0.9181
5322,24.7629,7.4283,2.4760
5323,35.0235,10.5063,3.5020
5324,5.2592,1.5777,0.5259
5325,61.4639,18.4378,6.1457
5326,33.9561,10.1861,3.3952
5327,42.2654,12.6787,4.2261
5328,83.3528,25.0040,8.3344
5329,37.2595,11.1770,3.7255
5330,42.9006,12.8692,4.2896
5331,11.0843,3.3251,1.1083
5332,24.4858,7.3452,2.4483
5333,12.2069,3.6618,1.2206
5334,36.1190,10.8349,3.6115
5335,21.9726,6.5913,2.1970
5336,16.8048,5.0411,1.6803
5337,41.1684,12.3496,4.1164
5338,22.8533,6.8555,2.2851
5339,42.5164,12.7540,4.2512
5340,39.0429,11.7120,3.9039
5341,55.9485,16.7833,5.5942
5342,40.9171,12.2743,4.0913
5343,21.9283,6.5780,2.1926
5344,56.5442,16.9620,5.6538
5345,34.4220,10.3258,3.4418
5346,42.7137,12.8132,4.2709
5347,39.2511,11.7745,3.9247
5348,26.8862,8.0653,2.6883
5349,27.2553,8.1760,2.7252
5350,59.7120,17.9123,5.9706
5351,54.6674,16.3990,5.4662
5352,18.0702,5.4207,1.8068
5353,48.0475,14.4132,4.8042
5354,19.2190,5.7653,1.9217
5355,14.7283,4.4182,1.4727
5356,14.0340,4.2099,1.4033
5357,15.8022,4.7403,1.5800
5358,25.5018,7.6500,2.5499
5359,38.4800,11.5432,3.8476
5360,26.9479,8.0838,2.6945
5361,12.4504,3.7348,1.2449
5362,40.4869,12.1452,4.0483
5363,12.2202,3.6658,1.2219
5364,37.8792,11.3629,3.7875
5365,67.4871,20.2447,6.7480
5366,9.1866,2.7558,0.9186
5367,43.1099,12.9320,4.3105
5368,21.7657,6.5292,2.1763
5369,39.8673,11.9593,3.9863
5370,17.5896,5.2765,1.7588
5371,15.6941,4.7079,1.5692
5372,32.7805,9.8334,3.2777
5373,77.8893,23.3651,7.7881
5374,23.0418,6.9120,2.3039
5375,27.9406,8.3816,2.7938
5376,67.0845,20.1239,6.7077
5377,33.8762,10.1621,3.3873
5378,71.3451,21.4020,7.1337
5379,58.4662,17.5386,5.8460
5380,48.3141,14.4932,4.8309
5381,5.0184,1.5054,0.5018
5382,44.7362,13.4199,4.4731
5383,40.2067,12.0611,4.0202
5384,12.1371,3.6409,1.2136
5385,15.0275,4.5079,1.5026
5386,45.3944,13.6173,4.5390
5387,9.0928,2.7276,0.9092
5388,41.2915,12.3865,4.1287
5389,11.4415,3.4322,1.1440
5390,64.2149,19.2631,6.4208
5391,51.0380,15.3103,5.1033
5392,12.4391,3.7315,1.2438
5393,10.7462,3.2236,1.0745
5394,56.3975,16.9180,5.6391
5395,16.7937,5.0377,1.6792
5396,10.5775,3.1730,1.0576
5397,61.6268,18.4867,6.1620
5398,6.6925,2.0076,0.6692
5399,5.7423,1.7226,0.5742
5400,16.2890,4.8864,1.6287
5401,16.9525,5.0854,1.6951
5402,18.0164,5.4045,1.8014
5403,35.6460,10.6930,3.5642
5404,17.8338,5.3498,1.7832
5405,55.0724,16.5205,5.5066
5406,19.8386,5.9511,1.9836
5407,20.6735,6.2016,2.0671
5408,53.2827,15.9837,5.3277
5409,19.6820,5.9042,1.9680
5410,16.8609,5.0579,1.6859
5411,43.7378,13.1204,4.3733
5412,48.7631,14.6279,4.8758
5413,16.5353,4.9602,1.6534
5414,33.4567,10.0363,3.3453
5415,53.1168,15.9339,5.3111
5416,36.9018,11.0697,3.6898
5417,54.7763,16.4317,5.4770
5418,33.9395,10.1811,3.3936
5419,19.1827,5.7544,1.9181
5420,13.2766,3.9827,1.3275
5421,9.6773,2.9030,0.9676
5422,28.5169,8.5545,2.8514
5423,27.9919,8.3970,2.7989
5424,30.2905,9.0865,3.0287
5425,34.1038,10.2304,3.4100
5426,15.5738,4.6718,1.5572
5427,30.8713,9.2607,3.0868
5428,15.8433,4.7527,1.5842
5429,8.7989,2.6395,0.8798
5430,9.5595,2.8677,0.9559
5431,53.4550,16.0353,5.3449
5432,27.5994,8.2792,2.7596
5433,37.5451,11.2627,3.7541
5434,62.1895,18.6555,6.2183
5435,6.5239,1.9570,0.6523
5436,29.9775,8.9926,2.9974
5437,23.8296,7.1484,2.3827
5438,37.0821,11.1238,3.7078
5439,53.5812,16.0732,5.3575
5440,52.0683,15.6194,5.2063
5441,46.0236,13.8061,4.6019
5442,7.4201,2.2259,0.7419
5443,18.2062,5.4615,1.8204
5444,51.1690,15.3496,5.1164
5445,46.0619,13.8176,4.6057
5446,15.0483,4.5142,1.5047
5447,49.4321,14.8285,4.9427
5448,28.8728,8.6612,2.8870
5449,50.8078,15.2412,5.0802
5450,34.1105,10.2324,3.4107
5451,23.4321,7.0291,2.3430
5452,14.7145,4.4140,1.4713
5453,13.5476,4.0640,1.3546
5454,44.3764,13.3119,4.4372
5455,30.5585,9.1669,3.0555
5456,46.2455,13.8727,4.6241
5457,31.3322,9.3990,3.1329
5458,52.3615,15.7073,5.2356
5459,12.3295,3.6986,1.2328
5460,8.4570,2.5369,0.8456
5461,20.5917,6.1771,2.0590
5462,17.7533,5.3256,1.7751
5463,57.2772,17.1819,5.7271
5464,30.5177,9.1546,3.0514
5465,41.6823,12.5038,4.1678
5466,14.5743,4.3720,1.4573
5467,22.4284,6.7280,2.2426
5468,41.3259,12.3969,4.1321
5469,66.1453,19.8421,6.6138
5470,38.3479,11.5035,3.8344
5471,23.6196,7.0854,2.3617
5472,8.7903,2.6369,0.8789
5473,34.1572,10.2464,3.4153
5474,14.4592,4.3375,1.4458
5475,36.0121,10.8029,3.6008
5476,32.3489,9.7040,3.2345
5477,10.6480,3.1942,1.0647
5478,17.2634,5.1787,1.7262
5479,53.6224,16.0856,5.3617
5480,12.7778,3.8331,1.2776
5481,10.6542,3.1960,1.0653
5482,30.0331,9.0093,3.0030
5483,9.6981,2.9092,0.9697
5484,43.4770,13.0422,4.3472
5485,39.6978,11.9085,3.9694
5486,76.4563,22.9352,7.6448
5487,14.9077,4.4720,1.4906
5488,12.2839,3.6849,1.2283
5489,54.9808,16.4930,5.4975
5490,41.4990,12.4488,4.1495
5491,16.3911,4.9170,1.6389
5492,46.1207,13.8352,4.6116
5493,37.8914,11.3666,3.7887
5494,12.1827,3.6546,1.2181
5495,87.3489,26.2028,8.7340
5496,17.4175,5.2249,1.7416
5497,39.7609,11.9274,3.9757
5498,6.3075,1.8921,0.6307
5499,22.3959,6.7183,2.2393
5500,5.0653,1.5195,0.5065
5501,37.0846,11.1246,3.7081
5502,14.9144,4.4740,1.4913
5503,35.1319,10.5388,3.5128
5504,70.0714,21.0199,7.0064
5505,11.3286,3.3983,1.1327
5506,14.5513,4.3651,1.4550
5507,11.1174,3.3350,1.1116
5508,42.0402,12.6111,4.2036
5509,14.8395,4.4515,1.4838
5510,45.4773,13.6422,4.5472
5511,17.0375,5.1109,1.7036
5512,11.0775,3.3230,1.1076
5513,14.6768,4.4027,1.4675
5514,35.1344,10.5395,3.5131
5515,21.5169,6.4546,2.1515
5516,40.0958,12.0279,4.0091
5517,24.5599,7.3674,2.4557
5518,45.4185,13.6246,4.5414
5519,46.6379,13.9904,4.6633
5520,36.3685,10.9098,3.6365
5521,13.9679,4.1901,1.3966
5522,9.5860,2.8756,0.9585
5523,7.7960,2.3386,0.7795
5524,22.7828,6.8343,2.2780
5525,15.7668,4.7297,1.5765
5526,38.4395,11.5310,3.8435
5527,52.8956,15.8675,5.2890
5528,20.2155,6.0642,2.0213
5529,26.9196,8.0753,2.6917
5530,34.5901,10.3763,3.4586
5531,6.5057,1.9516,0.6505
5532,42.0483,12.6136,4.2044
5533,34.5033,10.3502,3.4500
5534,23.7970,7.1386,2.3794
5535,19.8527,5.9554,1.9851
5536,10.9017,3.2703,1.0900
5537,7.4160,2.2246,0.7415
5538,13.2300,3.9687,1.3229
5539,4.5288,1.3586,0.4528
5540,54.2930,16.2867,5.4287
5541,71.5922,21.4761,7.1585
5542,31.3880,9.4157,3.1385
5543,10.5942,3.1780,1.0593
5544,64.7869,19.4346,6.4780
5545,9.8616,2.9583,0.9861
5546,37.2137,11.1633,3.7210
5547,14.1898,4.2566,1.4188
5548,49.3791,14.8127,4.9374
5549,16.6655,4.9993,1.6664
5550,45.8385,13.7506,4.5834
5551,41.9136,12.5732,4.1909
5552,22.0189,6.6052,2.2017
5553,26.9011,8.0697,2.6898
5554,37.4237,11.2263,3.7420
5555,28.4357,8.5301,2.8433
5556,14.8392,4.4514,1.4838
5557,31.7466,9.5233,3.1743
5558,36.8345,11.0495,3.6831
5559,22.1871,6.6556,2.2185
5560,37.3795,11.2130,3.7375
5561,21.5243,6.4568,2.1522
5562,22.8078,6.8418,2.2805
5563,11.4867,3.4458,1.1486
5564,12.5475,3.7640,1.2546
5565,20.3839,6.1147,2.0382
5566,59.2440,17.7719,5.9238
5567,29.8693,8.9602,2.9866
5568,29.5329,8.8592,2.9530
5569,61.3022,18.3893,6.1296
5570,19.2036,5.7607,1.9202
5571,17.9134,5.3736,1.7911
5572,37.5744,11.2715,3.7570
5573,20.3802,6.1136,2.0378
5574,18.9151,5.6741,1.8913
5575,39.6447,11.8925,3.9640
5576,38.4163,11.5241,3.8412
5577,10.5140,3.1540,1.0513
5578,32.3544,9.7056,3.2351
5579,53.8361,16.1496,5.3830
5580,60.9967,18.2977,6.0990
5581,14.3914,4.3171,1.4390
5582,18.7498,5.6245,1.8748
5583,26.5337,7.9595,2.6531
5584,33.2215,9.9657,3.3218
5585,38.1299,11.4381,3.8126
5586,59.7929,17.9366,5.9786
5587,9.9532,2.9857,0.9952
5588,15.7089,4.7123,1.5707
5589,12.7218,3.8163,1.2720
5590,16.5945,4.9780,1.6593
5591,47.5536,14.2650,4.7549
5592,50.7747,15.2313,5.0769
5593,36.8785,11.0627,3.6875
5594,13.7527,4.1255,1.3751
5595,27.7235,8.3164,2.7721
5596,38.0439,11.4123,3.8040
5597,13.6560,4.0965,1.3655
5598,22.5406,6.7617,2.2538
5599,12.6794,3.8035,1.2678
5600,37.0385,11.1108,3.7035
5601,10.5904,3.1769,1.0589
5602,18.7496,5.6245,1.8748
5603,36.3362,10.9001,3.6332
5604,26.8025,8.0402,2.6800
5605,13.5595,4.0675,1.3558
5606,43.8217,13.1456,4.3817
5607,36.5290,10.9579,3.6525
5608,44.2301,13.2681,4.4225
5609,25.2214,7.5659,2.5219
5610,30.9698,9.2903,3.0966
5611,53.3192,15.9946,5.3313
5612,24.7241,7.4167,2.4721
5613,24.2371,7.2706,2.4234
5614,37.7468,11.3232,3.7743
5615,22.4202,6.7256,2.2418
5616,11.6072,3.4819,1.1606
5617,44.7561,13.4258,4.4751
5618,11.4379,3.4311,1.1437
5619,106.6319,31.9873,10.6620
5620,11.4913,3.4471,1.1490
5621,18.8756,5.6623,1.8874
5622,40.7577,12.2264,4.0753
5623,11.0492,3.3145,1.1048
5624,50.1138,15.0330,5.0108
5625,20.9492,6.2843,2.0947
5626,41.0644,12.3184,4.1060
5627,16.8169,5.0447,1.6815
5628,37.8722,11.3608,3.7868
5629,26.4486,7.9340,2.6446
5630,51.9271,15.5770,5.1922
5631,40.1932,12.0571,4.0189
5632,48.6513,14.5943,4.8646
5633,36.8732,11.0611,3.6869
5634,12.4805,3.7439,1.2479
5635,21.8361,6.5503,2.1834
5636,20.6781,6.2030,2.0676
5637,31.2433,9.3723,3.1240
5638,19.0379,5.7110,1.9036
5639,6.2705,1.8810,0.6270
5640,19.0030,5.7005,1.9001
5641,49.1399,14.7409,4.9135
5642,31.1597,9.3472,3.1156
5643,22.3874,6.7157,2.2385
5644,24.9203,7.4755,2.4918
5645,20.0931,6.0275,2.0091
5646,16.3236,4.8967,1.6322
5647,8.3388,2.5015,0.8338
5648,5.6530,1.6958,0.5652
5649,9.0693,2.7206,0.9068
5650,6.8945,2.0682,0.6894
5651,25.6806,7.7036,2.5678
5652,15.0143,4.5040,1.5013
5653,57.7484,17.3233,5.7742
5654,26.7051,8.0109,2.6702
5655,49.5313,14.8583,4.9526
5656,18.3224,5.4963,1.8320
5657,10.6857,3.2055,1.0685
5658,45.0068,13.5010,4.5002
5659,16.1714,4.8511,1.6170
5660,18.7049,5.6111,1.8703
5661,58.5866,17.5747,5.8580
5662,8.9653,2.6894,0.8964
5663,26.6529,7.9953,2.6650
5664,50.5973,15.1781,5.0592
5665,29.7452,8.9229,2.9742
5666,32.5876,9.7756,3.2584
5667,16.6453,4.9932,1.6643
5668,16.1381,4.8411,1.6136
5669,13.4376,4.0310,1.3436
5670,22.0176,6.6048,2.2015
5671,18.5898,5.5765,1.8588
5672,9.4678,2.8401,0.9467
5673,22.2475,6.6738,2.2245
5674,44.7830,13.4339,4.4778
5675,35.7141,10.7135,3.5710
5676,36.2472,10.8734,3.6243
5677,44.0347,13.2094,4.4030
5678,29.6943,8.9076,2.9691
5679,18.1284,5.4381,1.8126
5680,29.2425,8.7721,2.9239
5681,12.3492,3.7045,1.2348
5682,55.8215,16.7452,5.5815
5683,25.0178,7.5048,2.5015
5684,52.4305,15.7280,5.2425
5685,14.7536,4.4257,1.4752
5686,11.4928,3.4476,1.1492
5687,43.6219,13.0856,4.3617
5688,21.3831,6.4145,2.1381
5689,40.0631,12.0180,4.0059
5690,42.9383,12.8806,4.2934
5691,54.8896,16.4657,5.4884
5692,11.2235,3.3668,1.1222
5693,45.1889,13.5557,4.5184
5694,44.2729,13.2809,4.4268
5695,12.2730,3.6816,1.2272
5696,16.7218,5.0162,1.6720
5697,21.2082,6.3620,2.1206
5698,23.2000,6.9595,2.3198
5699,32.2505,9.6744,3.2247
5700,28.7405,8.6215,2.8737
5701,50.0675,15.0192,5.0062
5702,42.6374,12.7903,4.2633
5703,27.5003,8.2495,2.7497
5704,53.8567,16.1558,5.3851
5705,20.0466,6.0135,2.0044
5706,42.1979,12.6584,4.2193
5707,28.4542,8.5356,2.8451
5708,30.7422,9.2220,3.0739
5709,12.1007,3.6299,1.2099
5710,39.1700,11.7502,3.9166
5711,4.8766,1.4629,0.4876
5712,39.2910,11.7864,3.9287
5713,28.0564,8.4163,2.8053
5714,11.1224,3.3365,1.1121
5715,25.6628,7.6983,2.5660
5716,34.9282,10.4777,3.4924
5717,17.0238,5.1068,1.7022
5718,16.8847,5.0650,1.6883
5719,33.5232,10.0562,3.3520
5720,10.4010,3.1201,1.0400
5721,45.5291,13.6577,4.5524
5722,13.0763,3.9226,1.3075
5723,49.6494,14.8937,4.9644
5724,41.7165,12.5140,4.1712
5725,36.7334,11.0192,3.6729
5726,57.9873,17.3949,5.7981
5727,23.7036,7.1106,2.3701
5728,49.5717,14.8704,4.9566
5729,37.5844,11.2745,3.7580
5730,12.8196,3.8456,1.2818
5731,15.3991,4.6194,1.5397
5732,7.9139,2.3740,0.7913
5733,49.9148,14.9733,4.9909
5734,19.7962,5.9384,1.9794
5735,50.6352,15.1895,5.0630
5736,44.8293,13.4478,4.4824
5737,6.2362,1.8707,0.6235
5738,42.5039,12.7502,4.2499
5739,25.6781,7.7029,2.5675
5740,16.4816,4.9441,1.6480
5741,26.5411,7.9617,2.6538
5742,12.3330,3.6996,1.2332
5743,39.9654,11.9887,3.9961
5744,21.8583,6.5570,2.1856
5745,11.7173,3.5149,1.1716
5746,47.1514,14.1444,4.7146
5747,48.6442,14.5922,4.8639
5748,7.7679,2.3302,0.7767
5749,12.4853,3.7453,1.2484
5750,19.0698,5.7205,1.9068
5751,57.4715,17.2402,5.7465
5752,12.2290,3.6684,1.2228
5753,36.9760,11.0920,3.6972
5754,87.2910,26.1854,8.7282
5755,38.6497,11.5941,3.8646
5756,27.1997,8.1593,2.7197
5757,32.6755,9.8019,3.2672
5758,68.5287,20.5571,6.8521
5759,20.7086,6.2121,2.0706
5760,25.0561,7.5163,2.5053
5761,65.1862,19.5544,6.5179
5762,61.0074,18.3009,6.1001
5763,14.1304,4.2388,1.4129
5764,37.5399,11.2611,3.7536
5765,48.9380,14.6803,4.8933
5766,54.8423,16.4515,5.4836
5767,36.2321,10.8688,3.6228
5768,31.3479,9.4037,3.1344
5769,45.6128,13.6828,4.5608
5770,21.3224,6.3963,2.1320
5771,26.8996,8.0693,2.6897
5772,43.5066,13.0510,4.3502
5773,18.0021,5.4002,1.8000
5774,35.3247,10.5966,3.5321
5775,9.4412,2.8321,0.9440
5776,55.2408,16.5710,5.5235
5777,20.2804,6.0837,2.0278
5778,34.5762,10.3721,3.4573
5779,21.0046,6.3009,2.1002
5780,50.3112,15.0923,5.0306
5781,42.9931,12.8970,4.2988
5782,9.3907,2.8170,0.9390
5783,10.9817,3.2943,1.0981
5784,20.0405,6.0117,2.0038
5785,26.1664,7.8494,2.6164
5786,22.0813,6.6239,2.2079
5787,26.5858,7.9751,2.6583
5788,37.2153,11.1638,3.7211
5789,13.0849,3.9252,1.3083
5790,25.8062,7.7413,2.5803
5791,14.2561,4.2765,1.4255
5792,33.0189,9.9050,3.3015
5793,5.9944,1.7982,0.5994
5794,46.2278,13.8673,4.6223
5795,43.5455,13.0627,4.3541
5796,7.4485,2.2344,0.7448
5797,28.7179,8.6147,2.8715
5798,50.7645,15.2282,5.0759
5799,44.1238,13.2362,4.4119
5800,16.1276,4.8379,1.6126
5801,37.7250,11.3167,3.7721
5802,48.2810,14.4832,4.8276
5803,8.7828,2.6346,0.8782
5804,43.0630,12.9179,4.3058
5805,44.0993,13.2288,4.4095
5806,37.9449,11.3827,3.7941
5807,6.5924,1.9776,0.6592
5808,35.7850,10.7347,3.5781
5809,28.1904,8.4565,2.8187
5810,18.0230,5.4065,1.8021
5811,28.7966,8.6383,2.8793
5812,31.5796,9.4732,3.1576
5813,9.7233,2.9168,0.9722
5814,53.7245,16.1162,5.3719
5815,16.7355,5.0203,1.6734
5816,45.7755,13.7317,4.5771
5817,9.3748,2.8122,0.9374
5818,39.0305,11.7083,3.9026
5819,50.5040,15.1501,5.0499
5820,55.5367,16.6598,5.5531
5821,16.7386,5.0212,1.6737
5822,9.7513,2.9252,0.9750
5823,38.7540,11.6254,3.8750
5824,60.5886,18.1752,6.0582
5825,56.7110,17.0121,5.6705
5826,41.5142,12.4533,4.1510
5827,13.0116,3.9032,1.3010
5828,14.3498,4.3046,1.4348
5829,33.7225,10.1160,3.3719
5830,32.6268,9.7873,3.2623
5831,53.6644,16.0981,5.3659
5832,10.5458,3.1635,1.0545
5833,62.5516,18.7641,6.2545
5834,38.9184,11.6747,3.8914
5835,14.6762,4.4025,1.4675
5836,14.5209,4.3560,1.4519
5837,20.0493,6.0143,2.0047
5838,39.0328,11.7090,3.9029
5839,16.4708,4.9409,1.6469
5840,17.2748,5.1821,1.7273
5841,11.9757,3.5924,1.1974
5842,61.5124,18.4524,6.1506
5843,18.6062,5.5815,1.8604
5844,10.2778,3.0831,1.0277
5845,46.8678,14.0593,4.6863
5846,15.7128,4.7135,1.5711
5847,22.8228,6.8463,2.2820
5848,32.5639,9.7684,3.2560
5849,12.8536,3.8558,1.2852
5850,45.4621,13.6376,4.5457
5851,18.2954,5.4882,1.8293
5852,15.2522,4.5753,1.5251
5853,17.0290,5.1083,1.7027
5854,65.3228,19.5954,6.5316
5855,67.1450,20.1420,6.7138
5856,31.7869,9.5354,3.1783
5857,36.6861,11.0050,3.6682
5858,22.5242,6.7568,2.2522
5859,13.1356,3.9404,1.3134
5860,33.8557,10.1560,3.3852
5861,34.9566,10.4862,3.4953
5862,40.7487,12.2237,4.0744
5863,58.1661,17.4486,5.8160
5864,12.0933,3.6277,1.2092
5865,40.5079,12.1515,4.0504
5866,20.3640,6.1088,2.0362
5867,10.5978,3.1791,1.0597
5868,5.9710,1.7912,0.5970
5869,14.1470,4.2438,1.4145
5870,17.0507,5.1148,1.7049
5871,35.7272,10.7174,3.5723
5872,11.1047,3.3312,1.1104
5873,35.0983,10.5287,3.5095
5874,14.3983,4.3192,1.4397
5875,28.0296,8.4083,2.8027
5876,7.7475,2.3241,0.7747
5877,57.2056,17.1604,5.7199
5878,28.7941,8.6376,2.8791
5879,13.1653,3.9493,1.3164
5880,52.4041,15.7201,5.2398
5881,9.1446,2.7432,0.9144
5882,12.8247,3.8471,1.2823
5883,60.3779,18.1121,6.0371
5884,17.4227,5.2264,1.7421
5885,16.4084,4.9221,1.6407
5886,7.1934,2.1579,0.7193
5887,68.2779,20.4819,6.8271
5888,29.3926,8.8171,2.9389
5889,39.9085,11.9717,3.9904
5890,16.8834,5.0647,1.6882
5891,40.4210,12.1254,4.0417
5892,20.5628,6.1684,2.0561
5893,50.5085,15.1514,5.0503
5894,41.9593,12.5869,4.1955
5895,13.8911,4.1670,1.3890
5896,24.1260,7.2373,2.4123
5897,8.2183,2.4653,0.8217
5898,14.4166,4.3247,1.4415
5899,15.4925,4.6474,1.5491
5900,8.5434,2.5628,0.8542
5901,34.9817,10.4937,3.4978
5902,20.1691,6.0503,2.0167
5903,20.8608,6.2578,2.0859
5904,29.6639,8.8985,2.9661
5905,67.4627,20.2373,6.7455
5906,18.6676,5.5999,1.8666
5907,9.0468,2.7138,0.9046
5908,22.4405,6.7317,2.2438
5909,39.4212,11.8255,3.9417
5910,45.7494,13.7238,4.5744
5911,34.7790,10.4329,3.4775
5912,11.6604,3.4979,1.1659
5913,53.1946,15.9572,5.3189
5914,47.1965,14.1579,4.7191
5915,28.1832,8.4543,2.8180
5916,23.9378,7.1808,2.3935
5917,37.0075,11.1014,3.7003
5918,15.1967,4.5587,1.5195
5919,6.8542,2.0561,0.6853
5920,55.0756,16.5215,5.5070
5921,13.5157,4.0544,1.3514
5922,19.1369,5.7407,1.9135
5923,7.2265,2.1678,0.7226
5924,9.1742,2.7521,0.9173
5925,15.5185,4.6552,1.5517
5926,11.8221,3.5464,1.1821
5927,33.1762,9.9521,3.3173
5928,15.6350,4.6902,1.5633
5929,28.1325,8.4391,2.8129
5930,9.0852,2.7254,0.9084
5931,44.0560,13.2159,4.4051
5932,26.4459,7.9332,2.6443
5933,35.9022,10.7699,3.5898
5934,22.9450,6.8830,2.2943
5935,56.6709,17.0000,5.6665
5936,40.6606,12.1973,4.0656
5937,32.0262,9.6072,3.2023
5938,6.3969,1.9189,0.6396
5939,71.1618,21.3470,7.1154
5940,31.5471,9.4634,3.1544
5941,39.3819,11.8137,3.9378
5942,74.8351,22.4489,7.4827
5943,21.2745,6.3819,2.1272
5944,43.5812,13.0734,4.3577
5945,23.4030,7.0204,2.3400
5946,34.6403,10.3913,3.4637
5947,11.5720,3.4714,1.1571
5948,6.5415,1.9623,0.6541
5949,59.3221,17.7953,5.9316
5950,32.3827,9.7141,3.2379
5951,10.9898,3.2967,1.0989
5952,34.2066,10.2612,3.4203
5953,17.1899,5.1566,1.7188
5954,17.4656,5.2393,1.7464
5955,10.9524,3.2855,1.0951
5956,45.7876,13.7353,4.5783
5957,17.9225,5.3764,1.7921
5958,42.4164,12.7240,4.2412
5959,15.2576,4.5769,1.5256
5960,45.3463,13.6029,4.5341
5961,29.5817,8.8739,2.9578
5962,11.8009,3.5400,1.1800
5963,51.6246,15.4862,5.1619
5964,13.4706,4.0409,1.3469
5965,14.3575,4.3070,1.4356
5966,14.8016,4.4402,1.4800
5967,21.0754,6.3222,2.1073
5968,51.4781,15.4423,5.1473
5969,19.6059,5.8813,1.9604
5970,21.2884,6.3861,2.1286
5971,63.2132,18.9626,6.3206
5972,73.1735,21.9505,7.3166
5973,17.3972,5.2188,1.7395
5974,7.9090,2.3725,0.7908
5975,31.4686,9.4399,3.1465
5976,10.1750,3.0523,1.0174
5977,59.9402,17.9807,5.9934
5978,65.6140,19.6828,6.5607
5979,24.1163,7.2344,2.4114
5980,35.6366,10.6902,3.5633
5981,14.9084,4.4722,1.4907
5982,9.5996,2.8797,0.9599
5983,10.3736,3.1119,1.0373
5984,51.0685,15.3194,5.1063
5985,66.1071,19.8307,6.6100
5986,6.7177,2.0152,0.6717
5987,54.3510,16.3041,5.4345
5988,5.7052,1.7114,0.5705
5989,54.1157,16.2335,5.4110
5990,10.6399,3.1917,1.0639
5991,36.3613,10.9076,3.6357
5992,8.5911,2.5772,0.8590
5993,20.6667,6.1996,2.0664
5994,37.2627,11.1780,3.7259
5995,33.1885,9.9558,3.3185
5996,11.4786,3.4433,1.1477
5997,7.7019,2.3104,0.7701
5998,22.0493,6.6143,2.2047
5999,19.9013,5.9700,1.9899
6000,22.5583,6.7670,2.2556
6001,10.9735,3.2918,1.0972
6002,37.5717,11.2707,3.7568
6003,44.9894,13.4958,4.4985
6004,28.6272,8.5875,2.8624
6005,44.4688,13.3397,4.4464
6006,30.5265,9.1573,3.0523
6007,12.8584,3.8572,1.2857
6008,12.1090,3.6324,1.2108
6009,15.0744,4.5220,1.5073
6010,59.1389,17.7404,5.9133
6011,12.9623,3.8884,1.2961
6012,20.7740,6.2317,2.0772
6013,33.4371,10.0304,3.3433
6014,75.6899,22.7053,7.5682
6015,16.4171,4.9248,1.6415
6016,44.8554,13.4556,4.4851
6017,14.7337,4.4198,1.4732
6018,12.4404,3.7319,1.2439
6019,12.8890,3.8664,1.2888
6020,29.1435,8.7424,2.9140
6021,38.7182,11.6146,3.8714
6022,47.9541,14.3852,4.7949
6023,10.2947,3.0882,1.0294
6024,39.8339,11.9493,3.9830
6025,17.9175,5.3749,1.7916
6026,23.3783,7.0130,2.3376
6027,25.0163,7.5043,2.5014
6028,44.9406,13.4812,4.4936
6029,32.6016,9.7798,3.2598
6030,7.7195,2.3157,0.7719
6031,19.4489,5.8342,1.9447
6032,16.2683,4.8801,1.6267
6033,11.8592,3.5575,1.1858
6034,47.7886,14.3355,4.7783
6035,24.0700,7.2205,2.4067
6036,30.4477,9.1336,3.0444
6037,33.2036,9.9603,3.3200
6038,40.5222,12.1558,4.0518
6039,38.7742,11.6314,3.8770
6040,49.6266,14.8869,4.9621
6041,46.0351,13.8095,4.6030
6042,33.9823,10.1940,3.3979
6043,15.9017,4.7702,1.5900
6044,27.2116,8.1629,2.7209
6045,66.8796,20.0624,6.6872
6046,20.4977,6.1489,2.0496
6047,43.8046,13.1404,4.3800
6048,49.4417,14.8314,4.9436
6049,36.3169,10.8943,3.6313
6050,35.1205,10.5354,3.5117
6051,39.5755,11.8718,3.9571
6052,45.6100,13.6820,4.5605
6053,31.8875,9.5656,3.1884
6054,8.4658,2.5396,0.8465
6055,13.0046,3.9011,1.3003
6056,10.9387,3.2814,1.0938
6057,30.0824,9.0241,3.0079
6058,21.3169,6.3946,2.1315
6059,44.6241,13.3863,4.4619
6060,63.5442,19.0619,6.3537
6061,8.5226,2.5566,0.8522
6062,72.0773,21.6216,7.2070
6063,16.7436,5.0227,1.6742
6064,37.9462,11.3830,3.7942
6065,24.3858,7.3152,2.4383
6066,54.4552,16.3354,5.4449
6067,51.8405,15.5510,5.1835
6068,52.7622,15.8275,5.2756
6069,4.9294,1.4787,0.4929
6070,22.8102,6.8426,2.2808
6071,24.5961,7.3783,2.4593
6072,19.5105,5.8527,1.9508
6073,41.8959,12.5679,4.1891
6074,14.6457,4.3934,1.4644
6075,14.6188,4.3853,1.4617
6076,58.1975,17.4580,5.8191
6077,49.3017,14.7894,4.9296
6078,44.0924,13.2267,4.4088
6079,28.1087,8.4320,2.8106
6080,12.6234,3.7867,1.2622
6081,20.5690,6.1702,2.0567
6082,47.0780,14.1224,4.7073
6083,5.9161,1.7747,0.5915
6084,35.5093,10.6520,3.5505
6085,22.5935,6.7776,2.2591
6086,35.4917,10.6467,3.5488
6087,26.9286,8.0780,2.6926
6088,28.8468,8.6534,2.8844
6089,12.6451,3.7932,1.2644
6090,94.0067,28.1999,9.3997
6091,6.9167,2.0749,0.6916
6092,29.9461,8.9832,2.9943
6093,39.2852,11.7847,3.9281
6094,54.2173,16.2640,5.4211
6095,37.9160,11.3740,3.7912
6096,26.1649,7.8489,2.6162
6097,11.5309,3.4590,1.1530
6098,14.8040,4.4409,1.4802
6099,23.3333,6.9995,2.3331
6100,55.4616,16.6373,5.5456
6101,15.6099,4.6826,1.5608
6102,38.5434,11.5622,3.8539
6103,17.1182,5.1351,1.7116
6104,9.4502,2.8349,0.9449
6105,15.5926,4.6774,1.5591
6106,32.8085,9.8418,3.2805
6107,25.0713,7.5208,2.5069
6108,32.7380,9.8207,3.2734
6109,35.1568,10.5463,3.5153
6110,9.4688,2.8404,0.9468
6111,42.0015,12.5995,4.1997
6112,48.0562,14.4158,4.8051
6113,19.9963,5.9985,1.9994
6114,51.0443,15.3122,5.1039
6115,60.4139,18.1228,6.0407
6116,14.4334,4.3297,1.4432
6117,73.1982,21.9579,7.3190
6118,70.6078,21.1808,7.0600
6119,36.6435,10.9923,3.6640
6120,61.7142,18.5129,6.1708
6121,33.5696,10.0702,3.3566
6122,12.3875,3.7160,1.2386
6123,31.9506,9.5845,3.1947
6124,42.6906,12.8062,4.2686
6125,50.2025,15.0597,5.0197
6126,47.3599,14.2069,4.7355
6127,12.1180,3.6352,1.2117
6128,33.2050,9.9608,3.3201
6129,26.6634,7.9984,2.6661
6130,22.1278,6.6378,2.2125
6131,31.7048,9.5108,3.1701
6132,11.9163,3.5746,1.1915
6133,27.2651,8.1789,2.7262
6134,18.5672,5.5698,1.8565
6135,83.3329,24.9980,8.3324
6136,35.3536,10.6053,3.5350
6137,18.9315,5.6790,1.8930
6138,16.9575,5.0869,1.6956
6139,40.0660,12.0189,4.0062
6140,52.2734,15.6809,5.2268
6141,23.1513,6.9449,2.3149
6142,44.1288,13.2377,4.4124
6143,6.6518,1.9954,0.6651
6144,32.7062,9.8112,3.2703
6145,18.1466,5.4436,1.8145
6146,37.3027,11.1900,3.7299
6147,30.4224,9.1261,3.0419
6148,15.5470,4.6638,1.5545
6149,18.6933,5.6076,1.8691
6150,25.2678,7.5798,2.5265
6151,9.1320,2.7394,0.9131
6152,24.4651,7.3390,2.4462
6153,39.4701,11.8402,3.9466
6154,34.0392,10.2110,3.4036
6155,27.3449,8.2029,2.7342
6156,25.5098,7.6524,2.5507
6157,33.3055,9.9909,3.3302
6158,10.8312,3.2491,1.0830
6159,39.7756,11.9318,3.9771
6160,47.3815,14.2134,4.7376
6161,40.9354,12.2797,4.0931
6162,62.5266,18.7566,6.2520
6163,22.5227,6.7563,2.2520
6164,40.5612,12.1675,4.0557
6165,18.1676,5.4499,1.8166
6166,35.9818,10.7937,3.5978
6167,14.6302,4.3887,1.4629
6168,13.2243,3.9670,1.3223
6169,19.5790,5.8733,1.9577
6170,45.8991,13.7687,4.5894
6171,25.0495,7.5143,2.5047
6172,7.7393,2.3216,0.7738
6173,50.5747,15.1713,5.0569
6174,49.3294,14.7978,4.9324
6175,43.2437,12.9722,4.3239
6176,24.1841,7.2547,2.4181
6177,45.3360,13.5998,4.5331
6178,17.4962,5.2485,1.7494
6179,5.5963,1.6788,0.5596
6180,42.8437,12.8522,4.2839
6181,10.1347,3.0402,1.0134
6182,59.8448,17.9521,5.9838
6183,18.0216,5.4061,1.8020
6184,61.8120,18.5422,6.1805
6185,9.9011,2.9701,0.9900
6186,42.0375,12.6103,4.2033
6187,7.2856,2.1855,0.7285
6188,17.4681,5.2401,1.7466
6189,63.7274,19.1168,6.3721
6190,16.2050,4.8611,1.6203
6191,19.1700,5.7506,1.9168
6192,35.3043,10.5905,3.5300
6193,16.5991,4.9794,1.6597
6194,54.1544,16.2451,5.4149
6195,40.8243,12.2464,4.0820
6196,13.3920,4.0173,1.3391
6197,69.6621,20.8971,6.9655
6198,57.0226,17.1055,5.7017
6199,66.4569,19.9356,6.6450
6200,10.8458,3.2535,1.0845
6201,9.2244,2.7671,0.9223
6202,61.7674,18.5289,6.1761
6203,38.7523,11.6248,3.8748
6204,12.8259,3.8475,1.2824
6205,9.4556,2.8365,0.9455
6206,29.2469,8.7734,2.9244
6207,11.9701,3.5908,1.1969
6208,37.8150,11.3437,3.7811
6209,34.0408,10.2115,3.4037
6210,15.3582,4.6071,1.5357
6211,18.6339,5.5898,1.8632
6212,39.8290,11.9478,3.9825
6213,32.8684,9.8598,3.2865
6214,13.8725,4.1614,1.3871
6215,18.8758,5.6623,1.8874
6216,29.1609,8.7476,2.9158
6217,50.9577,15.2862,5.0952
6218,27.2737,8.1815,2.7271
6219,13.0134,3.9037,1.3012
6220,49.6291,14.8876,4.9624
6221,47.7878,14.3353,4.7783
6222,18.7392,5.6213,1.8737
6223,30.0773,9.0225,3.0074
6224,34.1397,10.2412,3.4136
6225,23.8229,7.1464,2.3820
6226,44.2432,13.2720,4.4238
6227,25.3191,7.5952,2.5316
6228,17.0022,5.1003,1.7000
6229,33.9471,10.1834,3.3943
6230,58.1840,17.4539,5.8178
6231,38.2417,11.4717,3.8238
6232,51.3255,15.3965,5.1320
6233,43.9020,13.1696,4.3897
6234,11.6685,3.5003,1.1667
6235,19.0520,5.7152,1.9050
6236,15.6258,4.6874,1.5624
6237,44.7592,13.4268,4.4754
6238,6.6094,1.9827,0.6609
6239,33.3591,10.0070,3.3355
6240,23.2530,6.9754,2.3250
6241,47.5752,14.2715,4.7570
6242,9.3769,2.8129,0.9376
6243,30.6827,9.2041,3.0679
6244,12.1238,3.6369,1.2123
6245,34.1225,10.2360,3.4119
6246,15.4992,4.6494,1.5498
6247,24.0491,7.2142,2.4047
6248,16.8475,5.0539,1.6846
6249,53.2022,15.9595,5.3196
6250,15.0634,4.5187,1.5062
6251,30.2767,9.0823,3.0273
6252,25.9281,7.7779,2.5925
6253,37.3918,11.2167,3.7388
6254,24.9511,7.4848,2.4948
6255,20.5505,6.1647,2.0548
6256,41.2290,12.3678,4.1225
6257,12.7457,3.8234,1.2744
6258,17.5032,5.2506,1.7501
6259,13.3218,3.9962,1.3320
6260,18.3722,5.5113,1.8370
6261,29.4652,8.8389,2.9462
6262,47.8767,14.3620,4.7872
6263,13.7917,4.1372,1.3790
6264,64.9555,19.4852,6.4949
6265,15.3409,4.6019,1.5339
6266,14.7114,4.4131,1.4710
6267,11.0148,3.3042,1.1014
6268,40.2550,12.0756,4.0251
6269,14.5248,4.3571,1.4523
6270,35.8203,10.7453,3.5816
6271,11.0796,3.3236,1.1078
6272,53.7526,16.1246,5.3747
6273,11.1413,3.3421,1.1140
6274,50.3549,15.1054,5.0349
6275,10.7964,3.2387,1.0795
6276,21.1725,6.3513,2.1170
6277,10.1739,3.0519,1.0173
6278,14.4309,4.3290,1.4429
6279,61.2590,18.3764,6.1252
6280,22.0626,6.6183,2.2060
6281,36.9920,11.0968,3.6988
6282,84.6779,25.4015,8.4669
6283,40.0328,12.0090,4.0029
6284,49.2843,14.7842,4.9279
6285,6.4180,1.9253,0.6417
6286,19.1487,5.7442,1.9147
6287,12.5216,3.7562,1.2520
6288,43.6569,13.0961,4.3652
6289,12.7286,3.8183,1.2727
6290,33.5906,10.0765,3.3587
6291,34.5333,10.3592,3.4530
6292,15.0564,4.5166,1.5055
6293,21.6214,6.4859,2.1619
6294,24.3573,7.3067,2.4355
6295,13.4683,4.0402,1.3467
6296,33.6252,10.0868,3.3622
6297,12.8684,3.8602,1.2867
6298,40.5814,12.1735,4.0577
6299,71.7613,21.5268,7.1754
6300,26.8413,8.0518,2.6838
6301,15.3044,4.5910,1.5303
6302,47.2294,14.1678,4.7224
6303,35.5052,10.6508,3.5501
6304,32.9067,9.8713,3.2903
6305,29.6260,8.8872,2.9623
6306,14.0357,4.2104,1.4034
6307,19.1271,5.7377,1.9125
6308,35.3068,10.5913,3.5303
6309,35.8443,10.7525,3.5840
6310,45.8897,13.7659,4.5885
6311,14.6601,4.3977,1.4658
6312,14.5699,4.3706,1.4568
6313,14.9154,4.4743,1.4914
6314,17.5683,5.2701,1.7566
6315,14.9642,4.4889,1.4963
6316,12.7742,3.8320,1.2773
6317,7.8020,2.3404,0.7801
6318,30.3597,9.1072,3.0356
6319,32.1330,9.6392,3.2130
6320,14.4073,4.3219,1.4406
6321,7.3832,2.2148,0.7382
6322,16.0899,4.8266,1.6088
6323,6.3911,1.9172,0.6390
6324,5.3206,1.5961,0.5320
6325,38.2873,11.4853,3.8283
6326,19.4657,5.8393,1.9464
6327,13.8407,4.1519,1.3839
6328,22.0020,6.6001,2.2000
6329,39.5513,11.8645,3.9547
6330,23.3593,7.0073,2.3357
6331,19.9443,5.9829,1.9942
6332,58.9710,17.6900,5.8965
6333,32.6100,9.7823,3.2607
6334,16.8223,5.0463,1.6820
6335,34.1412,10.2416,3.4138
6336,27.0496,8.1143,2.7047
6337,30.2412,9.0717,3.0238
6338,23.8265,7.1474,2.3824
6339,25.2976,7.5887,2.5295
6340,30.0724,9.0211,3.0069
6341,7.1883,2.1563,0.7188
6342,29.4005,8.8195,2.9397
6343,16.7024,5.0104,1.6701
6344,30.1156,9.0340,3.0112
6345,38.4140,11.5234,3.8410
6346,51.0912,15.3263,5.1086
6347,9.4239,2.8270,0.9423
6348,41.2258,12.3668,4.1221
6349,23.5958,7.0782,2.3593
6350,22.1380,6.6409,2.2136
6351,12.9580,3.8871,1.2957
6352,21.3258,6.3973,2.1323
6353,6.7023,2.0105,0.6702
6354,17.1273,5.1378,1.7125
6355,31.8793,9.5631,3.1876
6356,17.2368,5.1707,1.7235
6357,15.2362,4.5705,1.5235
6358,13.0495,3.9146,1.3048
6359,23.7474,7.1237,2.3745
6360,28.8669,8.6594,2.8864
6361,7.3697,2.2108,0.7369
6362,9.4819,2.8443,0.9481
6363,35.1297,10.5381,3.5126
6364,13.2690,3.9804,1.3268
6365,34.0071,10.2014,3.4003
6366,7.0698,2.1208,0.7069
6367,61.8453,18.5523,6.1839
6368,13.8615,4.1582,1.3860
6369,17.3335,5.1997,1.7332
6370,6.9277,2.0782,0.6927
6371,15.8892,4.7664,1.5887
6372,10.9318,3.2793,1.0931
6373,22.5506,6.7647,2.2548
6374,54.9884,16.4953,5.4982
6375,13.6718,4.1012,1.3670
6376,41.3828,12.4139,4.1378
6377,22.9906,6.8967,2.2988
6378,37.5441,11.2624,3.7540
6379,44.7652,13.4286,4.4760
6380,63.8066,19.1406,6.3800
6381,37.7578,11.3265,3.7754
6382,35.0990,10.5289,3.5095
6383,20.5775,6.1728,2.0575
6384,65.4900,19.6456,6.5483
6385,43.8029,13.1399,4.3798
6386,53.0575,15.9161,5.3052
6387,11.1479,3.3441,1.1147
6388,30.3061,9.0912,3.0303
6389,11.1523,3.3455,1.1151
6390,17.0752,5.1222,1.7073
6391,45.8887,13.7656,4.5884
6392,44.1464,13.2429,4.4142
6393,36.3279,10.8976,3.6324
6394,38.1754,11.4518,3.8171
6395,17.0262,5.1075,1.7024
6396,62.2375,18.6699,6.2231
6397,76.5749,22.9708,7.6567
6398,48.0873,14.4251,4.8082
6399,9.2648,2.7792,0.9264
6400,61.0936,18.3268,6.1087
6401,13.3016,3.9902,1.3300
6402,32.6318,9.7888,3.2628
6403,7.7916,2.3373,0.7791
6404,10.4401,3.1318,1.0439
6405,7.6168,2.2849,0.7616
6406,12.8937,3.8678,1.2892
6407,27.2857,8.1851,2.7283
6408,53.0202,15.9049,5.3014
6409,13.6034,4.0807,1.3602
6410,8.4897,2.5467,0.8489
6411,55.6909,16.7060,5.5685
6412,11.5181,3.4552,1.1517
6413,12.8229,3.8466,1.2822
6414,41.9370,12.5802,4.1932
6415,25.3031,7.5904,2.5300
6416,53.6229,16.0857,5.3617
6417,16.3897,4.9166,1.6388
6418,6.9124,2.0736,0.6912
6419,12.6620,3.7983,1.2661
6420,36.5865,10.9751,3.6583
6421,39.6053,11.8807,3.9601
6422,78.4526,23.5341,7.8444
6423,19.8059,5.9414,1.9804
6424,4.0727,1.2217,0.4072
6425,10.0545,3.0161,1.0053
6426,9.6152,2.8843,0.9614
6427,28.9378,8.6807,2.8935
6428,19.8420,5.9522,1.9840
6429,30.0355,9.0100,3.0032
6430,16.1656,4.8493,1.6164
6431,17.8216,5.3461,1.7820
6432,40.9165,12.2741,4.0912
6433,29.2158,8.7641,2.9213
6434,34.7869,10.4353,3.4783
6435,11.4430,3.4327,1.1442
6436,13.2270,3.9678,1.3226
6437,16.5492,4.9644,1.6547
6438,13.1857,3.9554,1.3184
6439,30.8362,9.2502,3.0833
6440,24.2403,7.2716,2.4238
6441,24.0282,7.2079,2.4026
6442,30.3916,9.1168,3.0388
6443,15.4635,4.6387,1.5462
6444,28.3928,8.5172,2.8390
6445,14.7044,4.4110,1.4703
6446,58.0876,17.4250,5.8081
6447,16.1319,4.8392,1.6130
6448,39.7581,11.9266,3.9754
6449,36.6993,11.0090,3.6695
6450,12.3396,3.7016,1.2338
6451,17.7193,5.3154,1.7717
6452,5.4798,1.6438,0.5479
6453,26.5188,7.9551,2.6516
6454,36.2400,10.8712,3.6236
6455,40.9119,12.2727,4.0907
6456,23.3546,7.0059,2.3352
6457,15.6938,4.7078,1.5692
6458,42.5745,12.7714,4.2570
6459,38.6304,11.5883,3.8626
6460,67.6554,20.2951,6.7648
6461,21.6792,6.5033,2.1677
6462,47.7879,14.3353,4.7783
6463,11.6603,3.4978,1.1659
6464,30.6489,9.1940,3.0646
6465,47.0381,14.1104,4.7033
6466,37.7754,11.3318,3.7771
6467,13.5819,4.0743,1.3580
6468,43.0173,12.9042,4.3013
6469,70.5632,21.1674,7.0556
6470,16.1823,4.8543,1.6181
6471,27.6095,8.2822,2.7607
6472,49.0828,14.7238,4.9078
6473,6.9892,2.0966,0.6988
6474,63.2682,18.9791,6.3261
6475,24.2354,7.2701,2.4233
6476,58.0482,17.4132,5.8042
6477,41.2901,12.3861,4.1286
6478,17.9907,5.3968,1.7989
6479,24.4438,7.3326,2.4441
6480,12.2886,3.6863,1.2287
6481,10.4893,3.1466,1.0488
6482,8.4575,2.5371,0.8457
6483,34.0507,10.2145,3.4047
6484,20.6434,6.1926,2.0641
6485,5.5773,1.6731,0.5577
6486,13.3961,4.0185,1.3395
6487,27.2260,8.1672,2.7223
6488,29.0764,8.7223,2.9073
6489,15.1288,4.5383,1.5127
6490,10.3077,3.0921,1.0307
6491,37.1742,11.1514,3.7170
6492,26.2540,7.8756,2.6251
6493,21.5498,6.4645,2.1547
6494,43.8580,13.1564,4.3853
6495,13.1411,3.9420,1.3140
6496,18.5517,5.5651,1.8550
6497,11.6285,3.4883,1.1627
6498,47.9839,14.3941,4.7979
6499,31.8123,9.5430,3.1809
6500,26.6069,7.9815,2.6604
6501,6.4906,1.9470,0.6490
6502,54.4140,16.3230,5.4408
6503,62.6426,18.7914,6.2636
6504,39.1816,11.7536,3.9177
6505,27.0679,8.1198,2.7065
6506,5.6858,1.7056,0.5685
6507,55.1483,16.5433,5.5142
6508,17.2399,5.1716,1.7238
6509,22.2118,6.6631,2.2209
6510,34.5610,10.3675,3.4557
6511,15.2293,4.5685,1.5228
6512,11.8101,3.5428,1.1809
6513,15.0679,4.5200,1.5066
6514,10.5159,3.1546,1.0515
6515,39.8457,11.9528,3.9841
6516,39.1154,11.7338,3.9111
6517,47.1793,14.1527,4.7174
6518,38.1718,11.4507,3.8168
6519,12.3857,3.7154,1.2384
6520,18.6311,5.5889,1.8629
6521,13.1929,3.9576,1.3192
6522,73.3979,22.0178,7.3390
6523,18.1941,5.4578,1.8192
6524,33.6128,10.0831,3.3609
6525,23.2040,6.9607,2.3201
6526,16.4399,4.9316,1.6438
6527,27.7441,8.3226,2.7741
6528,9.5266,2.8578,0.9526
6529,40.5667,12.1691,4.0562
6530,18.5418,5.5621,1.8540
6531,31.7038,9.5105,3.1700
6532,40.6117,12.1826,4.0607
6533,39.6474,11.8934,3.9643
6534,6.8726,2.0616,0.6872
6535,11.7931,3.5377,1.1792
6536,41.9104,12.5722,4.1906
6537,4.5361,1.3607,0.4536
6538,26.6323,7.9891,2.6629
6539,38.6176,11.5844,3.8613
6540,12.0666,3.6197,1.2065
6541,10.3033,3.0908,1.0302
6542,28.3001,8.4894,2.8297
6543,53.9202,16.1749,5.3914
6544,35.6591,10.6970,3.5655
6545,25.3176,7.5947,2.5315
6546,21.4024,6.4202,2.1400
6547,16.8210,5.0459,1.6819
6548,46.4141,13.9232,4.6409
6549,17.3404,5.2017,1.7339
6550,52.7601,15.8269,5.2754
6551,7.5238,2.2570,0.7523
6552,60.7611,18.2270,6.0755
6553,36.3575,10.9065,3.6354
6554,43.2546,12.9754,4.3250
6555,41.1356,12.3398,4.1131
6556,50.1158,15.0337,5.0110
6557,38.3442,11.5024,3.8340
6558,8.7664,2.6297,0.8765
6559,22.5792,6.7733,2.2577
6560,34.1958,10.2580,3.4192
6561,25.0579,7.5168,2.5055
6562,22.2088,6.6622,2.2206
6563,13.4081,4.0221,1.3407
6564,25.5907,7.6767,2.5588
6565,27.7926,8.3372,2.7790
6566,22.7421,6.8221,2.2740
6567,21.2371,6.3707,2.1235
6568,44.7079,13.4114,4.4703
6569,27.0450,8.1129,2.7042
6570,10.9765,3.2927,1.0975
6571,45.0963,13.5279,4.5091
6572,14.1226,4.2365,1.4121
6573,23.4417,7.0320,2.3439
6574,22.3146,6.6939,2.2312
6575,49.6300,14.8879,4.9625
6576,15.9673,4.7899,1.5966
6577,14.3504,4.3048,1.4349
6578,43.4147,13.0235,4.3410
6579,35.8214,10.7456,3.5818
6580,26.4440,7.9326,2.6441
6581,22.4608,6.7377,2.2458
6582,42.5373,12.7603,4.2533
6583,21.9342,6.5798,2.1932
6584,12.5406,3.7619,1.2539
6585,27.0894,8.1262,2.7087
6586,32.5952,9.7778,3.2592
6587,27.6084,8.2819,2.7605
6588,27.5761,8.2722,2.7573
6589,31.1980,9.3587,3.1195
6590,13.4322,4.0294,1.3431
6591,7.2926,2.1876,0.7292
6592,56.3793,16.9126,5.6373
6593,12.8010,3.8400,1.2800
6594,9.1286,2.7384,0.9128
6595,42.1422,12.6417,4.2138
6596,11.7648,3.5292,1.1764
6597,50.1766,15.0519,5.0171
6598,32.0109,9.6026,3.2007
6599,20.2602,6.0776,2.0258
6600,62.4787,18.7422,6.2472
6601,9.2958,2.7885,0.9295
6602,30.8820,9.2639,3.0879
6603,40.7847,12.2345,4.0780
6604,22.8865,6.8655,2.2884
6605,39.7886,11.9357,3.9784
6606,8.6820,2.6044,0.8681
6607,7.1553,2.1464,0.7155
6608,19.9168,5.9746,1.9915
6609,26.3961,7.9183,2.6393
6610,33.5375,10.0605,3.3534
6611,21.7928,6.5374,2.1790
6612,8.9919,2.6974,0.8991
6613,18.6922,5.6073,1.8690
6614,48.4934,14.5470,4.8488
6615,24.9402,7.4815,2.4938
6616,51.1252,15.3364,5.1120
6617,31.0727,9.3211,3.1069
6618,34.7827,10.4340,3.4779
6619,31.2724,9.3810,3.1269
6620,17.8897,5.3665,1.7888
6621,8.4007,2.5200,0.8400
6622,17.7454,5.3232,1.7744
6623,8.0538,2.4159,0.8053
6624,34.5800,10.3732,3.4576
6625,48.6793,14.6027,4.8674
6626,14.4099,4.3226,1.4408
6627,50.0937,15.0270,5.0088
6628,36.0869,10.8253,3.6083
6629,34.9968,10.4983,3.4993
6630,50.6753,15.2015,5.0670
6631,19.6952,5.9081,1.9693
6632,67.3872,20.2147,6.7380
6633,15.8884,4.7662,1.5887
6634,13.2290,3.9684,1.3228
6635,17.2991,5.1894,1.7297
6636,18.4352,5.5302,1.8433
6637,13.9683,4.1902,1.3967
6638,16.4257,4.9274,1.6424
6639,40.1081,12.0315,4.0104
6640,48.7434,14.6220,4.8738
6641,16.3763,4.9125,1.6375
6642,7.2503,2.1749,0.7249
6643,37.6332,11.2891,3.7629
6644,10.6880,3.2062,1.0687
6645,27.3164,8.1943,2.7313
6646,47.5596,14.2669,4.7555
6647,19.8614,5.9580,1.9859
6648,49.8624,14.9576,4.9857
6649,28.2484,8.4739,2.8245
6650,45.0110,13.5023,4.5006
6651,14.5278,4.3580,1.4526
6652,7.2151,2.1644,0.7214
6653,52.3126,15.6926,5.2307
6654,20.9711,6.2909,2.0969
6655,10.3511,3.1051,1.0350
6656,22.0241,6.6068,2.2022
6657,41.5928,12.4769,4.1588
6658,32.9086,9.8719,3.2905
6659,43.2915,12.9865,4.3287
6660,29.6630,8.8982,2.9660
6661,12.4682,3.7402,1.2467
6662,52.7886,15.8354,5.2783
6663,56.0186,16.8044,5.6013
6664,24.0804,7.2236,2.4078
6665,22.6188,6.7852,2.2616
6666,19.0622,5.7182,1.9060
6667,56.5077,16.9511,5.6502
6668,35.3370,10.6003,3.5333
6669,28.0751,8.4219,2.8072
6670,58.6609,17.5970,5.8655
6671,47.3597,14.2069,4.7355
6672,27.2696,8.1803,2.7267
6673,41.8994,12.5689,4.1895
6674,52.0076,15.6011,5.2002
6675,11.4561,3.4366,1.1455
6676,10.7930,3.2377,1.0792
6677,56.2848,16.8842,5.6279
6678,10.7672,3.2299,1.0766
6679,43.7556,13.1257,4.3751
6680,38.9054,11.6708,3.8901
6681,44.3106,13.2922,4.4306
6682,21.9176,6.5748,2.1915
6683,11.6336,3.4898,1.1632
6684,24.8841,7.4647,2.4881
6685,49.1224,14.7356,4.9117
6686,55.4908,16.6460,5.5485
6687,19.3465,5.8035,1.9344
6688,18.5305,5.5588,1.8529
6689,42.8466,12.8530,4.2842
6690,33.6720,10.1009,3.3668
6691,23.5783,7.0730,2.3576
6692,13.6386,4.0913,1.3637
6693,10.4034,3.1208,1.0402
6694,58.4869,17.5448,5.8481
6695,29.6284,8.8879,2.9625
6696,14.4709,4.3410,1.4469
6697,17.7510,5.3249,1.7749
6698,29.4159,8.8241,2.9413
6699,37.8514,11.3546,3.7847
6700,12.6894,3.8066,1.2688
6701,14.2174,4.2649,1.4216
6702,51.4747,15.4413,5.1469
6703,11.5949,3.4782,1.1594
6704,20.2808,6.0838,2.0279
6705,19.9931,5.9975,1.9991
6706,23.5190,7.0552,2.3516
6707,20.5179,6.1549,2.0516
6708,35.2303,10.5683,3.5227
6709,51.8965,15.5678,5.1891
6710,115.5658,34.6672,11.5553
6711,48.7454,14.6225,4.8740
6712,55.4431,16.6317,5.5437
6713,51.7769,15.5319,5.1771
6714,6.4790,1.9435,0.6478
6715,59.4639,17.8379,5.9458
6716,33.1148,9.9337,3.3111
6717,14.9784,4.4932,1.4977
6718,38.5855,11.5748,3.8581
6719,27.4258,8.2271,2.7423
6720,12.4646,3.7391,1.2463
6721,38.0803,11.4232,3.8076
6722,53.2454,15.9725,5.3240
6723,22.5242,6.7568,2.2522
6724,32.7134,9.8133,3.2710
6725,34.6545,10.3956,3.4651
6726,8.5748,2.5723,0.8574
6727,29.4818,8.8439,2.9479
6728,12.7036,3.8108,1.2702
6729,41.7210,12.5154,4.1717
6730,22.5423,6.7622,2.2540
6731,23.4975,7.0487,2.3495
6732,39.1030,11.7300,3.9099
6733,28.5542,8.5656,2.8551
6734,25.3115,7.5929,2.5309
6735,23.3182,6.9949,2.3316
6736,39.2195,11.7650,3.9215
6737,39.2172,11.7643,3.9213
6738,36.9940,11.0974,3.6990
6739,26.1052,7.8310,2.6102
6740,16.5553,4.9662,1.6554
6741,12.9302,3.8788,1.2929
6742,42.6152,12.7836,4.2611
6743,11.8068,3.5418,1.1805
6744,17.6581,5.2970,1.7656
6745,16.8303,5.0487,1.6829
6746,12.7521,3.8254,1.2751
6747,55.9682,16.7892,5.5962
6748,33.5748,10.0717,3.3571
6749,28.5197,8.5553,2.8517
6750,12.1321,3.6394,1.2131
6751,29.4174,8.8246,2.9414
6752,31.1677,9.3496,3.1164
6753,11.6674,3.5000,1.1666
6754,22.0408,6.6118,2.2038
6755,10.8987,3.2694,1.0897
6756,53.1340,15.9390,5.3128
6757,27.8201,8.3454,2.7817
6758,20.8186,6.2451,2.0816
6759,11.1362,3.3406,1.1135
6760,18.3472,5.5038,1.8345
6761,48.5916,14.5764,4.8586
6762,60.1788,18.0523,6.0172
6763,10.0270,3.0079,1.0026
6764,18.5969,5.5787,1.8595
6765,6.0843,1.8252,0.6084
6766,25.6204,7.6856,2.5618
6767,44.8800,13.4630,4.4875
6768,33.8604,10.1574,3.3857
6769,28.8253,8.6470,2.8822
6770,41.1906,12.3563,4.1186
6771,13.7191,4.1154,1.3718
6772,9.6562,2.8966,0.9655
6773,40.0029,12.0000,3.9999
6774,6.7169,2.0149,0.6716
6775,6.1378,1.8412,0.6137
6776,50.2732,15.0808,5.0268
6777,27.7035,8.3104,2.7700
6778,39.0248,11.7066,3.9021
6779,40.3475,12.1034,4.0343
6780,13.5273,4.0579,1.3526
6781,22.1205,6.6357,2.2118
6782,33.3248,9.9967,3.3321
6783,16.1642,4.8489,1.6162
6784,81.1214,24.3346,8.1113
6785,5.8115,1.7433,0.5811
6786,18.2850,5.4851,1.8283
6787,18.9953,5.6982,1.8993
6788,36.9851,11.0947,3.6981
6789,25.0624,7.5182,2.5060
6790,11.5282,3.4582,1.1527
6791,8.1352,2.4404,0.8134
6792,15.3575,4.6069,1.5356
6793,32.7704,9.8304,3.2767
6794,27.0623,8.1181,2.7059
6795,16.0152,4.8042,1.6013
6796,18.6176,5.5849,1.8616
6797,18.3002,5.4896,1.8298
6798,46.4946,13.9474,4.6490
6799,16.3724,4.9114,1.6371
6800,15.8062,4.7415,1.5805
6801,20.5143,6.1538,2.0512
6802,43.3046,12.9904,4.3300
6803,9.4861,2.8456,0.9485
6804,30.1119,9.0329,3.0109
6805,27.5880,8.2758,2.7585
6806,32.7811,9.8336,3.2778
6807,10.1998,3.0597,1.0199
6808,19.4056,5.8212,1.9403
6809,23.0234,6.9065,2.3021
6810,16.8659,5.0594,1.6864
6811,20.1575,6.0468,2.0155
6812,41.6198,12.4850,4.1615
6813,65.7997,19.7385,6.5793
6814,58.5893,17.5755,5.8583
6815,30.4057,9.1211,3.0402
6816,10.6809,3.2040,1.0680
6817,48.6159,14.5837,4.8611
6818,20.7264,6.2175,2.0724
6819,18.7732,5.6315,1.8771
6820,13.7258,4.1174,1.3724
6821,17.7777,5.3329,1.7776
6822,15.3365,4.6006,1.5335
6823,23.1811,6.9538,2.3179
6824,49.4256,14.8266,4.9420
6825,54.2686,16.2794,5.4263
6826,27.2942,8.1877,2.7291
6827,14.1122,4.2333,1.4111
6828,34.7946,10.4376,3.4791
6829,43.0480,12.9135,4.3043
6830,27.4915,8.2469,2.7489
6831,48.5691,14.5697,4.8564
6832,20.6045,6.1809,2.0602
6833,58.0332,17.4087,5.8027
6834,18.5393,5.5614,1.8537
6835,16.3561,4.9065,1.6354
6836,17.7236,5.3167,1.7722
6837,13.9529,4.1856,1.3951
6838,30.1323,9.0390,3.0129
6839,7.4893,2.2466,0.7489
6840,34.8783,10.4627,3.4875
6841,9.1487,2.7444,0.9148
6842,32.9852,9.8948,3.2982
6843,28.0236,8.4065,2.8021
6844,29.2944,8.7877,2.9291
6845,21.2636,6.3786,2.1261
6846,8.1805,2.4540,0.8180
6847,34.7547,10.4257,3.4751
6848,29.5815,8.8738,2.9578
6849,33.8431,10.1522,3.3839
6850,47.6446,14.2923,4.7639
6851,37.6784,11.3027,3.7674
6852,19.4867,5.8456,1.9485
6853,14.7462,4.4235,1.4745
6854,12.3425,3.7025,1.2341
6855,19.5682,5.8700,1.9566
6856,35.1278,10.5376,3.5124
6857,10.6426,3.1926,1.0641
6858,42.9728,12.8909,4.2968
6859,19.8857,5.9653,1.9884
6860,20.8671,6.2597,2.0865
6861,68.8551,20.6550,6.8848
6862,69.4347,20.8289,6.9427
6863,48.1276,14.4372,4.8122
6864,13.5230,4.0566,1.3522
6865,5.0960,1.5287,0.5095
6866,31.5593,9.4671,3.1556
6867,26.6205,7.9856,2.6618
6868,10.0410,3.0121,1.0040
6869,20.0273,6.0077,2.0025
6870,38.2419,11.4717,3.8238
6871,45.4189,13.6247,4.5414
6872,8.4978,2.5491,0.8497
6873,34.6018,10.3798,3.4598
6874,22.3170,6.6946,2.2315
6875,43.6603,13.0971,4.3656
6876,28.6697,8.6003,2.8667
6877,18.6423,5.5923,1.8640
6878,25.5735,7.6715,2.5571
6879,32.2688,9.6799,3.2265
6880,49.4335,14.8290,4.9428
6881,52.6651,15.7984,5.2659
6882,11.5849,3.4752,1.1584
6883,39.4026,11.8199,3.9398
6884,13.2664,3.9796,1.3265
6885,13.6939,4.1079,1.3692
6886,9.6827,2.9046,0.9682
6887,34.2017,10.2598,3.4198
6888,21.1232,6.3365,2.1121
6889,11.1341,3.3400,1.1133
6890,49.6420,14.8915,4.9637
6891,26.5431,7.9623,2.6540
6892,24.6988,7.4091,2.4696
6893,17.0747,5.1220,1.7073
6894,15.2657,4.5794,1.5264
6895,10.8206,3.2459,1.0819
6896,29.7496,8.9242,2.9746
6897,37.1922,11.1569,3.7188
6898,7.5966,2.2788,0.7596
6899,12.5355,3.7604,1.2534
6900,23.9135,7.1735,2.3911
6901,26.0815,7.8239,2.6079
6902,8.6839,2.6050,0.8683
6903,55.9953,16.7974,5.5989
6904,25.9479,7.7838,2.5945
6905,14.8257,4.4474,1.4824
6906,19.2611,5.7779,1.9259
6907,10.9216,3.2762,1.0920
6908,81.2103,24.3613,8.1202
6909,10.0107,3.0030,1.0010
6910,21.8584,6.5571,2.1856
6911,12.6565,3.7967,1.2655
6912,23.0403,6.9116,2.3038
6913,7.3532,2.2058,0.7352
6914,37.7046,11.3105,3.7701
6915,8.4325,2.5296,0.8432
6916,21.8614,6.5579,2.1859
6917,24.5250,7.3570,2.4522
6918,17.2254,5.1673,1.7224
6919,12.7812,3.8341,1.2780
6920,39.1483,11.7436,3.9144
6921,27.0859,8.1252,2.7083
6922,28.7964,8.6383,2.8793
6923,12.2244,3.6670,1.2223
6924,28.7832,8.6343,2.8780
6925,18.6397,5.5915,1.8638
6926,38.3538,11.5053,3.8350
6927,50.3467,15.1029,5.0341
6928,12.6036,3.7808,1.2602
6929,15.4213,4.6260,1.5420
6930,17.7609,5.3279,1.7759
6931,28.0948,8.4278,2.8092
6932,18.3127,5.4934,1.8311
6933,33.9058,10.1710,3.3902
6934,81.6604,24.4963,8.1652
6935,37.3379,11.2006,3.7334
6936,39.8025,11.9399,3.9798
6937,27.6755,8.3020,2.7673
6938,20.5279,6.1579,2.0526
6939,5.9804,1.7940,0.5980
6940,16.1203,4.8358,1.6119
6941,23.8388,7.1511,2.3836
6942,37.9572,11.3863,3.7953
6943,19.4785,5.8431,1.9476
6944,19.5508,5.8648,1.9549
6945,43.9186,13.1746,4.3914
6946,27.0860,8.1252,2.7083
6947,48.9952,14.6975,4.8990
6948,30.1513,9.0447,3.0148
6949,51.7643,15.5282,5.1759
6950,23.5004,7.0496,2.3498
6951,35.4525,10.6350,3.5449
6952,8.5458,2.5636,0.8545
6953,15.2677,4.5800,1.5266
6954,31.1637,9.3484,3.1160
6955,10.8960,3.2686,1.0895
6956,50.0525,15.0147,5.0047
6957,5.4648,1.6393,0.5464
6958,42.7365,12.8200,4.2732
6959,30.8689,9.2600,3.0866
6960,30.4525,9.1351,3.0449
6961,31.2879,9.3857,3.1285
6962,42.2162,12.6640,4.2212
6963,16.0768,4.8227,1.6075
6964,26.5997,7.9793,2.6597
6965,16.6695,5.0005,1.6668
6966,10.7454,3.2234,1.0744
6967,33.2603,9.9774,3.3257
6968,29.9113,8.9727,2.9908
6969,19.3286,5.7982,1.9327
6970,35.5198,10.6552,3.5516
6971,21.1681,6.3500,2.1166
6972,40.5080,12.1515,4.0504
6973,16.1866,4.8556,1.6185
6974,38.9644,11.6885,3.8960
6975,12.3228,3.6966,1.2322
6976,14.0684,4.2202,1.4067
6977,72.4675,21.7387,7.2460
6978,31.7098,9.5123,3.1706
6979,39.1430,11.7420,3.9139
6980,43.4034,13.0201,4.3399
6981,25.9743,7.7917,2.5971
6982,9.4575,2.8370,0.9456
6983,16.9928,5.0975,1.6991
6984,12.1490,3.6444,1.2148
6985,14.8580,4.4571,1.4856
6986,40.4839,12.1443,4.0480
6987,43.9865,13.1950,4.3982
6988,32.5201,9.7553,3.2517
6989,23.8919,7.1671,2.3889
6990,36.2388,10.8708,3.6235
6991,16.3686,4.9102,1.6367
6992,45.8736,13.7611,4.5869
6993,32.4267,9.7273,3.2423
6994,26.8376,8.0507,2.6835
6995,16.9266,5.0776,1.6925
6996,47.9065,14.3709,4.7901
6997,24.6156,7.3841,2.4613
6998,21.5928,6.4774,2.1590
6999,11.6122,3.4834,1.1611
7000,12.3574,3.7069,1.2356
7001,31.7981,9.5387,3.1795
7002,5.3251,1.5974,0.5325
7003,54.6866,16.4048,5.4681
7004,72.2887,21.6850,7.2281
7005,23.7974,7.1387,2.3795
7006,45.9153,13.7736,4.5910
7007,24.6944,7.4078,2.4692
7008,6.3232,1.8968,0.6322
7009,20.5765,6.1725,2.0574
7010,31.1508,9.3445,3.1147
7011,36.9679,11.0896,3.6964
7012,14.7078,4.4120,1.4706
7013,49.6157,14.8836,4.9610
7014,44.1470,13.2431,4.4142
7015,10.6628,3.1986,1.0662
7016,32.3505,9.7044,3.2347
7017,17.0636,5.1187,1.7062
7018,34.7921,10.4369,3.4788
7019,46.5345,13.9593,4.6529
7020,34.4222,10.3259,3.4418
7021,11.9543,3.5860,1.1953
7022,33.8455,10.1529,3.3842
7023,38.4188,11.5248,3.8415
7024,17.9869,5.3957,1.7985
7025,8.0490,2.4145,0.8048
7026,56.1099,16.8317,5.6104
7027,7.4273,2.2280,0.7427
7028,17.3360,5.2004,1.7334
7029,7.8468,2.3539,0.7846
7030,11.6981,3.5092,1.1697
7031,9.8299,2.9488,0.9829
7032,7.7742,2.3321,0.7773
7033,18.8991,5.6693,1.8897
7034,11.8892,3.5665,1.1888
7035,54.0840,16.2240,5.4078
7036,20.9380,6.2809,2.0936
7037,36.8858,11.0649,3.6882
7038,13.2343,3.9700,1.3233
7039,11.8722,3.5614,1.1871
7040,44.0208,13.2053,4.4016
7041,44.0952,13.2276,4.4090
7042,25.6342,7.6897,2.5631
7043,13.6505,4.0949,1.3649
7044,12.8155,3.8444,1.2814
7045,15.7427,4.7225,1.5741
7046,68.5280,20.5569,6.8521
7047,39.3606,11.8073,3.9356
7048,13.3779,4.0131,1.3376
7049,36.3360,10.9000,3.6332
7050,6.6248,1.9873,0.6624
7051,37.5342,11.2594,3.7530
7052,16.6979,5.0090,1.6696
7053,15.1690,4.5504,1.5167
7054,7.3232,2.1968,0.7322
7055,36.8777,11.0625,3.6874
7056,24.7801,7.4335,2.4777
7057,11.3129,3.3936,1.1312
7058,10.1727,3.0516,1.0172
7059,43.5277,13.0574,4.3523
7060,63.3854,19.0142,6.3379
7061,21.2480,6.3739,2.1246
7062,10.1579,3.0471,1.0157
7063,28.1675,8.4496,2.8164
7064,19.1151,5.7341,1.9113
7065,42.5524,12.7648,4.2548
7066,17.8155,5.3443,1.7814
7067,91.0448,27.3115,9.1035
7068,29.2645,8.7787,2.9261
7069,16.8386,5.0512,1.6837
7070,43.0858,12.9248,4.3081
7071,10.9165,3.2747,1.0915
7072,37.5454,11.2628,3.7541
7073,56.1235,16.8358,5.6117
7074,19.1467,5.7436,1.9145
7075,40.8431,12.2520,4.0839
7076,9.7636,2.9289,0.9763
7077,50.7643,15.2282,5.0759
7078,44.6619,13.3976,4.4657
7079,82.4250,24.7257,8.2416
7080,35.0008,10.4995,3.4997
7081,11.0341,3.3100,1.1033
7082,13.0417,3.9122,1.3040
7083,60.4797,18.1426,6.0473
7084,37.4093,11.2220,3.7405
7085,11.0237,3.3069,1.1022
7086,31.2561,9.3762,3.1253
7087,68.2877,20.4848,6.8280
7088,34.9934,10.4973,3.4990
7089,33.1170,9.9344,3.3113
7090,22.1596,6.6474,2.2157
7091,39.9135,11.9732,3.9909
7092,39.2722,11.7808,3.9268
7093,51.0851,15.3244,5.1080
7094,11.3714,3.4112,1.1370
7095,9.9705,2.9909,0.9969
7096,46.3104,13.8921,4.6305
7097,16.7329,5.0195,1.6731
7098,58.4744,17.5411,5.8468
7099,7.5750,2.2723,0.7574
7100,18.2106,5.4628,1.8209
7101,15.9211,4.7760,1.5919
7102,31.3693,9.4101,3.1366
7103,33.5587,10.0669,3.3555
7104,33.5332,10.0592,3.3530
7105,28.8084,8.6419,2.8805
7106,38.7234,11.6162,3.8719
7107,48.5079,14.5513,4.8503
7108,23.0893,6.9263,2.3087
7109,30.6488,9.1940,3.0645
7110,14.7792,4.4334,1.4778
7111,13.9229,4.1766,1.3921
7112,5.9362,1.7807,0.5936
7113,47.3640,14.2082,4.7359
7114,35.9071,10.7714,3.5903
7115,7.6488,2.2945,0.7648
7116,50.5634,15.1679,5.0558
7117,26.7949,8.0379,2.6792
7118,39.6187,11.8847,3.9614
7119,35.8943,10.7675,3.5890
7120,29.6097,8.8823,2.9606
7121,18.7214,5.6160,1.8719
7122,32.7808,9.8335,3.2777
7123,28.6637,8.5985,2.8661
7124,12.9588,3.8874,1.2957
7125,12.5110,3.7530,1.2510
7126,10.4857,3.1455,1.0485
7127,32.8271,9.8474,3.2824
7128,52.7134,15.8129,5.2708
7129,7.0878,2.1262,0.7087
7130,48.7986,14.6385,4.8793
7131,14.7072,4.4119,1.4706
7132,15.7205,4.7158,1.5719
7133,12.0264,3.6077,1.2025
7134,8.2842,2.4851,0.8283
7135,30.2634,9.0784,3.0260
7136,40.2298,12.0680,4.0225
7137,14.1657,4.2494,1.4164
7138,34.4626,10.3380,3.4459
7139,35.8567,10.7562,3.5853
7140,40.6654,12.1987,4.0661
7141,15.7799,4.7336,1.5778
7142,9.5757,2.8725,0.9575
7143,46.0371,13.8101,4.6032
7144,66.7948,20.0370,6.6788
7145,40.0991,12.0289,4.0095
7146,16.4421,4.9323,1.6440
7147,25.7829,7.7343,2.5780
7148,70.6789,21.2021,7.0671
7149,24.5160,7.3543,2.4513
7150,28.2179,8.4648,2.8215
7151,49.3621,14.8076,4.9357
7152,46.2229,13.8658,4.6218
7153,14.2457,4.2734,1.4244
7154,43.9760,13.1918,4.3971
7155,19.6931,5.9075,1.9691
7156,29.4726,8.8411,2.9469
7157,14.2032,4.2607,1.4202
7158,71.6471,21.4926,7.1639
7159,11.5916,3.4772,1.1590
7160,18.3921,5.5172,1.8390
7161,12.7025,3.8105,1.2701
7162,32.1746,9.6517,3.2171
7163,15.2657,4.5794,1.5264
7164,29.7150,8.9138,2.9712
7165,28.9046,8.6708,2.8902
7166,31.7952,9.5379,3.1792
7167,19.4755,5.8422,1.9473
7168,42.8947,12.8675,4.2890
7169,10.4654,3.1394,1.0464
7170,12.7565,3.8267,1.2755
7171,9.9708,2.9910,0.9970
7172,8.7590,2.6275,0.8758
7173,77.2961,23.1872,7.7288
7174,27.4312,8.2288,2.7428
7175,18.5150,5.5541,1.8513
7176,15.2845,4.5850,1.5283
7177,20.1548,6.0460,2.0153
7178,36.7399,11.0212,3.6736
7179,36.4475,10.9335,3.6444
7180,26.2731,7.8814,2.6270
7181,17.1146,5.1340,1.7113
7182,12.9688,3.8904,1.2967
7183,44.8337,13.4491,4.4829
7184,50.3574,15.1061,5.0352
7185,12.0186,3.6053,1.2017
7186,50.3015,15.0894,5.0296
7187,11.4993,3.4496,1.1498
7188,35.1216,10.5357,3.5118
7189,14.0471,4.2138,1.4046
7190,75.0376,22.5096,7.5030
7191,8.0563,2.4167,0.8055
7192,23.0170,6.9046,2.3015
7193,10.7545,3.2261,1.0753
7194,18.8119,5.6431,1.8810
7195,17.0773,5.1228,1.7075
7196,66.0183,19.8040,6.6011
7197,11.3954,3.4184,1.1394
7198,49.5002,14.8490,4.9495
7199,22.1020,6.6301,2.2100
7200,30.4581,9.1368,3.0455
7201,39.3942,11.8174,3.9390
7202,33.1518,9.9448,3.3148
7203,20.0799,6.0235,2.0078
7204,12.5132,3.7537,1.2512
7205,32.9010,9.8696,3.2897
7206,7.4473,2.2340,0.7446
7207,58.5184,17.5542,5.8512
7208,26.4608,7.9377,2.6458
7209,5.8099,1.7429,0.5809
7210,9.8717,2.9613,0.9871
7211,18.7213,5.6160,1.8719
7212,38.2710,11.4805,3.8267
7213,31.9066,9.5713,3.1903
7214,35.4630,10.6381,3.5459
7215,50.0553,15.0155,5.0050
7216,48.8518,14.6545,4.8847
7217,35.0012,10.4996,3.4997
7218,37.9823,11.3939,3.7978
7219,74.1644,22.2477,7.4156
7220,28.6955,8.6080,2.8692
7221,21.8485,6.5541,2.1846
7222,37.4803,11.2433,3.7476
7223,22.6783,6.8030,2.2676
7224,48.6838,14.6041,4.8679
7225,32.9912,9.8966,3.2988
7226,19.7267,5.9176,1.9725
7227,9.2637,2.7789,0.9263
7228,7.9109,2.3731,0.7910
7229,48.3038,14.4901,4.8299
7230,71.5589,21.4661,7.1551
7231,25.1772,7.5526,2.5175
7232,21.3060,6.3913,2.1304
7233,39.6821,11.9038,3.9678
7234,27.5783,8.2729,2.7575
7235,59.2856,17.7844,5.9279
7236,9.7814,2.9342,0.9780
7237,22.4151,6.7240,2.2413
7238,30.6208,9.1856,3.0618
7239,10.2470,3.0739,1.0246
7240,44.0945,13.2274,4.4090
7241,34.3112,10.2926,3.4308
7242,48.2346,14.4693,4.8229
7243,38.0125,11.4029,3.8008
7244,21.9465,6.5835,2.1944
7245,25.5193,7.6552,2.5517
7246,42.1353,12.6397,4.2131
7247,21.4954,6.4481,2.1493
7248,40.0575,12.0164,4.0053
7249,21.1274,6.3377,2.1125
7250,34.1161,10.2341,3.4112
7251,42.3783,12.7126,4.2374
7252,12.4924,3.7474,1.2491
7253,14.4617,4.3382,1.4460
7254,47.2501,14.1740,4.7245
7255,22.8360,6.8503,2.2834
7256,7.3967,2.2189,0.7396
7257,24.6551,7.3960,2.4652
7258,43.8735,13.1611,4.3869
7259,41.9554,12.5857,4.1951
7260,26.9626,8.0882,2.6960
7261,21.7688,6.5302,2.1767
7262,14.7065,4.4116,1.4705
7263,6.3852,1.9154,0.6384
7264,57.7750,17.3312,5.7769
7265,21.6675,6.4998,2.1665
7266,20.2128,6.0634,2.0211
7267,31.3674,9.4095,3.1364
7268,21.0835,6.3246,2.1081
7269,43.4208,13.0253,4.3416
7270,32.0543,9.6156,3.2051
7271,15.3789,4.6133,1.5377
7272,33.3994,10.0191,3.3396
7273,11.7592,3.5275,1.1758
7274,17.6768,5.3026,1.7675
7275,30.3494,9.1042,3.0346
7276,58.6189,17.5844,5.8613
7277,14.2080,4.2621,1.4206
7278,33.2415,9.9717,3.3238
7279,30.3687,9.1099,3.0365
7280,26.8565,8.0564,2.6854
7281,27.3338,8.1996,2.7331
7282,20.9105,6.2727,2.0908
7283,15.1256,4.5373,1.5124
7284,14.9675,4.4899,1.4966
7285,10.7090,3.2125,1.0708
7286,17.7207,5.3158,1.7719
7287,57.4680,17.2391,5.7462
7288,29.1107,8.7326,2.9108
7289,14.6504,4.3948,1.4649
7290,23.4259,7.0273,2.3423
7291,19.0390,5.7113,1.9037
7292,21.9333,6.5795,2.1931
7293,31.7593,9.5271,3.1756
7294,37.9964,11.3981,3.7992
7295,28.2756,8.4821,2.8273
7296,43.6344,13.0894,4.3630
7297,34.8548,10.4557,3.4851
7298,22.9832,6.8945,2.2981
7299,18.1636,5.4487,1.8162
7300,18.9476,5.6839,1.8946
7301,21.6373,6.4907,2.1635
7302,4.8555,1.4566,0.4855
7303,65.0400,19.5106,6.5033
7304,10.8089,3.2424,1.0808
7305,56.6455,16.9924,5.6639
7306,48.5061,14.5508,4.8501
7307,49.9871,14.9950,4.9982
7308,11.1277,3.3381,1.1127
7309,43.0223,12.9057,4.3018
7310,8.9020,2.6704,0.8901
7311,25.5151,7.6540,2.5512
7312,44.6894,13.4058,4.4685
7313,43.5625,13.0678,4.3558
7314,16.0230,4.8065,1.6021
7315,61.0467,18.3127,6.1040
7316,20.1588,6.0472,2.0157
7317,16.5846,4.9750,1.6583
7318,35.8693,10.7600,3.5865
7319,17.0727,5.1214,1.7071
7320,33.0181,9.9047,3.3015
7321,47.6542,14.2952,4.7649
7322,9.2688,2.7804,0.9268
7323,19.5099,5.8525,1.9508
7324,26.8599,8.0574,2.6857
7325,11.9005,3.5699,1.1899
7326,64.6218,19.3851,6.4615
7327,18.7454,5.6232,1.8743
7328,35.6960,10.7080,3.5692
7329,37.1908,11.1564,3.7187
7330,29.2777,8.7827,2.9275
7331,20.8968,6.2686,2.0895
7332,25.9097,7.7724,2.5907
7333,38.6640,11.5984,3.8660
7334,29.9352,8.9799,2.9932
7335,16.6688,5.0003,1.6667
7336,7.4107,2.2231,0.7410
7337,37.4014,11.2196,3.7397
7338,17.4145,5.2240,1.7413
7339,35.2085,10.5618,3.5205
7340,10.2110,3.0631,1.0210
7341,37.1128,11.1330,3.7109
7342,16.6550,4.9961,1.6653
7343,34.2941,10.2875,3.4290
7344,16.2115,4.8631,1.6210
7345,32.5919,9.7769,3.2588
7346,9.6688,2.9004,0.9668
7347,29.6054,8.8810,2.9602
7348,7.7517,2.3253,0.7751
7349,10.8943,3.2680,1.0893
7350,11.9829,3.5946,1.1982
7351,12.2589,3.6774,1.2258
7352,43.4709,13.0403,4.3466
7353,45.8519,13.7546,4.5847
7354,6.6776,2.0031,0.6677
7355,34.1699,10.2502,3.4166
7356,32.1101,9.6323,3.2107
7357,42.8919,12.8666,4.2887
7358,14.3022,4.2904,1.4301
7359,18.7812,5.6340,1.8779
7360,20.5657,6.1693,2.0563
7361,15.6528,4.6955,1.5651
7362,24.1910,7.2568,2.4188
7363,60.8479,18.2530,6.0841
7364,6.8160,2.0446,0.6815
7365,31.5358,9.4601,3.1532
7366,26.6568,7.9965,2.6654
7367,37.5576,11.2665,3.7554
7368,23.1709,6.9508,2.3168
7369,41.4049,12.4206,4.1400
7370,11.6789,3.5034,1.1678
7371,22.0923,6.6272,2.2090
7372,27.7159,8.3142,2.7713
7373,38.8410,11.6515,3.8837
7374,38.9616,11.6876,3.8957
7375,6.4144,1.9242,0.6414
7376,30.7613,9.2277,3.0758
7377,27.6278,8.2877,2.7625
7378,34.6749,10.4017,3.4671
7379,67.9534,20.3845,6.7946
7380,17.2141,5.1638,1.7212
7381,18.5622,5.5683,1.8560
7382,48.5743,14.5712,4.8569
7383,32.2405,9.6715,3.2237
7384,25.3648,7.6089,2.5362
7385,14.1471,4.2438,1.4146
7386,16.1509,4.8449,1.6149
7387,38.3375,11.5004,3.8333
7388,37.4474,11.2334,3.7443
7389,16.9291,5.0783,1.6927
7390,8.7810,2.6341,0.8780
7391,33.1756,9.9519,3.3172
7392,45.9492,13.7837,4.5944
7393,22.6236,6.7866,2.2621
7394,49.7359,14.9197,4.9731
7395,13.6807,4.1039,1.3679
7396,43.2248,12.9665,4.3220
7397,17.0745,5.1220,1.7073
7398,12.4948,3.7482,1.2494
7399,45.8261,13.7468,4.5821
7400,24.8461,7.4533,2.4843
7401,13.0120,3.9033,1.3011
7402,18.9540,5.6858,1.8952
7403,48.2036,14.4600,4.8198
7404,57.9401,17.3808,5.7934
7405,22.9234,6.8765,2.2921
7406,8.6500,2.5948,0.8649
7407,14.5527,4.3655,1.4551
7408,22.0088,6.6022,2.2006
7409,16.1183,4.8351,1.6117
7410,28.9855,8.6950,2.8982
7411,39.8056,11.9408,3.9801
7412,24.1380,7.2409,2.4135
7413,46.4980,13.9484,4.6493
7414,45.7959,13.7378,4.5791
7415,22.4439,6.7327,2.2442
7416,9.0320,2.7094,0.9031
7417,22.4618,6.7381,2.2459
7418,18.1041,5.4308,1.8102
7419,19.1996,5.7595,1.9198
7420,22.6710,6.8008,2.2669
7421,13.0177,3.9050,1.3016
7422,88.9769,26.6911,8.8967
7423,11.8241,3.5470,1.1823
7424,14.4175,4.3249,1.4416
7425,8.7713,2.6312,0.8770
7426,68.3733,20.5105,6.8366
7427,10.1292,3.0385,1.0128
7428,13.5596,4.0676,1.3558
7429,11.3407,3.4020,1.1340
7430,12.8729,3.8616,1.2872
7431,18.1076,5.4319,1.8106
7432,45.4890,13.6457,4.5484
7433,26.7832,8.0344,2.6780
7434,28.7630,8.6283,2.8760
7435,11.5768,3.4728,1.1576
7436,13.6049,4.0812,1.3603
7437,8.1169,2.4349,0.8116
7438,39.0898,11.7261,3.9086
7439,32.0216,9.6058,3.2018
7440,82.6370,24.7893,8.2628
7441,22.7908,6.8367,2.2788
7442,60.2815,18.0831,6.0275
7443,46.4881,13.9454,4.6483
7444,24.6764,7.4024,2.4674
7445,14.3730,4.3116,1.4371
7446,40.9414,12.2815,4.0937
7447,35.5609,10.6675,3.5557
7448,34.7047,10.4107,3.4701
7449,13.3549,4.0062,1.3353
7450,19.7622,5.9282,1.9760
7451,17.2996,5.1895,1.7298
7452,13.7240,4.1169,1.3723
7453,8.7905,2.6370,0.8790
7454,37.6965,11.3081,3.7692
7455,50.5615,15.1674,5.0556
7456,31.2325,9.3691,3.1229
7457,22.5962,6.7784,2.2594
7458,16.8196,5.0455,1.6818
7459,12.2930,3.6876,1.2292
7460,60.1716,18.0502,6.0165
7461,6.7579,2.0272,0.6757
7462,34.4651,10.3388,3.4461
7463,14.7547,4.4261,1.4753
7464,19.8886,5.9661,1.9886
7465,24.2739,7.2817,2.4271
7466,26.8105,8.0426,2.6808
7467,46.1946,13.8574,4.6190
7468,13.6397,4.0916,1.3638
7469,55.4809,16.6430,5.5475
7470,12.6807,3.8039,1.2679
7471,6.1215,1.8363,0.6121
7472,44.2443,13.2723,4.4240
7473,25.0332,7.5094,2.5031
7474,45.1755,13.5517,4.5171
7475,17.7639,5.3288,1.7762
7476,9.2426,2.7726,0.9242
7477,14.1561,4.2465,1.4155
7478,14.8849,4.4652,1.4883
7479,33.9466,10.1832,3.3943
7480,20.0324,6.0093,2.0030
7481,52.6173,15.7840,5.2612
7482,36.5776,10.9725,3.6574
7483,23.3008,6.9897,2.3298
7484,23.1645,6.9488,2.3162
7485,13.1961,3.9585,1.3195
7486,17.7658,5.3294,1.7764
7487,32.4506,9.7345,3.2447
7488,15.3146,4.5940,1.5313
7489,12.7492,3.8245,1.2748
7490,20.5035,6.1506,2.0501
7491,14.1298,4.2386,1.4128
7492,35.9061,10.7710,3.5902
7493,43.1921,12.9567,4.3188
7494,10.6999,3.2097,1.0699
7495,10.4146,3.1242,1.0414
7496,20.4154,6.1242,2.0413
7497,48.9067,14.6709,4.8901
7498,53.2249,15.9663,5.3219
7499,54.3011,16.2891,5.4295
7500,11.9566,3.5867,1.1955
7501,16.9149,5.0741,1.6913
7502,12.7861,3.8356,1.2785
7503,48.9464,14.6829,4.8941
7504,11.8640,3.5589,1.1863
7505,24.2951,7.2880,2.4293
7506,63.5011,19.0489,6.3494
7507,17.6632,5.2986,1.7661
7508,32.4892,9.7460,3.2486
7509,58.4337,17.5288,5.8427
7510,27.8436,8.3525,2.7841
7511,19.4495,5.8344,1.9447
7512,50.0918,15.0264,5.0086
7513,33.3007,9.9895,3.3297
7514,29.8964,8.9683,2.9893
7515,21.3093,6.3923,2.1307
7516,12.9272,3.8779,1.2926
7517,6.1475,1.8441,0.6147
7518,44.0120,13.2026,4.4007
7519,53.4230,16.0257,5.3417
7520,52.3646,15.7082,5.2359
7521,11.5091,3.4525,1.1508
7522,52.3365,15.6998,5.2331
7523,22.1118,6.6331,2.2109
7524,45.1295,13.5379,4.5125
7525,17.8367,5.3506,1.7835
7526,34.4769,10.3423,3.4473
7527,40.8598,12.2570,4.0855
7528,15.5918,4.6772,1.5590
7529,14.1253,4.2373,1.4124
7530,31.8785,9.5629,3.1875
7531,19.9611,5.9879,1.9959
7532,10.1915,3.0572,1.0190
7533,36.4269,10.9273,3.6423
7534,53.9627,16.1876,5.3957
7535,23.5566,7.0665,2.3554
7536,34.8349,10.4497,3.4831
7537,20.0134,6.0036,2.0011
7538,60.7833,18.2337,6.0777
7539,28.9341,8.6796,2.8931
7540,22.9266,6.8775,2.2924
7541,4.2837,1.2850,0.4283
7542,39.8474,11.9533,3.9843
7543,8.6403,2.5919,0.8639
7544,31.8555,9.5560,3.1852
7545,20.7855,6.2352,2.0783
7546,20.4705,6.1407,2.0468
7547,10.2145,3.0641,1.0213
7548,40.8477,12.2534,4.0843
7549,19.4042,5.8208,1.9402
7550,32.4137,9.7234,3.2410
7551,30.6061,9.1812,3.0603
7552,34.9807,10.4935,3.4977
7553,25.3629,7.6083,2.5360
7554,22.1717,6.6510,2.2169
7555,20.3599,6.1075,2.0358
7556,11.9169,3.5748,1.1916
7557,14.2889,4.2863,1.4287
7558,15.6137,4.6838,1.5612
7559,7.2349,2.1703,0.7234
7560,29.5876,8.8756,2.9584
7561,12.0656,3.6194,1.2064
7562,43.8664,13.1590,4.3862
7563,20.2468,6.0736,2.0245
7564,39.3129,11.7930,3.9309
7565,5.7204,1.7160,0.5720
7566,23.6760,7.1023,2.3673
7567,45.5231,13.6559,4.5518
7568,37.0980,11.1286,3.7094
7569,49.0590,14.7166,4.9054
7570,12.9474,3.8839,1.2946
7571,7.3239,2.1970,0.7323
7572,34.8060,10.4410,3.4802
7573,8.4326,2.5296,0.8432
7574,75.2042,22.5596,7.5196
7575,15.9008,4.7699,1.5899
7576,6.6576,1.9971,0.6657
7577,22.9302,6.8786,2.2928
7578,36.9710,11.0905,3.6967
7579,18.4254,5.5272,1.8423
7580,12.9574,3.8869,1.2956
7581,45.8757,13.7617,4.5871
7582,15.2767,4.5827,1.5275
7583,35.9502,10.7843,3.5946
7584,35.7507,10.7244,3.5747
7585,22.9617,6.8880,2.2959
7586,12.3239,3.6969,1.2323
7587,40.4033,12.1201,4.0399
7588,12.2403,3.6718,1.2239
7589,55.7711,16.7301,5.5765
7590,20.6680,6.1999,2.0666
7591,18.9034,5.6706,1.8901
7592,58.7608,17.6270,5.8754
7593,20.5250,6.1571,2.0523
7594,47.6493,14.2937,4.7644
7595,16.8528,5.0555,1.6851
7596,22.3081,6.6919,2.2306
7597,24.3670,7.3096,2.4364
7598,16.3826,4.9144,1.6381
7599,48.4457,14.5327,4.8441
7600,21.7244,6.5168,2.1722
7601,19.0984,5.7291,1.9096
7602,28.7092,8.6121,2.8706
7603,68.1419,20.4411,6.8135
7604,19.3325,5.7993,1.9330
7605,25.6968,7.7085,2.5694
7606,38.1245,11.4365,3.8120
7607,68.6554,20.5951,6.8648
7608,27.4985,8.2489,2.7496
7609,12.9856,3.8954,1.2984
7610,17.5380,5.2610,1.7536
7611,93.0118,27.9015,9.3002
7612,24.7925,7.4372,2.4790
7613,24.0080,7.2019,2.4005
7614,15.6481,4.6941,1.5646
7615,24.4108,7.3227,2.4408
7616,31.9850,9.5948,3.1982
7617,7.3399,2.2018,0.7339
7618,32.1526,9.6451,3.2149
7619,8.5289,2.5585,0.8528
7620,8.2306,2.4690,0.8230
7621,52.4267,15.7269,5.2421
7622,12.8162,3.8446,1.2815
7623,39.4601,11.8372,3.9456
7624,15.9875,4.7959,1.5986
7625,44.0490,13.2137,4.4044
7626,42.5571,12.7662,4.2553
7627,15.4261,4.6275,1.5424
7628,14.5980,4.3791,1.4596
7629,29.6963,8.9082,2.9693
7630,37.9497,11.3841,3.7946
7631,59.3440,17.8019,5.9338
7632,9.9104,2.9729,0.9909
7633,24.9347,7.4799,2.4932
7634,11.8149,3.5442,1.1814
7635,30.9221,9.2759,3.0919
7636,51.0654,15.3185,5.1060
7637,17.9992,5.3994,1.7997
7638,16.3116,4.8931,1.6310
7639,12.0364,3.6106,1.2035
7640,34.0990,10.2290,3.4095
7641,9.5018,2.8503,0.9501
7642,50.9995,15.2987,5.0994
7643,21.5331,6.4595,2.1531
7644,21.9968,6.5985,2.1994
7645,39.5034,11.8501,3.9499
7646,42.6880,12.8055,4.2683
7647,16.7152,5.0142,1.6713
7648,47.9880,14.3954,4.7983
7649,22.9179,6.8749,2.2915
7650,46.8354,14.0496,4.6830
7651,61.4305,18.4278,6.1424
7652,62.7536,18.8247,6.2747
7653,62.3070,18.6908,6.2300
7654,23.1293,6.9383,2.3127
7655,43.3215,12.9955,4.3317
7656,16.4277,4.9280,1.6426
7657,7.0457,2.1136,0.7045
7658,28.1638,8.4485,2.8161
7659,30.2847,9.0847,3.0281
7660,32.2760,9.6821,3.2273
7661,47.2303,14.1681,4.7225
7662,45.7330,13.7189,4.5728
7663,30.5662,9.1692,3.0563
7664,6.5423,1.9626,0.6542
7665,53.4740,16.0410,5.3468
7666,37.6143,11.2835,3.7610
7667,30.1177,9.0346,3.0114
7668,42.4560,12.7359,4.2451
7669,45.5025,13.6497,4.5498
7670,14.9353,4.4803,1.4934
7671,24.3016,7.2899,2.4299
7672,16.7349,5.0201,1.6733
7673,21.9238,6.5767,2.1921
7674,14.5614,4.3681,1.4560
7675,20.3044,6.0909,2.0302
7676,19.4189,5.8253,1.9417
7677,12.1991,3.6595,1.2198
7678,29.9837,8.9945,2.9980
7679,35.8489,10.7539,3.5845
7680,29.4758,8.8421,2.9473
7681,16.5724,4.9714,1.6571
7682,15.8360,4.7505,1.5834
7683,32.0075,9.6015,3.2004
7684,47.2806,14.1831,4.7276
7685,15.2980,4.5891,1.5296
7686,18.7860,5.6354,1.8784
7687,22.0559,6.6163,2.2053
7688,16.8087,5.0422,1.6807
7689,9.4331,2.8297,0.9432
7690,11.8639,3.5589,1.1863
7691,45.3751,13.6116,4.5370
7692,38.2343,11.4695,3.8230
7693,20.4251,6.1271,2.0423
7694,18.2625,5.4783,1.8261
7695,18.7941,5.6378,1.8792
7696,54.3039,16.2900,5.4298
7697,76.3414,22.9008,7.6333
7698,18.7841,5.6348,1.8782
7699,37.3467,11.2032,3.7343
7700,54.4589,16.3365,5.4453
7701,33.4434,10.0323,3.3440
7702,54.7182,16.4143,5.4712
7703,47.6990,14.3087,4.7694
7704,11.5317,3.4592,1.1530
7705,38.9974,11.6984,3.8993
7706,23.8990,7.1692,2.3896
7707,32.0547,9.6157,3.2051
7708,50.9809,15.2932,5.0975
7709,41.1617,12.3476,4.1157
7710,58.1341,17.4389,5.8128
7711,44.0415,13.2115,4.4037
7712,49.8719,14.9605,4.9867
7713,22.3229,6.6964,2.2320
7714,27.8041,8.3406,2.7801
7715,26.6631,7.9984,2.6660
7716,13.3897,4.0166,1.3388
7717,18.8558,5.6563,1.8854
7718,24.3979,7.3188,2.4395
7719,16.6564,4.9966,1.6655
7720,37.5345,11.2595,3.7531
7721,60.3328,18.0985,6.0326
7722,9.1354,2.7404,0.9134
7723,21.3498,6.4045,2.1347
7724,16.4141,4.9239,1.6412
7725,19.0440,5.7128,1.9042
7726,17.3800,5.2136,1.7378
7727,35.0213,10.5056,3.5018
7728,33.2541,9.9755,3.3250
7729,5.5359,1.6607,0.5535
7730,47.0363,14.1099,4.7031
7731,34.3363,10.3001,3.4333
7732,28.2878,8.4857,2.8285
7733,35.8926,10.7670,3.5889
7734,17.3410,5.2019,1.7339
7735,43.7160,13.1138,4.3711
7736,59.0237,17.7058,5.9017
7737,48.1125,14.4327,4.8107
7738,17.4692,5.2404,1.7467
7739,37.9021,11.3698,3.7898
7740,33.9038,10.1704,3.3900
7741,41.7152,12.5137,4.1711
7742,10.0767,3.0228,1.0076
7743,78.6965,23.6072,7.8688
7744,37.7507,11.3244,3.7747
7745,26.8434,8.0524,2.6841
7746,14.7973,4.4389,1.4796
7747,21.0617,6.3180,2.1059
7748,60.6965,18.2076,6.0690
7749,12.1368,3.6408,1.2136
7750,19.2543,5.7759,1.9252
7751,41.1441,12.3423,4.1140
7752,90.6307,27.1872,9.0621
7753,12.8635,3.8588,1.2862
7754,90.9076,27.2703,9.0898
7755,9.0522,2.7155,0.9051
7756,33.1339,9.9394,3.3130
7757,13.6452,4.0933,1.3644
7758,13.5299,4.0587,1.3528
7759,19.5895,5.8764,1.9587
7760,31.5632,9.4683,3.1560
7761,19.1976,5.7588,1.9195
7762,34.9907,10.4964,3.4987
7763,11.1666,3.3497,1.1165
7764,35.4081,10.6217,3.5404
7765,16.8566,5.0566,1.6855
7766,12.5898,3.7767,1.2588
7767,37.4820,11.2438,3.7478
7768,34.0239,10.2064,3.4020
7769,6.9673,2.0901,0.6967
7770,58.0559,17.4155,5.8050
7771,15.8570,4.7567,1.5855
7772,32.2911,9.6866,3.2288
7773,7.3286,2.1984,0.7328
7774,20.3981,6.1190,2.0396
7775,14.6522,4.3954,1.4651
7776,11.9435,3.5828,1.1942
7777,10.7956,3.2384,1.0794
7778,27.3380,8.2008,2.7335
7779,27.6692,8.3001,2.7666
7780,43.7578,13.1264,4.3753
7781,53.3959,16.0176,5.3390
7782,13.1502,3.9448,1.3149
7783,21.1229,6.3364,2.1121
7784,61.5472,18.4628,6.1541
7785,45.5816,13.6735,4.5577
7786,37.2997,11.1891,3.7296
7787,41.0156,12.3038,4.1011
7788,9.5778,2.8731,0.9577
7789,8.2227,2.4666,0.8222
7790,6.8030,2.0408,0.6802
7791,24.7182,7.4149,2.4716
7792,33.7924,10.1370,3.3789
7793,38.8118,11.6427,3.8808
7794,19.4089,5.8222,1.9407
7795,33.6968,10.1083,3.3693
7796,10.7778,3.2331,1.0777
7797,40.8897,12.2660,4.0885
7798,28.0814,8.4238,2.8078
7799,34.5397,10.3612,3.4536
7800,30.0683,9.0198,3.0065
7801,53.9274,16.1770,5.3922
7802,17.9110,5.3729,1.7909
7803,14.9785,4.4932,1.4977
7804,13.2826,3.9845,1.3281
7805,28.6256,8.5871,2.8623
7806,31.7505,9.5245,3.1747
7807,53.0771,15.9220,5.3071
7808,17.2965,5.1886,1.7295
7809,44.2308,13.2683,4.4226
7810,32.5388,9.7609,3.2535
7811,21.1475,6.3438,2.1145
7812,17.5877,5.2759,1.7586
7813,10.4207,3.1260,1.0420
7814,20.6668,6.1996,2.0665
7815,11.9311,3.5791,1.1930
7816,45.5846,13.6744,4.5580
7817,35.4310,10.6285,3.5427
7818,16.5278,4.9580,1.6526
7819,7.5233,2.2568,0.7522
7820,49.2463,14.7728,4.9241
7821,62.0915,18.6261,6.2085
7822,21.4728,6.4414,2.1470
7823,40.6616,12.1976,4.0657
7824,14.4858,4.3454,1.4484
7825,9.8823,2.9645,0.9881
7826,49.9961,14.9977,4.9991
7827,67.4930,20.2464,6.7486
7828,48.8509,14.6542,4.8846
7829,82.4746,24.7406,8.2466
7830,47.5664,14.2689,4.7561
7831,25.6803,7.7035,2.5678
7832,31.6776,9.5026,3.1674
7833,40.4398,12.1311,4.0435
7834,15.7601,4.7277,1.5758
7835,38.8911,11.6665,3.8887
7836,30.2878,9.0857,3.0285
7837,15.3901,4.6167,1.5388
7838,20.8240,6.2467,2.0822
7839,41.8910,12.5664,4.1886
7840,34.6829,10.4041,3.4679
7841,29.0871,8.7255,2.9084
7842,9.1009,2.7301,0.9100
7843,19.8085,5.9421,1.9806
7844,66.7281,20.0170,6.6721
7845,31.5079,9.4517,3.1505
7846,67.8143,20.3428,6.7807
7847,13.8617,4.1582,1.3860
7848,17.4896,5.2465,1.7488
7849,54.0753,16.2214,5.4069
7850,30.8126,9.2431,3.0809
7851,43.6294,13.0879,4.3625
7852,27.6905,8.3065,2.7687
7853,26.8004,8.0395,2.6798
7854,9.8316,2.9493,0.9831
7855,16.2455,4.8733,1.6244
7856,11.3619,3.4083,1.1361
7857,60.5139,18.1528,6.0507
7858,15.0780,4.5231,1.5076
7859,18.8245,5.6469,1.8822
7860,19.2079,5.7619,1.9206
7861,28.1934,8.4574,2.8190
7862,19.7321,5.9192,1.9730
7863,60.6371,18.1898,6.0631
7864,38.1896,11.4561,3.8186
7865,41.8528,12.5549,4.1848
7866,14.1050,4.2312,1.4103
7867,16.1654,4.8493,1.6164
7868,32.6197,9.7852,3.2616
7869,33.4318,10.0288,3.3428
7870,11.8317,3.5493,1.1830
7871,34.5629,10.3681,3.4559
7872,35.3910,10.6165,3.5387
7873,30.3798,9.1133,3.0377
7874,45.1191,13.5347,4.5114
7875,15.9407,4.7819,1.5939
7876,31.9491,9.5840,3.1946
7877,56.1435,16.8418,5.6138
7878,9.7177,2.9151,0.9717
7879,21.5170,6.4546,2.1515
7880,36.4912,10.9466,3.6487
7881,21.7647,6.5289,2.1762
7882,7.1224,2.1366,0.7122
7883,40.7904,12.2362,4.0786
7884,12.3768,3.7128,1.2375
7885,40.3206,12.0953,4.0316
7886,36.4773,10.9424,3.6473
7887,37.3441,11.2024,3.7340
7888,22.4865,6.7455,2.2484
7889,61.2629,18.3775,6.1256
7890,28.5078,8.5517,2.8505
7891,19.3885,5.8161,1.9386
7892,32.1692,9.6501,3.2166
7893,95.4026,28.6187,9.5392
7894,25.0864,7.5254,2.5084
7895,15.4433,4.6327,1.5442
7896,15.0558,4.5164,1.5054
7897,11.3620,3.4084,1.1361
7898,12.6431,3.7926,1.2642
7899,44.2788,13.2827,4.4274
7900,23.4866,7.0455,2.3484
7901,42.9728,12.8909,4.2968
7902,30.4061,9.1212,3.0403
7903,17.3028,5.1905,1.7301
7904,27.0435,8.1125,2.7041
7905,4.8649,1.4594,0.4864
7906,8.7794,2.6336,0.8778
7907,30.2961,9.0882,3.0293
7908,16.4197,4.9256,1.6418
7909,19.8811,5.9639,1.9879
7910,14.8518,4.4552,1.4850
7911,32.6140,9.7835,3.2611
7912,34.4422,10.3319,3.4439
7913,9.2329,2.7697,0.9232
7914,28.8791,8.6631,2.8876
7915,8.1607,2.4480,0.8160
7916,22.8846,6.8649,2.2882
7917,16.4286,4.9282,1.6427
7918,11.4019,3.4203,1.1401
7919,27.1750,8.1519,2.7172
7920,70.0858,21.0242,7.0078
7921,55.6273,16.6870,5.5621
7922,62.8657,18.8583,6.2859
7923,18.5558,5.5663,1.8554
7924,22.4957,6.7482,2.2493
7925,14.0560,4.2165,1.4055
7926,5.7372,1.7210,0.5737
7927,32.5577,9.7666,3.2554
7928,11.9747,3.5921,1.1973
7929,40.7337,12.2192,4.0729
7930,21.6357,6.4902,2.1633
7931,15.6282,4.6881,1.5626
7932,43.4852,13.0446,4.3481
7933,32.5761,9.7721,3.2573
7934,23.4160,7.0243,2.3413
7935,60.5151,18.1532,6.0509
7936,50.7805,15.2330,5.0775
7937,33.1349,9.9397,3.3131
7938,16.1971,4.8588,1.6195
7939,32.1315,9.6387,3.2128
7940,21.1207,6.3357,2.1118
7941,5.9682,1.7903,0.5968
7942,39.7886,11.9357,3.9784
7943,46.8642,14.0582,4.6859
7944,5.9079,1.7722,0.5907
7945,46.1301,13.8380,4.6125
7946,25.7214,7.7159,2.5719
7947,26.8849,8.0649,2.6882
7948,40.8477,12.2534,4.0843
7949,29.7546,8.9257,2.9751
7950,31.8351,9.5498,3.1832
7951,25.8957,7.7682,2.5893
7952,14.2488,4.2743,1.4247
7953,14.6506,4.3949,1.4649
7954,25.6920,7.7070,2.5689
7955,29.2785,8.7829,2.9275
7956,18.5951,5.5781,1.8593
7957,31.3252,9.3969,3.1322
7958,7.9982,2.3993,0.7997
7959,18.5336,5.5597,1.8532
7960,31.8654,9.5589,3.1862
7961,12.5685,3.7703,1.2567
7962,40.8681,12.2595,4.0864
7963,30.7745,9.2317,3.0771
7964,11.8489,3.5544,1.1848
7965,55.4158,16.6235,5.5410
7966,52.7521,15.8245,5.2746
7967,52.4599,15.7368,5.2454
7968,21.0102,6.3026,2.1008
7969,37.7354,11.3198,3.7731
7970,67.2969,20.1876,6.7290
7971,18.8405,5.6517,1.8839
7972,40.3061,12.0910,4.0302
7973,49.5861,14.8747,4.9581
7974,35.9681,10.7896,3.5964
7975,39.9904,11.9962,3.9986
7976,25.6492,7.6942,2.5646
7977,10.4309,3.1290,1.0430
7978,33.6444,10.0926,3.3641
7979,8.2503,2.4749,0.8249
7980,13.9028,4.1705,1.3901
7981,7.1861,2.1557,0.7185
7982,31.1239,9.3365,3.1121
7983,20.2512,6.0749,2.0249
7984,14.3290,4.2984,1.4328
7985,29.9807,8.9936,2.9978
7986,10.5618,3.1683,1.0561
7987,56.0714,16.8202,5.6065
7988,18.4890,5.5463,1.8487
7989,47.4956,14.2476,4.7490
7990,31.6768,9.5023,3.1673
7991,16.6736,5.0017,1.6672
7992,35.7765,10.7322,3.5773
7993,27.9035,8.3705,2.7901
7994,14.1088,4.2323,1.4107
7995,21.5964,6.4785,2.1594
7996,15.7297,4.7186,1.5728
7997,24.2656,7.2792,2.4263
7998,42.2887,12.6857,4.2284
7999,86.6461,25.9919,8.6637
8000,23.1202,6.9356,2.3118
8001,18.9919,5.6972,1.8990
8002,62.6719,18.8002,6.2665
8003,27.0009,8.0997,2.6998
8004,7.6141,2.2841,0.7613
8005,13.7981,4.1391,1.3797
8006,27.4112,8.2228,2.7408
8007,38.8612,11.6575,3.8857
8008,29.2133,8.7634,2.9210
8009,61.6932,18.5066,6.1687
8010,68.7988,20.6381,6.8791
8011,50.0356,15.0096,5.0030
8012,17.1280,5.1380,1.7126
8013,29.8151,8.9439,2.9812
8014,13.2514,3.9751,1.3250
8015,41.4077,12.4214,4.1403
8016,33.9192,10.1750,3.3916
8017,65.5018,19.6491,6.5495
8018,42.9718,12.8906,4.2967
8019,32.6129,9.7832,3.2609
8020,54.9428,16.4816,5.4937
8021,36.8798,11.0631,3.6876
8022,8.5290,2.5585,0.8528
8023,62.5075,18.7509,6.2501
8024,27.4834,8.2444,2.7480
8025,13.8970,4.1688,1.3896
8026,47.1557,14.1457,4.7151
8027,18.8893,5.6664,1.8887
8028,40.9065,12.2711,4.0902
8029,34.5007,10.3494,3.4497
8030,27.8889,8.3661,2.7886
8031,33.8970,10.1683,3.3893
8032,19.1753,5.7522,1.9173
8033,45.6480,13.6934,4.5643
8034,11.6821,3.5044,1.1681
8035,34.6107,10.3824,3.4607
8036,4.4284,1.3284,0.4428
8037,15.3574,4.6069,1.5356
8038,45.9866,13.7950,4.5982
8039,20.5065,6.1515,2.0504
8040,10.0844,3.0251,1.0083
8041,42.1810,12.6534,4.2177
8042,3.8913,1.1673,0.3891
8043,34.8819,10.4638,3.4878
8044,42.2138,12.6632,4.2209
8045,30.7688,9.2300,3.0766
8046,30.6746,9.2017,3.0671
8047,6.4097,1.9228,0.6409
8048,12.2546,3.6761,1.2253
8049,19.4181,5.8250,1.9416
8050,42.3572,12.7062,4.2353
8051,5.1320,1.5395,0.5131
8052,25.7045,7.7108,2.5702
8053,21.5336,6.4596,2.1531
8054,13.4428,4.0325,1.3441
8055,12.7361,3.8206,1.2735
8056,31.5297,9.4582,3.1526
8057,53.6668,16.0989,5.3661
8058,24.4942,7.3477,2.4492
8059,15.1682,4.5501,1.5167
8060,24.5900,7.3765,2.4587
8061,46.3001,13.8890,4.6295
8062,51.9813,15.5932,5.1976
8063,33.7199,10.1152,3.3716
8064,14.4573,4.3369,1.4456
8065,20.4168,6.1246,2.0415
8066,22.1075,6.6318,2.2105
8067,59.9417,17.9812,5.9935
8068,16.0035,4.8007,1.6002
8069,11.0961,3.3286,1.1095
8070,20.4435,6.1326,2.0441
8071,33.4145,10.0236,3.3411
8072,18.8580,5.6570,1.8856
8073,28.8297,8.6483,2.8827
8074,14.5543,4.3660,1.4553
8075,10.5217,3.1563,1.0521
8076,31.0336,9.3094,3.1030
8077,53.9068,16.1709,5.3901
8078,15.7154,4.7143,1.5714
8079,12.1059,3.6315,1.2105
8080,15.2281,4.5681,1.5226
8081,24.6713,7.4009,2.4669
8082,41.3700,12.4101,4.1366
8083,15.2864,4.5856,1.5285
8084,11.6227,3.4866,1.1621
8085,30.7733,9.2313,3.0770
8086,19.4806,5.8438,1.9479
8087,10.9095,3.2726,1.0908
8088,14.9515,4.4851,1.4950
8089,50.9679,15.2893,5.0962
8090,30.5557,9.1661,3.0552
8091,39.1210,11.7355,3.9117
8092,14.2240,4.2669,1.4222
8093,47.1358,14.1397,4.7131
8094,17.6583,5.2971,1.7656
8095,25.9300,7.7784,2.5927
8096,40.8831,12.2640,4.0879
8097,38.0423,11.4119,3.8038
8098,16.1209,4.8359,1.6119
8099,16.3350,4.9002,1.6333
8100,22.1136,6.6336,2.2111
8101,7.6980,2.3092,0.7697
8102,49.4496,14.8338,4.9444
8103,32.3493,9.7041,3.2346
8104,50.9939,15.2971,5.0988
8105,44.0622,13.2177,4.4057
8106,26.5736,7.9715,2.6571
8107,26.6462,7.9933,2.6643
8108,22.8494,6.8543,2.2847
8109,10.9287,3.2784,1.0928
8110,33.0166,9.9043,3.3013
8111,13.8379,4.1511,1.3836
8112,73.6282,22.0869,7.3620
8113,42.7629,12.8279,4.2758
8114,49.6973,14.9081,4.9692
8115,9.6415,2.8923,0.9641
8116,23.2495,6.9744,2.3247
8117,32.8824,9.8640,3.2879
8118,33.1541,9.9455,3.3151
8119,13.4051,4.0212,1.3404
8120,48.2078,14.4613,4.8203
8121,10.2146,3.0642,1.0213
8122,19.3764,5.8125,1.9374
8123,22.8231,6.8464,2.2821
8124,12.3850,3.7152,1.2384
8125,73.4665,22.0383,7.3459
8126,38.7806,11.6333,3.8776
8127,50.2366,15.0699,5.0231
8128,57.5973,17.2779,5.7591
8129,20.8917,6.2671,2.0889
8130,22.9104,6.8726,2.2908
8131,15.3068,4.5917,1.5305
8132,22.9412,6.8819,2.2939
8133,22.6444,6.7928,2.2642
8134,21.0520,6.3152,2.1050
8135,12.6357,3.7904,1.2634
8136,12.7309,3.8190,1.2730
8137,11.8478,3.5541,1.1846
8138,11.2695,3.3806,1.1268
8139,56.3041,16.8900,5.6298
8140,14.9099,4.4726,1.4908
8141,30.2488,9.0740,3.0246
8142,44.8695,13.4599,4.4865
8143,16.8983,5.0691,1.6896
8144,61.0997,18.3286,6.1093
8145,32.8766,9.8623,3.2873
8146,7.0347,2.1103,0.7034
8147,42.1051,12.6306,4.2101
8148,24.8785,7.4630,2.4876
8149,15.8998,4.7696,1.5898
8150,9.6855,2.9054,0.9684
8151,46.1357,13.8397,4.6131
8152,24.9544,7.4858,2.4952
8153,24.5591,7.3672,2.4557
8154,39.3581,11.8066,3.9354
8155,43.6868,13.1051,4.3682
8156,32.3715,9.7107,3.2368
8157,32.3885,9.7159,3.2385
8158,6.7563,2.0267,0.6756
8159,25.5647,7.6688,2.5562
8160,114.8624,34.4562,11.4850
8161,58.0522,17.4144,5.8046
8162,41.8014,12.5395,4.1797
8163,31.6750,9.5018,3.1672
8164,34.2434,10.2723,3.4240
8165,14.8156,4.4444,1.4814
8166,14.8963,4.4686,1.4895
8167,54.1197,16.2347,5.4114
8168,34.6697,10.4002,3.4666
8169,39.6506,11.8943,3.9646
8170,17.5802,5.2737,1.7578
8171,5.1523,1.5456,0.5152
8172,37.1520,11.1448,3.7148
8173,31.4111,9.4226,3.1408
8174,17.6262,5.2875,1.7624
8175,25.7684,7.7300,2.5766
8176,40.0528,12.0150,4.0048
8177,21.5359,6.4603,2.1534
8178,25.2480,7.5739,2.5245
8179,50.9872,15.2950,5.0982
8180,48.1092,14.4317,4.8104
8181,13.8935,4.1677,1.3892
8182,18.0803,5.4237,1.8078
8183,14.0189,4.2054,1.4017
8184,35.7183,10.7147,3.5714
8185,10.1482,3.0442,1.0147
8186,27.5999,8.2794,2.7597
8187,79.5632,23.8672,7.9555
8188,51.0856,15.3246,5.1080
8189,35.0607,10.5175,3.5057
8190,56.0291,16.8075,5.6023
8191,30.2305,9.0685,3.0227
8192,49.8386,14.9505,4.9833
8193,27.0533,8.1154,2.7050
8194,72.8693,21.8592,7.2861
8195,26.2329,7.8693,2.6230
8196,42.4596,12.7370,4.2455
8197,14.1022,4.2304,1.4101
8198,43.9171,13.1742,4.3912
8199,17.3775,5.2129,1.7376
8200,30.9436,9.2824,3.0940
8201,67.0132,20.1025,6.7006
8202,29.9836,8.9944,2.9980
8203,22.4394,6.7313,2.2437
8204,46.2695,13.8798,4.6264
8205,30.9872,9.2955,3.0984
8206,24.0831,7.2244,2.4081
8207,29.2584,8.7769,2.9255
8208,44.0604,13.2172,4.4056
8209,7.7555,2.3265,0.7755
8210,25.3147,7.5939,2.5312
8211,21.2222,6.3662,2.1220
8212,14.6043,4.3810,1.4603
8213,26.8904,8.0665,2.6887
8214,19.6097,5.8825,1.9608
8215,27.7141,8.3136,2.7711
8216,37.0504,11.1143,3.7046
8217,6.9553,2.0864,0.6955
8218,29.1144,8.7337,2.9111
8219,36.7632,11.0282,3.6759
8220,35.3562,10.6061,3.5352
8221,37.3199,11.1952,3.7316
8222,17.1706,5.1508,1.7169
8223,11.5451,3.4633,1.1544
8224,12.8861,3.8656,1.2885
8225,17.0350,5.1101,1.7033
8226,51.6569,15.4959,5.1651
8227,39.1528,11.7450,3.9149
8228,23.9726,7.1913,2.3970
8229,9.1727,2.7516,0.9172
8230,44.5073,13.3512,4.4503
8231,32.2777,9.6826,3.2274
8232,15.9178,4.7750,1.5916
8233,47.0600,14.1170,4.7055
8234,20.7419,6.2221,2.0740
8235,14.3680,4.3101,1.4366
8236,11.9426,3.5825,1.1941
8237,48.6472,14.5931,4.8642
8238,24.4631,7.3384,2.4460
8239,32.2966,9.6883,3.2293
8240,11.8396,3.5516,1.1838
8241,8.9271,2.6779,0.8926
8242,50.2170,15.0640,5.0212
8243,6.4386,1.9314,0.6438
8244,32.6440,9.7925,3.2640
8245,16.4137,4.9237,1.6412
8246,39.3864,11.8151,3.9382
8247,41.8174,12.5443,4.1813
8248,33.0644,9.9186,3.3061
8249,7.3539,2.2060,0.7353
8250,34.1956,10.2579,3.4192
8251,48.4363,14.5298,4.8431
8252,19.2767,5.7826,1.9275
8253,52.0653,15.6185,5.2060
8254,15.7919,4.7372,1.5790
8255,60.6941,18.2069,6.0688
8256,42.4314,12.7285,4.2427
8257,8.9513,2.6852,0.8950
8258,55.5310,16.6581,5.5525
8259,12.3501,3.7048,1.2349
8260,28.6188,8.5850,2.8616
8261,13.6003,4.0798,1.3599
8262,24.1552,7.2460,2.4153
8263,32.6469,9.7934,3.2643
8264,16.5356,4.9603,1.6534
8265,24.5548,7.3659,2.4552
8266,47.9969,14.3980,4.7992
8267,33.7517,10.1248,3.3748
8268,68.6043,20.5798,6.8597
8269,36.1813,10.8536,3.6177
8270,51.4057,15.4206,5.1400
8271,16.5643,4.9689,1.6563
8272,26.3105,7.8926,2.6308
8273,32.9291,9.8780,3.2926
8274,17.5722,5.2713,1.7570
8275,15.6234,4.6867,1.5622
8276,15.8135,4.7437,1.5812
8277,28.7452,8.6229,2.8742
8278,44.7845,13.4344,4.4780
8279,13.9058,4.1714,1.3904
8280,38.7775,11.6324,3.8773
8281,31.4331,9.4292,3.1430
8282,19.5208,5.8558,1.9519
8283,40.4914,12.1465,4.0487
8284,14.8393,4.4515,1.4838
8285,18.0369,5.4107,1.8035
8286,14.6551,4.3962,1.4653
8287,38.7238,11.6163,3.8720
8288,48.4952,14.5475,4.8490
8289,40.2620,12.0777,4.0258
8290,49.7558,14.9256,4.9750
8291,47.0648,14.1184,4.7060
8292,18.8346,5.6500,1.8833
8293,14.4166,4.3247,1.4415
8294,13.9141,4.1739,1.3913
8295,31.9099,9.5723,3.1906
8296,11.0342,3.3100,1.1033
8297,31.3866,9.4153,3.1383
8298,19.5863,5.8755,1.9584
8299,29.1197,8.7353,2.9117
8300,6.4238,1.9270,0.6423
8301,30.3756,9.1120,3.0372
8302,33.3791,10.0130,3.3376
8303,34.9177,10.4746,3.4914
8304,46.9234,14.0760,4.6918
8305,28.0465,8.4133,2.8044
8306,33.3086,9.9919,3.3305
8307,42.6549,12.7955,4.2650
8308,24.7794,7.4333,2.4777
8309,38.7181,11.6146,3.8714
8310,23.1676,6.9498,2.3165
8311,12.4051,3.7213,1.2404
8312,47.9008,14.3692,4.7896
8313,11.8541,3.5560,1.1853
8314,16.4998,4.9496,1.6498
8315,16.8847,5.0650,1.6883
8316,14.4093,4.3225,1.4408
8317,17.2249,5.1671,1.7223
8318,41.7882,12.5355,4.1784
8319,63.7246,19.1160,6.3718
8320,17.1854,5.1553,1.7184
8321,30.3514,9.1047,3.0348
8322,19.5017,5.8501,1.9500
8323,29.5651,8.8689,2.9562
8324,38.4603,11.5372,3.8456
8325,12.2666,3.6797,1.2265
8326,49.8496,14.9538,4.9844
8327,57.4741,17.2410,5.7468
8328,103.9579,31.1851,10.3947
8329,16.4557,4.9364,1.6454
8330,14.2320,4.2693,1.4230
8331,50.1598,15.0469,5.0154
8332,17.9133,5.3736,1.7911
8333,22.1334,6.6395,2.2131
8334,8.7242,2.6171,0.8723
8335,58.0185,17.4043,5.8012
8336,50.4254,15.1265,5.0420
8337,54.0463,16.2127,5.4041
8338,22.5952,6.7781,2.2593
8339,28.8146,8.6437,2.8811
8340,12.4012,3.7201,1.2400
8341,5.5945,1.6782,0.5594
8342,64.4996,19.3485,6.4493
8343,24.0261,7.2073,2.4024
8344,32.0195,9.6052,3.2016
8345,13.7206,4.1159,1.3719
8346,29.7966,8.9383,2.9793
8347,22.1654,6.6492,2.2163
8348,26.7707,8.0306,2.6768
8349,10.1845,3.0551,1.0183
8350,19.4679,5.8400,1.9466
8351,46.1132,13.8330,4.6108
8352,34.3439,10.3024,3.4340
8353,43.1279,12.9374,4.3123
8354,51.9697,15.5898,5.1964
8355,9.6197,2.8857,0.9619
8356,6.6012,1.9802,0.6600
8357,24.1008,7.2297,2.4098
8358,13.4709,4.0410,1.3469
8359,18.7392,5.6214,1.8737
8360,36.2075,10.8615,3.6204
8361,18.2489,5.4743,1.8247
8362,10.7316,3.2193,1.0730
8363,15.0296,4.5086,1.5028
8364,14.2378,4.2710,1.4236
8365,15.4636,4.6387,1.5462
8366,42.0467,12.6131,4.2042
8367,43.7599,13.1270,4.3755
8368,34.9407,10.4815,3.4937
8369,8.0165,2.4048,0.8016
8370,11.6878,3.5061,1.1687
8371,19.7240,5.9168,1.9722
8372,15.6660,4.6995,1.5664
8373,15.2711,4.5810,1.5269
8374,10.3339,3.0999,1.0333
8375,34.3782,10.3127,3.4375
8376,43.8450,13.1525,4.3840
8377,23.5855,7.0751,2.3583
8378,5.7067,1.7119,0.5706
8379,52.0833,15.6239,5.2078
8380,56.4879,16.9451,5.6482
8381,12.8397,3.8516,1.2838
8382,30.4743,9.1416,3.0471
8383,17.8024,5.3403,1.7801
8384,9.9943,2.9981,0.9993
8385,44.6153,13.3836,4.4610
8386,23.8594,7.1573,2.3857
8387,8.7467,2.6238,0.8746
8388,14.1214,4.2361,1.4120
8389,35.5958,10.6780,3.5592
8390,8.7519,2.6254,0.8751
8391,45.8959,13.7678,4.5891
8392,7.3594,2.2076,0.7359
8393,18.7681,5.6300,1.8766
8394,35.6110,10.6825,3.5607
8395,18.3977,5.5189,1.8396
8396,21.9272,6.5777,2.1925
8397,47.8938,14.3671,4.7889
8398,5.7878,1.7362,0.5787
8399,23.8739,7.1617,2.3871
8400,22.9206,6.8757,2.2918
8401,42.2171,12.6642,4.2213
8402,13.7545,4.1260,1.3753
8403,11.3205,3.3959,1.1319
8404,14.8331,4.4496,1.4832
8405,18.0567,5.4166,1.8055
8406,21.5832,6.4745,2.1581
8407,33.1797,9.9532,3.3176
8408,24.2538,7.2756,2.4251
8409,16.5684,4.9702,1.6567
8410,9.9682,2.9902,0.9967
8411,7.3120,2.1934,0.7311
8412,36.2431,10.8721,3.6239
8413,40.2738,12.0813,4.0269
8414,26.4193,7.9252,2.6416
8415,29.5491,8.8641,2.9546
8416,40.6173,12.1843,4.0613
8417,24.7388,7.4211,2.4736
8418,9.0379,2.7112,0.9037
8419,54.1000,16.2288,5.4094
8420,12.7140,3.8139,1.2713
8421,39.8116,11.9426,3.9807
8422,38.7220,11.6158,3.8718
8423,62.9389,18.8803,6.2932
8424,22.5538,6.7657,2.2551
8425,21.9525,6.5853,2.1950
8426,43.1137,12.9332,4.3109
8427,21.2086,6.3621,2.1206
8428,44.4510,13.3343,4.4446
8429,51.9585,15.5864,5.1953
8430,22.1644,6.6488,2.2162
8431,52.4286,15.7274,5.2423
8432,17.6052,5.2812,1.7603
8433,14.5696,4.3706,1.4568
8434,31.3421,9.4019,3.1339
8435,21.4253,6.4271,2.1423
8436,28.2147,8.4638,2.8212
8437,8.7475,2.6241,0.8747
8438,34.7359,10.4200,3.4732
8439,12.4984,3.7492,1.2497
8440,33.9088,10.1719,3.3905
8441,50.5314,15.1583,5.0526
8442,60.3840,18.1139,6.0378
8443,17.7602,5.3277,1.7758
8444,20.9211,6.2759,2.0919
8445,28.8103,8.6425,2.8807
8446,22.2034,6.6605,2.2201
8447,57.5906,17.2759,5.7584
8448,10.2332,3.0697,1.0232
8449,45.2062,13.5609,4.5201
8450,30.8227,9.2461,3.0819
8451,13.4920,4.0473,1.3491
8452,26.6234,7.9864,2.6620
8453,43.3623,13.0077,4.3358
8454,19.8338,5.9497,1.9832
8455,91.1252,27.3356,9.1115
8456,4.8543,1.4562,0.4854
8457,32.1224,9.6360,3.2119
8458,21.0970,6.3286,2.1095
8459,42.2128,12.6629,4.2208
8460,12.6340,3.7899,1.2633
8461,7.3615,2.2083,0.7361
8462,17.5572,5.2668,1.7555
8463,20.0173,6.0047,2.0015
8464,24.9248,7.4769,2.4922
8465,13.5235,4.0568,1.3522
8466,37.6330,11.2891,3.7629
8467,21.0026,6.3003,2.1000
8468,20.2022,6.0602,2.0200
8469,15.8548,4.7561,1.5853
8470,25.8637,7.7585,2.5861
8471,65.8108,19.7418,6.5804
8472,34.4812,10.3436,3.4477
8473,31.0191,9.3051,3.1016
8474,9.1275,2.7381,0.9127
8475,8.4270,2.5279,0.8426
8476,22.9567,6.8865,2.2954
8477,40.0244,12.0065,4.0020
8478,19.2425,5.7723,1.9240
8479,23.0888,6.9261,2.3086
8480,25.7484,7.7240,2.5746
8481,27.2286,8.1680,2.7226
8482,5.3492,1.6046,0.5349
8483,12.7623,3.8284,1.2761
8484,30.4053,9.1209,3.0402
8485,31.9646,9.5887,3.1961
8486,30.5350,9.1598,3.0532
8487,52.3998,15.7188,5.2394
8488,44.8738,13.4611,4.4869
8489,29.1411,8.7417,2.9138
8490,19.7792,5.9333,1.9777
8491,32.5635,9.7683,3.2560
8492,44.3734,13.3110,4.4369
8493,16.2525,4.8754,1.6251
8494,41.2237,12.3662,4.1219
8495,26.0765,7.8224,2.6074
8496,5.0167,1.5049,0.5016
8497,54.5794,16.3726,5.4574
8498,45.1584,13.5465,4.5154
8499,11.8463,3.5536,1.1845
8500,80.0064,24.0002,7.9998
8501,33.3357,10.0000,3.3332
8502,17.9569,5.3867,1.7955
8503,59.4303,17.8278,5.9424
8504,39.0813,11.7235,3.9077
8505,66.0526,19.8143,6.6045
8506,34.3608,10.3075,3.4357
8507,36.5931,10.9771,3.6589
8508,25.6815,7.7039,2.5679
8509,16.0733,4.8216,1.6072
8510,16.4338,4.9298,1.6432
8511,19.4735,5.8416,1.9471
8512,14.4654,4.3393,1.4464
8513,16.0014,4.8001,1.6000
8514,41.3519,12.4047,4.1347
8515,36.0332,10.8092,3.6029
8516,29.5241,8.8566,2.9521
8517,5.2258,1.5676,0.5225
8518,9.2739,2.7820,0.9273
8519,20.1341,6.0398,2.0132
8520,33.3989,10.0190,3.3395
8521,5.4342,1.6301,0.5434
8522,11.7908,3.5370,1.1790
8523,14.4615,4.3381,1.4460
8524,28.9175,8.6746,2.8914
8525,29.8228,8.9462,2.9820
8526,32.0238,9.6064,3.2020
8527,12.1812,3.6541,1.2180
8528,9.9956,2.9985,0.9995
8529,18.8330,5.6495,1.8831
8530,24.6866,7.4054,2.4684
8531,61.0349,18.3091,6.1028
8532,34.9166,10.4742,3.4913
8533,21.9445,6.5829,2.1942
8534,31.1083,9.3318,3.1105
8535,13.9960,4.1985,1.3994
8536,35.4257,10.6269,3.5422
8537,10.6072,3.1819,1.0606
8538,19.9664,5.9895,1.9964
8539,26.5167,7.9544,2.6514
8540,34.4171,10.3244,3.4413
8541,9.7069,2.9119,0.9706
8542,27.0461,8.1132,2.7043
8543,63.4344,19.0289,6.3428
8544,26.2058,7.8612,2.6203
8545,18.0144,5.4039,1.8012
8546,24.3449,7.3030,2.4342
8547,11.3097,3.3927,1.1309
8548,16.4707,4.9408,1.6469
8549,80.4426,24.1310,8.0434
8550,16.4566,4.9366,1.6455
8551,9.0091,2.7025,0.9008
8552,44.1971,13.2582,4.4192
8553,32.4184,9.7248,3.2415
8554,10.2990,3.0895,1.0298
8555,14.0580,4.2171,1.4056
8556,7.6280,2.2882,0.7627
8557,53.3113,15.9922,5.3306
8558,44.9273,13.4772,4.4922
8559,19.5573,5.8667,1.9555
8560,9.3606,2.8080,0.9360
8561,25.0332,7.5094,2.5030
8562,9.5821,2.8744,0.9581
8563,34.6910,10.4066,3.4687
8564,27.8395,8.3512,2.7836
8565,59.2891,17.7854,5.9283
8566,19.0550,5.7161,1.9053
8567,23.7792,7.1332,2.3777
8568,18.3008,5.4898,1.8299
8569,13.0987,3.9293,1.3097
8570,8.2713,2.4812,0.8270
8571,94.2516,28.2734,9.4241
8572,9.6819,2.9044,0.9681
8573,15.9021,4.7703,1.5900
8574,9.3397,2.8017,0.9339
8575,31.5791,9.4730,3.1576
8576,41.4720,12.4407,4.1468
8577,7.6001,2.2799,0.7599
8578,14.3183,4.2952,1.4317
8579,33.6198,10.0852,3.3616
8580,33.2297,9.9682,3.3226
8581,27.0050,8.1009,2.7002
8582,52.7539,15.8250,5.2748
8583,27.2173,8.1646,2.7214
8584,46.3841,13.9142,4.6379
8585,20.0409,6.0118,2.0039
8586,17.9014,5.3700,1.7899
8587,27.4056,8.2211,2.7403
8588,44.5027,13.3498,4.4498
8589,13.5201,4.0557,1.3519
8590,23.2254,6.9671,2.3223
8591,39.5446,11.8625,3.9540
8592,48.0765,14.4219,4.8071
8593,26.2280,7.8678,2.6225
8594,60.7624,18.2274,6.0756
8595,45.4319,13.6286,4.5427
8596,7.7492,2.3246,0.7748
8597,38.0793,11.4230,3.8075
8598,30.2264,9.0673,3.0223
8599,14.7711,4.4310,1.4769
8600,10.6335,3.1898,1.0632
8601,36.8278,11.0475,3.6824
8602,44.0834,13.2240,4.4079
8603,22.2981,6.6890,2.2296
8604,36.3289,10.8979,3.6325
8605,13.7901,4.1367,1.3789
8606,48.0594,14.4168,4.8054
8607,24.6886,7.4060,2.4686
8608,27.1565,8.1464,2.7154
8609,18.4472,5.5338,1.8445
8610,45.0726,13.5208,4.5068
8611,18.5604,5.5677,1.8558
8612,37.7485,11.3237,3.7744
8613,52.0235,15.6059,5.2018
8614,58.4760,17.5415,5.8470
8615,29.2688,8.7800,2.9266
8616,8.8112,2.6432,0.8810
8617,8.6762,2.6027,0.8675
8618,15.0987,4.5293,1.5097
8619,36.1463,10.8431,3.6142
8620,22.8453,6.8531,2.2843
8621,40.8264,12.2470,4.0822
8622,18.8568,5.6566,1.8855
8623,14.1216,4.2362,1.4120
8624,51.6146,15.4832,5.1609
8625,34.7914,10.4366,3.4788
8626,23.4449,7.0330,2.3442
8627,10.2122,3.0634,1.0211
8628,29.8913,8.9667,2.9888
8629,12.8011,3.8400,1.2800
8630,34.2000,10.2592,3.4196
8631,26.6859,8.0052,2.6683
8632,25.1750,7.5520,2.5172
8633,7.1605,2.1480,0.7160
8634,13.8192,4.1455,1.3818
8635,10.4729,3.1416,1.0472
8636,9.4555,2.8365,0.9455
8637,14.3651,4.3092,1.4364
8638,8.4715,2.5413,0.8471
8639,51.3738,15.4110,5.1368
8640,49.3663,14.8088,4.9361
8641,11.8863,3.5656,1.1885
8642,16.7184,5.0151,1.6717
8643,45.6987,13.7086,4.5694
8644,25.4573,7.6366,2.5455
8645,27.1792,8.1532,2.7176
8646,10.3207,3.0960,1.0320
8647,17.1208,5.1359,1.7119
8648,22.8095,6.8423,2.2807
8649,49.3029,14.7898,4.9298
8650,11.0566,3.3167,1.1055
8651,51.1557,15.3456,5.1150
8652,44.3585,13.3066,4.4354
8653,16.4063,4.9215,1.6404
8654,34.5547,10.3656,3.4551
8655,15.2194,4.5655,1.5218
8656,50.6821,15.2035,5.0677
8657,15.4090,4.6224,1.5407
8658,42.2086,12.6617,4.2204
8659,7.7068,2.3119,0.7706
8660,9.8983,2.9693,0.9897
8661,18.5267,5.5576,1.8525
8662,22.7059,6.8113,2.2703
8663,5.1537,1.5460,0.5153
8664,40.8431,12.2520,4.0839
8665,20.9098,6.2725,2.0908
8666,13.0553,3.9163,1.3054
8667,45.6785,13.7026,4.5674
8668,17.3834,5.2146,1.7382
8669,10.7543,3.2260,1.0753
8670,18.8646,5.6590,1.8863
8671,17.9311,5.3789,1.7929
8672,65.5725,19.6703,6.5565
8673,21.9427,6.5823,2.1940
8674,7.4645,2.2392,0.7464
8675,34.6409,10.3915,3.4637
8676,11.8783,3.5632,1.1877
8677,47.0815,14.1234,4.7076
8678,53.6769,16.1019,5.3671
8679,8.5494,2.5646,0.8548
8680,11.8840,3.5649,1.1883
8681,17.6101,5.2827,1.7608
8682,18.1317,5.4391,1.8130
8683,18.2343,5.4699,1.8232
8684,18.3804,5.5137,1.8378
8685,37.7177,11.3145,3.7714
8686,23.9882,7.1959,2.3986
8687,53.1962,15.9577,5.3191
8688,42.6681,12.7995,4.2663
8689,19.9924,5.9973,1.9990
8690,52.8557,15.8555,5.2850
8691,7.6368,2.2909,0.7636
8692,7.4027,2.2206,0.7402
8693,9.2540,2.7760,0.9253
8694,20.6490,6.1942,2.0647
8695,12.2308,3.6690,1.2229
8696,18.6720,5.6012,1.8670
8697,38.2610,11.4775,3.8257
8698,31.7821,9.5339,3.1779
8699,10.9761,3.2926,1.0975
8700,34.5115,10.3527,3.4508
8701,62.4744,18.7410,6.2468
8702,14.0332,4.2097,1.4032
8703,14.6004,4.3798,1.4599
8704,18.8343,5.6499,1.8832
8705,13.0494,3.9145,1.3048
8706,27.7752,8.3319,2.7772
8707,15.4160,4.6245,1.5414
8708,50.8432,15.2519,5.0838
8709,10.1320,3.0394,1.0131
8710,37.6239,11.2864,3.7620
8711,18.4938,5.5477,1.8492
8712,12.8784,3.8632,1.2877
8713,6.5974,1.9791,0.6597
8714,83.2953,24.9868,8.3286
8715,33.6838,10.1044,3.3680
8716,18.3606,5.5078,1.8359
8717,37.4786,11.2428,3.7475
8718,30.5343,9.1596,3.0531
8719,24.4943,7.3478,2.4492
8720,33.0492,9.9140,3.3046
8721,39.9617,11.9876,3.9957
8722,20.2989,6.0892,2.0297
8723,48.6993,14.6087,4.8694
8724,11.4162,3.4246,1.1415
8725,20.5511,6.1649,2.0549
8726,12.0116,3.6032,1.2010
8727,11.2852,3.3853,1.1284
8728,11.4460,3.4336,1.1445
8729,23.2612,6.9779,2.3259
8730,34.5671,10.3694,3.4563
8731,16.7737,5.0317,1.6772
8732,20.7464,6.2235,2.0744
8733,26.6416,7.9919,2.6639
8734,13.5757,4.0724,1.3574
8735,30.4605,9.1375,3.0457
8736,34.3125,10.2930,3.4309
8737,29.2741,8.7816,2.9271
8738,17.8319,5.3492,1.7830
8739,27.3105,8.1926,2.7308
8740,23.3147,6.9939,2.3312
8741,28.2442,8.4726,2.8241
8742,16.0375,4.8109,1.6036
8743,18.0904,5.4267,1.8088
8744,46.6181,13.9844,4.6613
8745,58.3025,17.4895,5.8296
8746,18.0491,5.4143,1.8047
8747,37.8743,11.3615,3.7870
8748,7.1879,2.1562,0.7187
8749,31.4604,9.4374,3.1457
8750,59.3085,17.7912,5.9302
8751,50.3043,15.0902,5.0299
8752,46.2078,13.8613,4.6203
8753,20.7391,6.2213,2.0737
8754,14.9782,4.4931,1.4977
8755,38.3319,11.4987,3.8328
8756,33.9202,10.1753,3.3917
8757,14.7818,4.4342,1.4780
8758,74.0135,22.2024,7.4006
8759,14.6204,4.3858,1.4619
8760,7.7771,2.3330,0.7776
8761,39.0531,11.7151,3.9049
8762,14.9388,4.4813,1.4937
8763,35.4940,10.6474,3.5490
8764,32.7925,9.8370,3.2789
8765,52.0848,15.6243,5.2079
8766,40.7155,12.2137,4.0711
8767,36.8629,11.0581,3.6859
8768,24.8755,7.4621,2.4873
8769,7.9291,2.3785,0.7928
8770,51.2905,15.3860,5.1285
8771,11.5907,3.4770,1.1589
8772,37.8636,11.3583,3.7860
8773,32.5017,9.7498,3.2498
8774,59.3841,17.8139,5.9378
8775,36.9040,11.0704,3.6900
8776,12.2836,3.6848,1.2282
8777,16.3263,4.8975,1.6325
8778,24.9953,7.4981,2.4993
8779,40.8194,12.2449,4.0815
8780,29.9778,8.9927,2.9975
8781,43.4685,13.0396,4.3464
8782,22.8977,6.8688,2.2895
8783,23.3873,7.0157,2.3385
8784,41.4817,12.4436,4.1477
8785,56.5775,16.9720,5.6571
8786,45.4740,13.6412,4.5469
8787,19.3884,5.8161,1.9386
8788,10.2335,3.0698,1.0232
8789,56.1198,16.8347,5.6114
8790,32.6346,9.7897,3.2631
8791,40.1979,12.0585,4.0194
8792,39.2561,11.7760,3.9252
8793,42.6942,12.8073,4.2690
8794,32.3844,9.7146,3.2381
8795,24.5891,7.3762,2.4586
8796,44.3153,13.2936,4.4311
8797,45.6924,13.7067,4.5687
8798,10.8503,3.2549,1.0849
8799,16.0609,4.8179,1.6059
8800,18.8462,5.6534,1.8844
8801,18.5046,5.5510,1.8503
8802,19.1227,5.7364,1.9121
8803,9.9132,2.9737,0.9912
8804,48.5242,14.5562,4.8519
8805,16.6899,5.0066,1.6688
8806,34.0658,10.2190,3.4062
8807,40.9841,12.2943,4.0980
8808,21.1696,6.3504,2.1167
8809,48.7755,14.6316,4.8770
8810,9.6602,2.8979,0.9659
8811,35.1667,10.5492,3.5163
8812,40.1340,12.0393,4.0130
8813,5.4723,1.6416,0.5472
8814,40.4552,12.1357,4.0451
8815,55.9541,16.7850,5.5948
8816,21.4959,6.4483,2.1494
8817,13.3412,4.0021,1.3340
8818,13.4590,4.0374,1.3458
8819,64.9542,19.4848,6.4947
8820,28.9314,8.6788,2.8928
8821,23.2981,6.9889,2.3296
8822,14.2094,4.2625,1.4208
8823,26.1851,7.8550,2.6182
8824,15.7173,4.7149,1.5716
8825,14.4786,4.3433,1.4477
8826,98.8913,29.6652,9.8881
8827,44.3647,13.3084,4.4360
8828,31.8173,9.5445,3.1814
8829,46.2660,13.8788,4.6261
8830,9.8261,2.9476,0.9825
8831,9.9690,2.9905,0.9968
8832,7.9574,2.3870,0.7957
8833,44.8548,13.4554,4.4850
8834,13.4521,4.0353,1.3451
8835,13.4673,4.0399,1.3466
8836,43.1603,12.9471,4.3156
8837,18.3098,5.4925,1.8308
8838,24.4087,7.3221,2.4406
8839,55.2517,16.5743,5.5246
8840,34.1234,10.2363,3.4120
8841,30.7246,9.2167,3.0721
8842,25.4053,7.6210,2.5403
8843,78.6112,23.5816,7.8603
8844,43.9554,13.1856,4.3951
8845,33.7406,10.1215,3.3737
8846,35.0613,10.5176,3.5057
8847,82.1695,24.6491,8.2161
8848,32.9966,9.8983,3.2993
8849,47.8467,14.3530,4.7842
8850,36.2652,10.8788,3.6261
8851,40.3706,12.1103,4.0366
8852,27.3873,8.2156,2.7384
8853,26.7554,8.0260,2.6753
8854,55.2848,16.5842,5.5279
8855,29.7031,8.9103,2.9700
8856,39.0923,11.7268,3.9088
8857,35.3618,10.6078,3.5358
8858,33.8700,10.1603,3.3866
8859,23.4980,7.0489,2.3495
8860,13.6612,4.0981,1.3660
8861,30.0371,9.0105,3.0034
8862,18.2129,5.4635,1.8211
8863,12.7080,3.8121,1.2707
8864,13.7951,4.1382,1.3794
8865,20.7527,6.2254,2.0751
8866,15.7936,4.7377,1.5792
8867,48.1814,14.4534,4.8176
8868,16.5837,4.9747,1.6582
8869,40.5632,12.1681,4.0559
8870,25.6071,7.6816,2.5604
8871,44.8292,13.4478,4.4824
8872,14.6698,4.4006,1.4668
8873,17.7144,5.3139,1.7712
8874,58.9925,17.6965,5.8986
8875,68.1447,20.4419,6.8137
8876,13.1489,3.9444,1.3148
8877,38.0899,11.4261,3.8086
8878,32.6560,9.7961,3.2653
8879,36.8362,11.0501,3.6832
8880,34.3035,10.2903,3.4300
8881,17.5459,5.2634,1.7544
8882,46.8301,14.0480,4.6825
8883,33.7197,10.1152,3.3716
8884,71.9859,21.5942,7.1978
8885,17.2587,5.1772,1.7257
8886,23.9703,7.1906,2.3968
8887,12.2731,3.6817,1.2272
8888,62.2849,18.6841,6.2278
8889,21.6619,6.4981,2.1660
8890,11.5061,3.4516,1.1505
8891,38.9471,11.6833,3.8943
8892,18.5283,5.5581,1.8526
8893,68.8432,20.6515,6.8836
8894,48.9111,14.6723,4.8906
8895,33.6001,10.0793,3.3596
8896,63.0380,18.9100,6.3031
8897,25.5557,7.6661,2.5553
8898,22.5889,6.7762,2.2587
8899,14.3150,4.2942,1.4313
8900,41.9833,12.5941,4.1979
8901,12.7135,3.8138,1.2712
8902,31.1747,9.3517,3.1171
8903,7.8714,2.3613,0.7871
8904,27.0065,8.1014,2.7004
8905,19.6499,5.8946,1.9648
8906,11.2623,3.3785,1.1261
8907,15.7547,4.7261,1.5753
8908,35.3663,10.6091,3.5362
8909,48.3165,14.4939,4.8311
8910,37.6471,11.2933,3.7643
8911,18.7357,5.6203,1.8734
8912,21.2275,6.3678,2.1225
8913,59.2730,17.7806,5.9267
8914,29.1778,8.7527,2.9175
8915,51.3510,15.4042,5.1345
8916,58.0621,17.4174,5.8056
8917,21.6339,6.4897,2.1632
8918,41.4555,12.4357,4.1451
8919,28.4518,8.5349,2.8449
8920,11.4797,3.4437,1.1478
8921,19.7100,5.9126,1.9708
8922,22.1033,6.6305,2.2101
8923,38.7214,11.6156,3.8717
8924,35.5898,10.6762,3.5586
8925,41.6393,12.4909,4.1635
8926,51.4619,15.4374,5.1456
8927,6.9154,2.0745,0.6915
8928,18.1305,5.4387,1.8129
8929,51.9838,15.5940,5.1978
8930,15.6356,4.6903,1.5634
8931,45.0478,13.5134,4.5043
8932,33.9758,10.1920,3.3972
8933,69.8621,20.9571,6.9855
8934,34.1986,10.2588,3.4195
8935,28.6192,8.5851,2.8616
8936,7.4713,2.2412,0.7471
8937,6.3012,1.8902,0.6301
8938,13.8489,4.1544,1.3847
8939,54.5351,16.3594,5.4529
8940,13.7504,4.1248,1.3749
8941,16.9632,5.0886,1.6961
8942,13.7890,4.1364,1.3787
8943,29.3136,8.7934,2.9310
8944,25.3959,7.6182,2.5393
8945,10.9316,3.2792,1.0930
8946,25.0329,7.5093,2.5030
8947,12.9286,3.8783,1.2927
8948,10.3056,3.0915,1.0305
8949,27.3593,8.2072,2.7356
8950,16.6588,4.9973,1.6657
8951,17.7810,5.3339,1.7779
8952,33.1044,9.9306,3.3101
8953,66.9263,20.0764,6.6919
8954,11.9310,3.5791,1.1930
8955,84.8486,25.4527,8.4839
8956,19.4989,5.8493,1.9497
8957,18.3098,5.4925,1.8308
8958,22.6878,6.8058,2.2685
8959,7.6748,2.3023,0.7674
8960,25.2449,7.5729,2.5242
8961,44.6710,13.4003,4.4666
8962,14.0828,4.2245,1.4081
8963,15.0784,4.5232,1.5077
8964,8.9526,2.6856,0.8952
8965,10.6840,3.2050,1.0683
8966,25.7837,7.7346,2.5781
8967,59.1447,17.7421,5.9138
8968,34.8656,10.4589,3.4862
8969,10.6029,3.1806,1.0602
8970,39.4029,11.8200,3.9399
8971,23.9039,7.1706,2.3901
8972,38.7996,11.6390,3.8795
8973,15.5428,4.6625,1.5541
8974,49.4851,14.8445,4.9480
8975,18.9418,5.6821,1.8940
8976,15.2089,4.5623,1.5207
8977,54.5557,16.3655,5.4550
8978,10.1848,3.0552,1.0184
8979,49.0316,14.7084,4.9026
8980,12.9284,3.8782,1.2927
8981,50.2395,15.0708,5.0234
8982,14.6284,4.3882,1.4627
8983,12.2580,3.6771,1.2257
8984,63.9299,19.1776,6.3923
8985,10.0369,3.0109,1.0036
8986,10.9366,3.2807,1.0935
8987,21.8512,6.5549,2.1849
8988,11.1770,3.3528,1.1176
8989,43.7027,13.1098,4.3698
8990,15.4402,4.6317,1.5439
8991,31.9105,9.5724,3.1907
8992,10.2433,3.0728,1.0242
8993,37.4119,11.2228,3.7408
8994,22.7799,6.8335,2.2777
8995,36.9182,11.0746,3.6914
8996,41.1036,12.3302,4.1099
8997,18.0436,5.4127,1.8042
8998,18.9357,5.6803,1.8934
8999,17.4738,5.2418,1.7472
9000,41.5752,12.4717,4.1571
9001,24.7700,7.4305,2.4767
9002,26.8853,8.0650,2.6882
9003,26.5349,7.9599,2.6532
9004,10.4291,3.1285,1.0428
9005,33.0503,9.9144,3.3047
9006,19.2732,5.7815,1.9271
9007,32.6781,9.8027,3.2675
9008,6.4183,1.9253,0.6418
9009,31.2780,9.3827,3.1275
9010,38.4952,11.5477,3.8491
9011,34.6191,10.3850,3.4615
9012,17.7090,5.3123,1.7707
9013,41.5626,12.4679,4.1558
9014,10.5959,3.1785,1.0595
9015,64.6186,19.3842,6.4612
9016,29.7274,8.9176,2.9724
9017,13.4721,4.0413,1.3471
9018,15.7531,4.7256,1.5751
9019,28.4445,8.5327,2.8441
9020,13.9931,4.1976,1.3992
9021,58.9678,17.6890,5.8961
9022,19.8513,5.9550,1.9849
9023,59.4550,17.8352,5.9449
9024,8.0399,2.4118,0.8039
9025,9.5752,2.8724,0.9574
9026,8.8454,2.6534,0.8844
9027,16.6795,5.0035,1.6678
9028,27.9911,8.3967,2.7988
9029,29.3071,8.7915,2.9304
9030,52.5677,15.7692,5.2562
9031,41.6422,12.4917,4.1638
9032,28.8319,8.6490,2.8829
9033,32.6602,9.7973,3.2657
9034,25.1249,7.5369,2.5122
9035,28.6709,8.6006,2.8668
9036,25.6049,7.6809,2.5602
9037,12.4554,3.7364,1.2454
9038,13.4250,4.0272,1.3424
9039,56.2677,16.8791,5.6262
9040,16.4448,4.9331,1.6443
9041,14.3888,4.3163,1.4387
9042,59.9794,17.9925,5.9973
9043,37.0892,11.1259,3.7085
9044,13.6631,4.0986,1.3662
9045,14.9951,4.4982,1.4993
9046,10.0270,3.0079,1.0026
9047,13.9264,4.1776,1.3925
9048,29.3347,8.7998,2.9332
9049,18.2116,5.4631,1.8210
9050,12.7628,3.8286,1.2761
9051,52.8228,15.8457,5.2817
9052,21.2661,6.3794,2.1264
9053,27.2001,8.1594,2.7197
9054,9.8486,2.9544,0.9848
9055,18.7959,5.6384,1.8794
9056,19.4471,5.8337,1.9445
9057,62.4115,18.7221,6.2405
9058,12.8485,3.8543,1.2847
9059,69.0974,20.7277,6.9090
9060,20.8920,6.2671,2.0890
9061,16.4536,4.9357,1.6452
9062,31.5108,9.4526,3.1507
9063,27.7389,8.3211,2.7736
9064,25.2930,7.5874,2.5290
9065,15.5640,4.6689,1.5562
9066,12.3402,3.7018,1.2339
9067,37.9101,11.3722,3.7906
9068,26.7425,8.0222,2.6740
9069,41.5415,12.4615,4.1537
9070,17.0291,5.1084,1.7027
9071,23.3458,7.0032,2.3343
9072,30.0935,9.0274,3.0090
9073,23.9505,7.1846,2.3948
9074,27.7686,8.3300,2.7766
9075,14.7237,4.4168,1.4722
9076,16.8158,5.0444,1.6814
9077,33.2418,9.9718,3.3238
9078,14.0023,4.2004,1.4001
9079,30.3115,9.0928,3.0308
9080,7.9351,2.3804,0.7934
9081,21.6011,6.4799,2.1599
9082,55.2149,16.5633,5.5209
9083,29.3658,8.8091,2.9363
9084,41.5252,12.4567,4.1521
9085,9.2099,2.7628,0.9209
9086,16.3158,4.8944,1.6314
9087,27.2213,8.1658,2.7218
9088,31.8375,9.5506,3.1834
9089,28.2445,8.4727,2.8241
9090,22.9226,6.8763,2.2920
9091,29.7982,8.9388,2.9795
9092,31.1385,9.3409,3.1135
9093,9.6656,2.8995,0.9665
9094,49.6397,14.8908,4.9634
9095,39.4574,11.8363,3.9453
9096,10.7935,3.2378,1.0792
9097,21.7965,6.5385,2.1794
9098,44.5415,13.3615,4.4537
9099,32.2328,9.6691,3.2229
9100,29.7525,8.9251,2.9749
9101,18.2147,5.4640,1.8213
9102,59.2504,17.7738,5.9244
9103,19.9235,5.9766,1.9921
9104,33.2958,9.9880,3.3292
9105,31.2202,9.3654,3.1217
9106,29.7683,8.9298,2.9765
9107,19.2452,5.7731,1.9243
9108,24.2615,7.2779,2.4259
9109,28.4376,8.5307,2.8435
9110,43.1377,12.9404,4.3133
9111,17.8948,5.3680,1.7893
9112,18.1705,5.4508,1.8169
9113,13.1238,3.9369,1.3122
9114,32.6802,9.8033,3.2677
9115,23.5081,7.0519,2.3506
9116,46.6184,13.9845,4.6613
9117,20.8128,6.2434,2.0811
9118,38.4426,11.5319,3.8438
9119,17.4393,5.2314,1.7437
9120,21.2946,6.3879,2.1292
9121,7.7203,2.3159,0.7720
9122,13.0094,3.9025,1.3008
9123,89.2460,26.7718,8.9236
9124,17.9047,5.3710,1.7903
9125,39.1729,11.7510,3.9169
9126,14.2149,4.2642,1.4213
9127,11.3996,3.4196,1.1398
9128,21.4213,6.4259,2.1419
9129,65.9508,19.7838,6.5944
9130,39.9445,11.9825,3.9940
9131,24.8346,7.4498,2.4832
9132,8.3147,2.4942,0.8314
9133,11.5788,3.4734,1.1578
9134,54.8163,16.4437,5.4810
9135,18.1218,5.4362,1.8120
9136,36.4305,10.9284,3.6427
9137,56.3063,16.8907,5.6300
9138,8.0719,2.4214,0.8071
9139,35.5968,10.6782,3.5593
9140,37.6080,11.2816,3.7604
9141,41.9390,12.5808,4.1935
9142,20.0604,6.0177,2.0058
9143,14.4619,4.3383,1.4460
9144,12.3533,3.7057,1.2352
9145,79.8903,23.9653,7.9882
9146,15.0015,4.5001,1.5000
9147,69.6857,20.9042,6.9678
9148,34.5146,10.3536,3.4511
9149,9.6536,2.8959,0.9653
9150,12.5849,3.7752,1.2584
9151,57.6812,17.3031,5.7675
9152,32.0851,9.6248,3.2082
9153,8.3074,2.4920,0.8307
9154,6.0123,1.8036,0.6012
9155,20.1644,6.0489,2.0162
9156,7.7234,2.3169,0.7723
9157,26.9165,8.0744,2.6914
9158,37.1151,11.1337,3.7111
9159,19.0538,5.7157,1.9052
9160,16.1931,4.8576,1.6191
9161,18.2778,5.4829,1.8276
9162,14.8047,4.4411,1.4803
9163,15.9411,4.7820,1.5939
9164,5.9483,1.7844,0.5948
9165,10.9326,3.2795,1.0931
9166,16.7289,5.0183,1.6727
9167,7.9052,2.3714,0.7904
9168,17.8732,5.3616,1.7871
9169,13.9253,4.1773,1.3924
9170,46.1689,13.8497,4.6164
9171,14.9071,4.4718,1.4906
9172,17.7051,5.3111,1.7703
9173,30.5104,9.1525,3.0507
9174,34.0778,10.2226,3.4074
9175,11.5575,3.4670,1.1556
9176,20.8939,6.2677,2.0892
9177,37.7274,11.3174,3.7723
9178,59.1278,17.7371,5.9121
9179,13.3871,4.0158,1.3386
9180,14.8852,4.4652,1.4884
9181,49.6901,14.9059,4.9685
9182,12.8697,3.8606,1.2868
9183,52.7515,15.8243,5.2746
9184,6.5166,1.9548,0.6516
9185,18.4894,5.5464,1.8487
9186,24.1880,7.2559,2.4185
9187,46.2839,13.8842,4.6279
9188,34.6515,10.3947,3.4648
9189,31.6450,9.4928,3.1642
9190,16.0471,4.8138,1.6045
9191,14.9333,4.4797,1.4932
9192,13.6731,4.1016,1.3672
9193,26.0048,7.8009,2.6002
9194,50.1040,15.0301,5.0099
9195,42.1695,12.6499,4.2165
9196,7.1939,2.1580,0.7193
9197,26.0917,7.8269,2.6089
9198,11.3220,3.3964,1.1321
9199,21.2012,6.3599,2.1199
9200,19.6954,5.9082,1.9693
9201,36.6529,10.9951,3.6649
9202,23.5163,7.0544,2.3514
9203,9.4852,2.8454,0.9484
9204,31.0886,9.3259,3.1085
9205,7.9074,2.3721,0.7907
9206,31.6664,9.4992,3.1663
9207,22.5667,6.7695,2.2564
9208,30.9308,9.2786,3.0927
9209,24.7103,7.4125,2.4708
9210,24.9581,7.4869,2.4955
9211,52.7539,15.8250,5.2748
9212,4.4350,1.3304,0.4434
9213,11.3024,3.3905,1.1301
9214,12.5250,3.7572,1.2524
9215,57.7734,17.3308,5.7767
9216,12.5375,3.7610,1.2536
9217,11.5522,3.4654,1.1551
9218,26.3060,7.8912,2.6303
9219,7.2291,2.1686,0.7228
9220,31.8388,9.5509,3.1835
9221,9.2529,2.7757,0.9252
9222,35.6051,10.6807,3.5601
9223,30.0939,9.0275,3.0091
9224,21.6244,6.4869,2.1622
9225,16.4307,4.9289,1.6429
9226,13.1809,3.9540,1.3179
9227,52.5835,15.7739,5.2578
9228,14.9247,4.4771,1.4923
9229,31.0459,9.3131,3.1043
9230,40.3876,12.1154,4.0383
9231,64.6329,19.3885,6.4626
9232,50.2461,15.0727,5.0241
9233,39.6025,11.8799,3.9598
9234,35.9447,10.7826,3.5941
9235,45.8703,13.7601,4.5865
9236,49.9130,14.9728,4.9908
9237,24.7426,7.4222,2.4740
9238,23.3943,7.0178,2.3392
9239,39.9592,11.9869,3.9955
9240,35.5828,10.6741,3.5579
9241,33.0070,9.9014,3.3003
9242,23.9429,7.1824,2.3940
9243,8.7529,2.6257,0.8752
9244,13.5609,4.0680,1.3559
9245,28.7151,8.6139,2.8712
9246,7.5610,2.2681,0.7560
9247,10.2045,3.0611,1.0203
9248,47.3151,14.1935,4.7310
9249,20.8917,6.2671,2.0889
9250,24.1645,7.2488,2.4162
9251,23.6868,7.1055,2.3684
9252,32.8977,9.8686,3.2894
9253,10.8955,3.2684,1.0894
9254,19.0142,5.7038,1.9012
9255,36.1791,10.8529,3.6175
9256,43.6060,13.0808,4.3601
9257,33.9193,10.1750,3.3916
9258,65.0072,19.5007,6.5000
9259,33.3603,10.0074,3.3357
9260,28.9822,8.6940,2.8979
9261,47.3231,14.1959,4.7318
9262,57.9597,17.3867,5.7954
9263,14.3938,4.3178,1.4392
9264,25.5837,7.6746,2.5581
9265,34.3681,10.3097,3.4364
9266,37.5543,11.2655,3.7550
9267,42.4898,12.7460,4.2485
9268,10.9800,3.2938,1.0979
9269,9.4759,2.8426,0.9475
9270,6.7759,2.0326,0.6775
9271,19.6879,5.9059,1.9686
9272,5.2054,1.5615,0.5205
9273,25.1562,7.5463,2.5153
9274,10.9012,3.2701,1.0900
9275,17.6528,5.2955,1.7651
9276,86.6343,25.9884,8.6625
9277,53.3616,16.0073,5.3356
9278,8.4972,2.5490,0.8496
9279,63.2396,18.9705,6.3233
9280,43.7176,13.1143,4.3713
9281,40.7659,12.2289,4.0762
9282,21.2708,6.3808,2.1269
9283,18.8583,5.6571,1.8856
9284,18.6033,5.5806,1.8601
9285,40.2302,12.0682,4.0226
9286,27.7857,8.3351,2.7783
9287,20.5738,6.1717,2.0572
9288,29.0932,8.7273,2.9090
9289,53.5897,16.0757,5.3584
9290,29.6478,8.8937,2.9645
9291,14.1566,4.2467,1.4155
9292,20.7023,6.2102,2.0700
9293,6.3681,1.9103,0.6367
9294,54.0355,16.2095,5.4030
9295,39.5487,11.8637,3.9544
9296,12.9723,3.8914,1.2971
9297,31.9565,9.5863,3.1953
9298,12.5747,3.7721,1.2573
9299,44.4068,13.3211,4.4402
9300,50.0632,15.0179,5.0058
9301,8.9022,2.6705,0.8901
9302,33.9072,10.1714,3.3904
9303,15.7512,4.7250,1.5750
9304,32.3741,9.7115,3.2371
9305,15.3018,4.5902,1.5300
9306,30.0430,9.0122,3.0040
9307,20.5534,6.1656,2.0551
9308,19.1860,5.7554,1.9184
9309,27.1049,8.1309,2.7102
9310,13.1598,3.9476,1.3158
9311,11.4863,3.4456,1.1485
9312,48.8326,14.6487,4.8827
9313,18.4942,5.5479,1.8492
9314,16.6784,5.0032,1.6677
9315,21.2827,6.3844,2.1280
9316,10.9958,3.2985,1.0995
9317,41.2894,12.3859,4.1285
9318,30.6988,9.2090,3.0695
9319,59.2553,17.7753,5.9249
9320,54.5629,16.3677,5.4557
9321,15.2658,4.5794,1.5264
9322,10.2758,3.0825,1.0275
9323,7.3095,2.1927,0.7309
9324,29.1183,8.7349,2.9115
9325,20.5186,6.1551,2.0516
9326,72.9960,21.8972,7.2988
9327,19.5389,5.8612,1.9537
9328,19.3008,5.7898,1.9299
9329,41.3045,12.3905,4.1300
9330,17.3077,5.1919,1.7306
9331,36.3297,10.8981,3.6326
9332,17.5748,5.2721,1.7573
9333,9.3024,2.7905,0.9301
9334,9.2691,2.7805,0.9268
9335,20.6039,6.1807,2.0602
9336,35.7946,10.7376,3.5791
9337,12.3154,3.6944,1.2314
9338,16.7580,5.0270,1.6756
9339,41.1519,12.3447,4.1147
9340,29.2364,8.7703,2.9233
9341,33.8374,10.1505,3.3834
9342,37.0571,11.1163,3.7053
9343,18.2820,5.4842,1.8280
9344,12.4132,3.7237,1.2412
9345,10.0115,3.0032,1.0010
9346,24.4235,7.3265,2.4421
9347,29.3813,8.8138,2.9378
9348,23.7785,7.1330,2.3776
9349,28.0942,8.4276,2.8091
9350,18.6117,5.5831,1.8610
9351,32.3351,9.6998,3.2332
9352,13.5210,4.0560,1.3520
9353,20.8976,6.2688,2.0895
9354,30.7877,9.2356,3.0784
9355,23.8166,7.1445,2.3814
9356,20.8603,6.2576,2.0858
9357,13.8655,4.1594,1.3864
9358,13.4638,4.0388,1.3462
9359,13.8785,4.1633,1.3877
9360,17.3700,5.2106,1.7368
9361,6.5439,1.9630,0.6543
9362,12.3437,3.7028,1.2342
9363,16.1780,4.8531,1.6176
9364,29.9177,8.9746,2.9914
9365,13.0502,3.9148,1.3049
9366,34.9849,10.4947,3.4981
9367,14.0230,4.2066,1.4021
9368,16.0312,4.8090,1.6030
9369,10.5703,3.1709,1.0569
9370,20.3385,6.1011,2.0336
9371,50.2714,15.0803,5.0266
9372,29.4322,8.8290,2.9429
9373,46.1807,13.8532,4.6176
9374,24.2206,7.2657,2.4218
9375,31.5376,9.4606,3.1534
9376,24.1444,7.2428,2.4142
9377,18.3076,5.4919,1.8306
9378,13.5678,4.0700,1.3566
9379,29.7416,8.9218,2.9738
9380,14.1565,4.2466,1.4155
9381,37.6231,11.2861,3.7619
9382,26.0767,7.8225,2.6074
9383,43.7062,13.1109,4.3701
9384,36.2891,10.8859,3.6285
9385,26.3443,7.9027,2.6341
9386,11.6747,3.5021,1.1673
9387,8.9418,2.6823,0.8941
9388,21.6134,6.4835,2.1611
9389,44.2276,13.2673,4.4223
9390,45.9390,13.7807,4.5934
9391,28.5494,8.5642,2.8546
9392,31.2143,9.3636,3.1211
9393,26.1836,7.8545,2.6181
9394,32.7393,9.8211,3.2736
9395,98.2325,29.4676,9.8222
9396,56.3898,16.9157,5.6384
9397,47.5075,14.2512,4.7502
9398,13.8713,4.1611,1.3870
9399,9.5770,2.8729,0.9576
9400,34.8629,10.4581,3.4859
9401,13.8424,4.1524,1.3841
9402,10.5246,3.1571,1.0523
9403,22.8704,6.8606,2.2868
9404,11.3728,3.4116,1.1372
9405,28.7125,8.6131,2.8709
9406,12.5723,3.7714,1.2571
9407,58.0921,17.4264,5.8086
9408,34.4512,10.3346,3.4448
9409,22.3246,6.6969,2.2322
9410,12.3272,3.6979,1.2326
9411,36.6392,10.9910,3.6635
9412,9.5984,2.8793,0.9597
9413,19.2956,5.7883,1.9294
9414,52.6050,15.7804,5.2599
9415,32.6585,9.7968,3.2655
9416,22.0410,6.6118,2.2039
9417,53.9176,16.1741,5.3912
9418,12.9656,3.8894,1.2964
9419,29.7714,8.9308,2.9768
9420,40.9550,12.2856,4.0951
9421,10.6139,3.1839,1.0613
9422,53.3764,16.0117,5.3371
9423,56.4912,16.9461,5.6485
9424,25.0602,7.5175,2.5058
9425,21.5188,6.4552,2.1516
9426,22.2660,6.6793,2.2264
9427,18.8765,5.6625,1.8874
9428,37.3606,11.2074,3.7357
9429,63.0245,18.9060,6.3018
9430,18.1186,5.4352,1.8117
9431,43.6243,13.0863,4.3620
9432,8.9690,2.6905,0.8968
9433,35.1592,10.5470,3.5155
9434,33.9556,10.1859,3.3952
9435,30.0732,9.0213,3.0070
9436,26.1108,7.8327,2.6108
9437,39.1098,11.7321,3.9106
9438,44.4376,13.3303,4.4433
9439,33.2686,9.9799,3.3265
9440,69.8331,20.9484,6.9826
9441,25.6765,7.7024,2.5674
9442,57.9847,17.3941,5.7978
9443,52.0694,15.6197,5.2064
9444,13.1848,3.9552,1.3183
9445,51.2185,15.3644,5.1213
9446,10.3397,3.1017,1.0339
9447,27.7251,8.3169,2.7722
9448,12.5559,3.7665,1.2555
9449,20.4937,6.1477,2.0491
9450,14.5941,4.3779,1.4593
9451,41.1700,12.3501,4.1166
9452,25.9189,7.7751,2.5916
9453,15.0135,4.5037,1.5012
9454,44.7569,13.4261,4.4752
9455,22.6868,6.8055,2.2684
9456,14.7276,4.4180,1.4726
9457,35.2665,10.5792,3.5263
9458,19.3618,5.8081,1.9360
9459,36.9184,11.0747,3.6914
9460,86.6999,26.0081,8.6691
9461,47.7901,14.3360,4.7785
9462,33.6150,10.0838,3.3611
9463,7.6982,2.3093,0.7697
9464,18.2938,5.4877,1.8292
9465,28.8135,8.6434,2.8810
9466,38.1786,11.4527,3.8174
9467,36.2978,10.8885,3.6294
9468,14.5404,4.3618,1.4539
9469,14.4280,4.3281,1.4426
9470,39.1770,11.7522,3.9173
9471,12.8820,3.8643,1.2881
9472,14.7285,4.4182,1.4727
9473,24.4650,7.3390,2.4462
9474,41.8683,12.5596,4.1864
9475,13.3538,4.0059,1.3352
9476,41.9576,12.5864,4.1953
9477,27.7066,8.3114,2.7704
9478,55.0030,16.4997,5.4997
9479,31.1050,9.3308,3.1102
9480,74.5110,22.3517,7.4503
9481,74.6131,22.3823,7.4605
9482,13.8902,4.1668,1.3889
9483,65.2876,19.5849,6.5281
9484,24.8487,7.4541,2.4846
9485,13.8753,4.1623,1.3874
9486,23.8797,7.1634,2.3877
9487,52.7974,15.8381,5.2792
9488,53.9476,16.1831,5.3942
9489,19.8724,5.9613,1.9870
9490,42.7505,12.8242,4.2746
9491,11.0856,3.3254,1.1084
9492,80.8949,24.2667,8.0886
9493,31.3826,9.4141,3.1379
9494,33.5724,10.0710,3.3569
9495,34.5932,10.3772,3.4589
9496,70.6698,21.1994,7.0662
9497,15.1271,4.5378,1.5126
9498,3.9393,1.1817,0.3939
9499,33.6508,10.0945,3.3647
9500,5.1612,1.5482,0.5161
9501,41.7021,12.5097,4.1698
9502,29.9620,8.9879,2.9959
9503,35.5072,10.6514,3.5503
9504,19.1335,5.7396,1.9131
9505,20.4312,6.1289,2.0429
9506,42.4058,12.7208,4.2401
9507,55.5262,16.6567,5.5520
9508,11.1341,3.3400,1.1133
9509,5.9417,1.7824,0.5941
9510,48.3035,14.4900,4.8298
9511,38.3112,11.4925,3.8307
9512,35.4253,10.6268,3.5422
9513,22.9631,6.8884,2.2961
9514,34.4314,10.3287,3.4428
9515,9.4931,2.8477,0.9492
9516,28.3807,8.5136,2.8378
9517,13.8409,4.1520,1.3839
9518,8.2296,2.4687,0.8229
9519,6.4768,1.9429,0.6476
9520,35.6562,10.6961,3.5652
9521,59.2563,17.7756,5.9250
9522,12.3902,3.7168,1.2389
9523,28.9126,8.6732,2.8910
9524,45.7605,13.7271,4.5756
9525,7.7801,2.3339,0.7779
9526,11.9740,3.5919,1.1973
9527,44.3986,13.3186,4.4394
9528,70.2969,21.0875,7.0289
9529,27.4666,8.2394,2.7464
9530,20.3883,6.1161,2.0386
9531,70.7349,21.2189,7.0727
9532,58.2686,17.4793,5.8262
9533,26.0831,7.8244,2.6080
9534,18.3782,5.5130,1.8376
9535,29.8913,8.9667,2.9888
9536,25.0418,7.5120,2.5039
9537,47.9976,14.3982,4.7992
9538,38.7590,11.6269,3.8755
9539,20.0284,6.0081,2.0026
9540,12.6064,3.7816,1.2605
9541,31.1026,9.3301,3.1099
9542,47.4721,14.2406,4.7467
9543,39.5532,11.8651,3.9549
9544,20.1563,6.0464,2.0154
9545,14.7278,4.4180,1.4726
9546,9.5307,2.8590,0.9530
9547,19.3379,5.8010,1.9336
9548,5.9386,1.7814,0.5938
9549,13.7055,4.1113,1.3704
9550,15.9431,4.7826,1.5941
9551,25.2156,7.5641,2.5213
9552,39.2669,11.7792,3.9263
9553,46.7882,14.0354,4.6783
9554,30.0918,9.0269,3.0089
9555,17.2034,5.1606,1.7202
9556,13.9100,4.1727,1.3909
9557,52.4153,15.7235,5.2410
9558,15.1087,4.5323,1.5107
9559,22.4564,6.7364,2.2454
9560,29.6370,8.8905,2.9634
9561,29.5437,8.8625,2.9540
9562,28.9196,8.6752,2.8916
9563,5.5529,1.6658,0.5552
9564,11.6291,3.4885,1.1628
9565,9.0668,2.7199,0.9066
9566,38.5952,11.5777,3.8591
9567,32.9039,9.8704,3.2900
9568,63.4221,19.0252,6.3415
9569,12.0149,3.6042,1.2014
9570,7.0974,2.1291,0.7097
9571,12.8998,3.8697,1.2898
9572,50.9155,15.2735,5.0910
9573,38.1210,11.4355,3.8117
9574,17.0271,5.1078,1.7025
9575,14.9018,4.4702,1.4900
9576,52.0933,15.6268,5.2088
9577,28.8031,8.6403,2.8800
9578,22.0221,6.6061,2.2020
9579,12.3513,3.7051,1.2350
9580,31.2610,9.3776,3.1258
9581,31.2261,9.3671,3.1223
9582,15.4746,4.6420,1.5473
9583,10.8072,3.2419,1.0806
9584,17.1224,5.1363,1.7121
9585,29.3764,8.8123,2.9373
9586,8.8758,2.6626,0.8875
9587,8.8607,2.6580,0.8860
9588,63.5730,19.0705,6.3566
9589,38.8845,11.6645,3.8880
9590,84.6104,25.3813,8.4601
9591,63.3858,19.0143,6.3379
9592,14.2811,4.2840,1.4280
9593,45.4644,13.6383,4.5460
9594,30.9904,9.2965,3.0987
9595,62.6893,18.8054,6.2683
9596,25.8665,7.7594,2.5864
9597,14.5135,4.3537,1.4512
9598,42.2171,12.6642,4.2213
9599,12.6036,3.7808,1.2602
9600,55.5820,16.6734,5.5576
9601,42.2461,12.6729,4.2242
9602,46.5502,13.9640,4.6545
9603,45.2011,13.5594,4.5196
9604,24.2686,7.2800,2.4266
9605,21.5790,6.4732,2.1577
9606,28.9192,8.6751,2.8916
9607,39.5909,11.8764,3.9587
9608,48.7986,14.6385,4.8793
9609,12.0644,3.6191,1.2063
9610,12.0981,3.6292,1.2097
9611,12.4469,3.7338,1.2446
9612,27.5313,8.2588,2.7528
9613,38.1704,11.4503,3.8166
9614,10.5745,3.1721,1.0573
9615,55.0806,16.5230,5.5075
9616,38.7363,11.6201,3.8732
9617,26.0283,7.8079,2.6026
9618,27.9765,8.3923,2.7974
9619,28.8143,8.6437,2.8811
9620,103.0674,30.9180,10.3056
9621,36.3715,10.9107,3.6368
9622,39.1279,11.7375,3.9124
9623,21.0334,6.3096,2.1031
9624,7.9288,2.3785,0.7928
9625,30.1070,9.0314,3.0104
9626,49.7712,14.9303,4.9766
9627,8.6929,2.6077,0.8692
9628,19.0190,5.7053,1.9017
9629,32.0778,9.6226,3.2074
9630,15.7646,4.7290,1.5763
9631,16.9343,5.0799,1.6932
9632,41.0055,12.3007,4.1001
9633,42.2148,12.6635,4.2210
9634,18.0960,5.4284,1.8094
9635,30.7756,9.2320,3.0772
9636,12.7930,3.8376,1.2792
9637,50.3568,15.1060,5.0351
9638,9.2519,2.7754,0.9251
9639,34.1238,10.2364,3.4120
9640,35.0257,10.5070,3.5022
9641,36.6534,10.9952,3.6649
9642,21.8329,6.5494,2.1831
9643,37.5801,11.2732,3.7576
9644,42.9263,12.8770,4.2922
9645,21.4674,6.4397,2.1465
9646,29.7983,8.9389,2.9795
9647,24.8369,7.4505,2.4834
9648,9.9141,2.9740,0.9913
9649,44.0632,13.2180,4.4058
9650,43.1617,12.9476,4.3157
9651,49.3491,14.8036,4.9344
9652,19.8627,5.9584,1.9861
9653,77.2754,23.1809,7.7267
9654,16.0533,4.8156,1.6052
9655,46.3657,13.9087,4.6361
9656,9.9490,2.9845,0.9948
9657,18.0530,5.4155,1.8051
9658,17.6760,5.3024,1.7674
9659,20.2045,6.0609,2.0202
9660,37.6080,11.2816,3.7604
9661,43.0079,12.9014,4.3003
9662,14.3989,4.3194,1.4397
9663,42.6290,12.7878,4.2624
9664,15.3848,4.6151,1.5383
9665,21.1663,6.3494,2.1164
9666,22.0953,6.6281,2.2093
9667,23.4119,7.0231,2.3409
9668,60.3710,18.1100,6.0365
9669,34.7375,10.4205,3.4734
9670,34.9680,10.4896,3.4964
9671,11.2527,3.3756,1.1252
9672,15.0039,4.5008,1.5002
9673,21.1391,6.3413,2.1137
9674,40.7748,12.2316,4.0770
9675,31.3808,9.4136,3.1377
9676,13.9061,4.1715,1.3905
9677,14.5377,4.3610,1.4536
9678,20.0469,6.0136,2.0045
9679,47.2754,14.1816,4.7270
9680,11.0304,3.3089,1.1029
9681,11.2085,3.3623,1.1207
9682,19.5268,5.8576,1.9525
9683,20.6931,6.2075,2.0691
9684,18.6768,5.6026,1.8675
9685,38.0800,11.4232,3.8076
9686,25.3551,7.6060,2.5352
9687,37.6513,11.2946,3.7647
9688,44.8767,13.4620,4.4872
9689,30.8039,9.2405,3.0801
9690,22.3363,6.7004,2.2334
9691,54.7695,16.4297,5.4764
9692,35.7195,10.7151,3.5716
9693,33.2625,9.9780,3.3259
9694,12.2121,3.6634,1.2211
9695,29.2878,8.7857,2.9285
9696,51.1805,15.3530,5.1175
9697,32.1824,9.6540,3.2179
9698,13.3791,4.0134,1.3378
9699,13.6418,4.0922,1.3640
9700,15.5299,4.6586,1.5528
9701,38.9914,11.6966,3.8987
9702,42.4011,12.7194,4.2397
9703,20.6569,6.1966,2.0655
9704,26.4883,7.9459,2.6485
9705,17.1072,5.1318,1.7105
9706,29.5837,8.8745,2.9581
9707,14.7203,4.4158,1.4719
9708,10.6792,3.2035,1.0678
9709,16.5452,4.9632,1.6543
9710,36.2959,10.8880,3.6292
9711,12.4637,3.7388,1.2462
9712,55.5951,16.6773,5.5589
9713,35.3675,10.6095,3.5364
9714,13.0810,3.9240,1.3080
9715,31.1988,9.3590,3.1195
9716,26.9854,8.0950,2.6983
9717,29.6540,8.8956,2.9651
9718,30.0856,9.0250,3.0082
9719,38.3015,11.4896,3.8297
9720,11.5353,3.4603,1.1534
9721,40.4299,12.1281,4.0426
9722,19.5598,5.8675,1.9558
9723,18.1254,5.4372,1.8123
9724,32.6828,9.8041,3.2679
9725,49.5908,14.8762,4.9585
9726,6.8889,2.0665,0.6888
9727,15.4075,4.6219,1.5406
9728,16.5271,4.9578,1.6525
9729,24.2973,7.2886,2.4295
9730,10.0730,3.0217,1.0072
9731,16.6928,5.0075,1.6691
9732,41.4006,12.4193,4.1396
9733,30.2656,9.0790,3.0262
9734,29.2032,8.7603,2.9200
9735,56.3720,16.9104,5.6366
9736,43.7986,13.1386,4.3794
9737,19.2988,5.7892,1.9297
9738,12.0297,3.6087,1.2028
9739,20.5462,6.1634,2.0544
9740,30.3580,9.1067,3.0355
9741,25.9474,7.7836,2.5945
9742,39.4242,11.8264,3.9420
9743,37.5424,11.2619,3.7538
9744,51.8864,15.5648,5.1881
9745,18.3105,5.4927,1.8308
9746,62.9559,18.8854,6.2949
9747,37.3409,11.2015,3.7337
9748,38.1098,11.4321,3.8106
9749,26.6215,7.9859,2.6619
9750,26.8002,8.0395,2.6797
9751,72.9358,21.8791,7.2928
9752,15.4860,4.6454,1.5484
9753,55.4643,16.6381,5.5458
9754,45.5416,13.6615,4.5537
9755,23.1279,6.9379,2.3125
9756,38.5670,11.5693,3.8563
9757,29.8868,8.9654,2.9884
9758,16.2875,4.8859,1.6286
9759,42.8302,12.8481,4.2826
9760,48.3684,14.5094,4.8363
9761,85.8025,25.7389,8.5793
9762,9.3811,2.8141,0.9380
9763,24.3884,7.3160,2.4386
9764,23.3056,6.9912,2.3303
9765,24.8902,7.4665,2.4888
9766,37.6953,11.3078,3.7691
9767,29.0615,8.7178,2.9058
9768,15.8343,4.7500,1.5833
9769,15.4449,4.6331,1.5443
9770,22.0422,6.6122,2.2040
9771,14.4254,4.3273,1.4424
9772,9.9729,2.9916,0.9972
9773,16.7587,5.0273,1.6757
9774,14.3332,4.2997,1.4332
9775,16.7720,5.0312,1.6770
9776,12.1211,3.6361,1.2120
9777,62.4789,18.7423,6.2472
9778,22.6509,6.7948,2.2648
9779,5.3781,1.6133,0.5378
9780,49.7361,14.9198,4.9731
9781,64.8002,19.4386,6.4793
9782,8.3125,2.4936,0.8312
9783,28.9547,8.6858,2.8952
9784,30.1947,9.0577,3.0191
9785,50.3743,15.1112,5.0369
9786,47.7116,14.3124,4.7706
9787,23.7914,7.1369,2.3789
9788,22.0503,6.6146,2.2048
9789,25.1022,7.5301,2.5100
9790,45.4999,13.6490,4.5495
9791,32.3547,9.7057,3.2351
9792,12.6424,3.7925,1.2641
9793,38.9184,11.6747,3.8914
9794,11.9146,3.5741,1.1913
9795,39.7357,11.9199,3.9731
9796,17.7397,5.3215,1.7738
9797,14.3294,4.2985,1.4328
9798,21.3077,6.3918,2.1305
9799,12.2996,3.6896,1.2298
9800,15.4185,4.6252,1.5417
9801,27.2912,8.1868,2.7288
9802,40.3456,12.1028,4.0341
9803,50.4289,15.1276,5.0423
9804,14.5179,4.3551,1.4516
9805,58.9264,17.6766,5.8920
9806,14.6161,4.3845,1.4615
9807,12.1283,3.6382,1.2127
9808,33.6817,10.1038,3.3678
9809,28.8385,8.6509,2.8835
9810,11.9920,3.5973,1.1991
9811,28.1485,8.4439,2.8146
9812,29.5761,8.8722,2.9573
9813,17.2364,5.1705,1.7235
9814,79.9521,23.9839,7.9944
9815,28.6191,8.5851,2.8616
9816,33.1526,9.9450,3.3149
9817,26.2337,7.8695,2.6231
9818,29.3994,8.8192,2.9396
9819,66.5836,19.9736,6.6576
9820,17.8157,5.3443,1.7814
9821,12.3980,3.7191,1.2397
9822,56.6762,17.0016,5.6670
9823,47.3689,14.2096,4.7364
9824,16.0217,4.8062,1.6020
9825,36.5886,10.9758,3.6585
9826,7.5692,2.2706,0.7568
9827,9.0499,2.7148,0.9049
9828,13.2872,3.9859,1.3286
9829,25.9807,7.7937,2.5978
9830,16.2604,4.8778,1.6259
9831,14.6646,4.3990,1.4663
9832,28.7714,8.6308,2.8768
9833,15.4572,4.6368,1.5456
9834,10.7119,3.2133,1.0711
9835,29.9951,8.9979,2.9992
9836,42.4925,12.7468,4.2488
9837,6.3813,1.9143,0.6381
9838,9.1207,2.7360,0.9120
9839,46.2882,13.8854,4.6283
9840,9.5241,2.8570,0.9523
9841,39.7439,11.9223,3.9740
9842,26.3380,7.9008,2.6335
9843,73.7486,22.1230,7.3741
9844,20.0830,6.0245,2.0081
9845,36.5144,10.9535,3.6510
9846,35.5432,10.6622,3.5539
9847,16.0113,4.8030,1.6010
9848,28.3803,8.5135,2.8377
9849,40.1576,12.0464,4.0153
9850,66.8364,20.0495,6.6829
9851,36.8380,11.0506,3.6834
9852,14.4837,4.3448,1.4482
9853,90.8284,27.2465,9.0819
9854,33.4239,10.0264,3.3420
9855,65.3736,19.6107,6.5367
9856,28.4991,8.5491,2.8496
9857,37.6846,11.3046,3.7681
9858,34.6961,10.4081,3.4692
9859,40.8295,12.2479,4.0825
9860,23.9447,7.1829,2.3942
9861,14.3681,4.3101,1.4367
9862,9.3088,2.7924,0.9308
9863,32.2091,9.6620,3.2206
9864,16.0534,4.8157,1.6052
9865,23.2888,6.9861,2.3286
9866,43.8303,13.1481,4.3826
9867,69.3579,20.8059,6.9350
9868,31.3106,9.3925,3.1307
9869,44.3030,13.2899,4.4298
9870,13.3573,4.0069,1.3356
9871,51.5347,15.4593,5.1529
9872,12.7895,3.8366,1.2788
9873,31.5295,9.4582,3.1526
9874,12.0797,3.6237,1.2078
9875,16.0249,4.8071,1.6023
9876,5.8578,1.7572,0.5857
9877,26.2977,7.8887,2.6295
9878,45.0664,13.5189,4.5062
9879,63.3013,18.9890,6.3295
9880,41.3464,12.4030,4.1342
9881,17.4197,5.2255,1.7418
9882,27.1801,8.1534,2.7177
9883,16.2066,4.8616,1.6205
9884,57.9906,17.3959,5.7984
9885,38.5396,11.5610,3.8535
9886,22.6856,6.8052,2.2683
9887,10.8261,3.2476,1.0825
9888,7.1254,2.1375,0.7125
9889,34.9861,10.4951,3.4982
9890,51.3130,15.3928,5.1307
9891,14.1521,4.2453,1.4151
9892,15.0353,4.5103,1.5034
9893,30.4347,9.1298,3.0431
9894,30.9822,9.2940,3.0979
9895,13.4996,4.0496,1.3498
9896,19.0112,5.7029,1.9009
9897,23.4550,7.0360,2.3452
9898,27.8272,8.3475,2.7824
9899,21.0754,6.3222,2.1073
9900,36.8880,11.0656,3.6884
9901,32.0824,9.6240,3.2079
9902,26.0406,7.8116,2.6038
9903,14.6150,4.3842,1.4613
9904,25.1358,7.5402,2.5133
9905,62.5098,18.7516,6.2503
9906,18.0112,5.4030,1.8009
9907,16.1954,4.8583,1.6194
9908,21.7213,6.5159,2.1719
9909,77.3136,23.1924,7.7305
9910,12.1837,3.6548,1.2182
9911,46.2352,13.8696,4.6230
9912,35.1524,10.5449,3.5149
9913,17.7925,5.3374,1.7791
9914,42.5530,12.7650,4.2548
9915,46.5930,13.9769,4.6588
9916,14.6099,4.3827,1.4608
9917,18.8802,5.6636,1.8878
9918,24.1915,7.2569,2.4189
9919,17.0170,5.1047,1.7015
9920,41.2741,12.3813,4.1270
9921,61.6917,18.5062,6.1685
9922,11.3162,3.3946,1.1315
9923,68.1150,20.4330,6.8108
9924,20.7904,6.2367,2.0788
9925,37.8708,11.3604,3.7867
9926,39.2817,11.7836,3.9277
9927,35.3957,10.6179,3.5392
9928,61.4175,18.4239,6.1411
9929,52.0312,15.6082,5.2026
9930,34.3572,10.3064,3.4354
9931,19.7083,5.9121,1.9706
9932,14.2267,4.2677,1.4225
9933,23.5205,7.0556,2.3518
9934,22.5607,6.7677,2.2558
9935,44.4600,13.3370,4.4455
9936,36.7533,11.0252,3.6749
9937,19.8845,5.9649,1.9882
9938,43.3355,12.9997,4.3331
9939,41.7858,12.5348,4.1781
9940,35.1844,10.5546,3.5181
9941,17.8740,5.3618,1.7872
9942,9.9607,2.9880,0.9960
9943,18.5847,5.5750,1.8583
9944,91.5910,27.4753,9.1581
9945,30.9165,9.2743,3.0913
9946,15.5913,4.6771,1.5590
9947,11.1951,3.3583,1.1194
9948,7.2739,2.1820,0.7273
9949,42.2811,12.6834,4.2277
9950,24.4710,7.3408,2.4468
9951,47.1334,14.1390,4.7128
9952,16.8386,5.0512,1.6837
9953,71.0325,21.3082,7.1025
9954,34.2611,10.2776,3.4257
9955,85.9100,25.7711,8.5901
9956,21.9946,6.5979,2.1992
9957,13.2058,3.9615,1.3204
9958,33.4020,10.0199,3.3398
9959,7.0140,2.1040,0.7013
9960,13.8148,4.1441,1.3813
9961,11.6619,3.4983,1.1661
9962,15.1597,4.5476,1.5158
9963,35.8617,10.7577,3.5858
9964,38.5434,11.5622,3.8539
9965,33.7749,10.1317,3.3771
9966,14.7107,4.4129,1.4709
9967,49.0344,14.7093,4.9029
9968,44.2772,13.2822,4.4272
9969,32.3558,9.7060,3.2352
9970,43.5954,13.0777,4.3591
9971,33.1985,9.9588,3.3195
9972,41.0657,12.3188,4.1061
9973,29.5833,8.8743,2.9580
9974,54.3926,16.3166,5.4387
9975,44.3805,13.3132,4.4376
9976,45.4325,13.6288,4.5428
9977,8.0444,2.4132,0.8044
9978,48.7044,14.6103,4.8699
9979,20.0690,6.0202,2.0067
9980,28.8930,8.6673,2.8890
9981,15.8504,4.7548,1.5849
9982,31.1498,9.3443,3.1146
9983,12.6819,3.8043,1.2680
9984,40.4692,12.1399,4.0465
9985,15.5863,4.6756,1.5585
9986,48.9010,14.6692,4.8896
9987,43.1966,12.9580,4.3192
9988,31.8084,9.5418,3.1805
9989,30.2497,9.0742,3.0246
9990,44.2480,13.2734,4.4243
9991,32.5083,9.7518,3.2505
9992,9.9372,2.9809,0.9936
9993,42.0972,12.6282,4.2093
9994,6.7406,2.0220,0.6740
9995,41.7113,12.5125,4.1707
9996,8.2715,2.4813,0.8271
9997,25.5523,7.6651,2.5550
9998,36.8450,11.0527,3.6841
9999,39.4442,11.8324,3.9440
